article_id,batch_id,category,status,primary_keyword,secondary_keywords,search_intent,working_title,slug,output_path,parent_hub,local_scope,requires_sources,source_policy,internal_link_targets,commercial_link_target,agent_retrieval,author,score,quality_status,repair_attempts,published_date,last_checked,notes
BA-0001,B01,APP,PUBLISHED,app thuê xe máy là gì,App & Ứng dụng; app thuê xe máy là gì,informational-product,App Thuê xe Máy là gì,app-thue-xe-may-la-gi,blog/app/app-thue-xe-may-la-gi/index.html,blog/app/,,no,no-external,blog/app/; /,none,yes,MotoAI Editorial,,,0,2026-09-26,2026-09-26,pilot/fixture
BA-0002,B01,RENT,PLANNED,thuê xe máy giá rẻ,Thuê xe máy; thuê xe máy giá rẻ,commercial-informational,Thuê xe Máy Giá rẻ,thue-xe-may-gia-re,blog/thue-xe/thue-xe-may-gia-re/index.html,blog/thue-xe/,,no,no-external,blog/thue-xe/; /,none,yes,MotoAI Editorial,,,0,,,
BA-0003,B01,EV,PLANNED,app thuê xe điện,Xe điện / xe máy điện; app thuê xe điện,informational-product,App Thuê xe Điện,app-thue-xe-dien,blog/xe-dien/app-thue-xe-dien/index.html,blog/xe-dien/,,no,no-external,blog/xe-dien/; /,none,yes,MotoAI Editorial,,,0,,,
BA-0004,B01,GUIDE,PUBLISHED,thủ tục thuê xe máy,Hướng dẫn / thủ tục; thủ tục thuê xe máy,informational,Thủ Tục Thuê xe Máy,thu-tuc-thue-xe-may,blog/huong-dan/thu-tuc-thue-xe-may/index.html,blog/huong-dan/,,no,no-external,blog/huong-dan/; /,none,yes,MotoAI Editorial,,,0,2026-09-26,2026-09-26,pilot/fixture
BA-0005,B01,SAFE,PLANNED,luật giao thông đường bộ cơ bản,An toàn / pháp lý; luật giao thông đường bộ cơ bản,informational-legal,Luật Giao Thông Đường bộ cơ Bản,luat-giao-thong-duong-bo-co-ban,blog/an-toan/luat-giao-thong-duong-bo-co-ban/index.html,blog/an-toan/,,yes,legal-gate,blog/an-toan/; /,none,no,MotoAI Editorial,,,0,,,legal-gate: CLAIM->SUBJECT->CONDITION->RULE->VERSION->PRIMARY SOURCE required
BA-0006,B01,LOCAL,PLANNED,thuê xe máy quanh long biên,Địa phương / du lịch; thuê xe máy quanh long biên,local-informational,Thuê xe Máy Quanh Long Biên,thue-xe-may-quanh-long-bien,blog/dia-phuong/thue-xe-may-quanh-long-bien/index.html,blog/dia-phuong/,Long Biên,no,no-external,blog/dia-phuong/; /,none,yes,MotoAI Editorial,,,0,,,
BA-0007,B01,APP,PLANNED,cách dùng ứng dụng thuê xe máy,App & Ứng dụng; cách dùng ứng dụng thuê xe máy,informational-product,Cách Dùng Ứng Dụng Thuê xe Máy,cach-dung-ung-dung-thue-xe-may,blog/app/cach-dung-ung-dung-thue-xe-may/index.html,blog/app/,,no,no-external,blog/app/; /,none,yes,MotoAI Editorial,,,0,,,
BA-0008,B01,RENT,PLANNED,giá thuê xe máy theo ngày,Thuê xe máy; giá thuê xe máy theo ngày,commercial-informational,Giá Thuê xe Máy Theo Ngày,gia-thue-xe-may-theo-ngay,blog/thue-xe/gia-thue-xe-may-theo-ngay/index.html,blog/thue-xe/,,no,no-external,blog/thue-xe/; /,none,yes,MotoAI Editorial,,,0,,,
BA-0009,B01,EV,PLANNED,ứng dụng thuê xe máy điện,Xe điện / xe máy điện; ứng dụng thuê xe máy điện,informational-product,Ứng Dụng Thuê xe Máy Điện,ung-dung-thue-xe-may-dien,blog/xe-dien/ung-dung-thue-xe-may-dien/index.html,blog/xe-dien/,,no,no-external,blog/xe-dien/; /,none,yes,MotoAI Editorial,,,0,,,
BA-0010,B01,GUIDE,PLANNED,giấy tờ cần khi thuê xe,Hướng dẫn / thủ tục; giấy tờ cần khi thuê xe,informational,Giấy tờ Cần Khi Thuê xe,giay-to-can-khi-thue-xe,blog/huong-dan/giay-to-can-khi-thue-xe/index.html,blog/huong-dan/,,no,no-external,blog/huong-dan/; /,none,yes,MotoAI Editorial,,,0,,,
BA-0011,B01,SAFE,PLANNED,nồng độ cồn khi lái xe,An toàn / pháp lý; nồng độ cồn khi lái xe,informational-legal,Nồng độ Cồn Khi Lái xe,nong-do-con-khi-lai-xe,blog/an-toan/nong-do-con-khi-lai-xe/index.html,blog/an-toan/,,yes,legal-gate,blog/an-toan/; /,none,no,MotoAI Editorial,,,0,,,legal-gate: CLAIM->SUBJECT->CONDITION->RULE->VERSION->PRIMARY SOURCE required
BA-0012,B01,LOCAL,PLANNED,đi phố cổ bằng xe máy,Địa phương / du lịch; đi phố cổ bằng xe máy,local-informational,đi Phố cổ Bằng xe Máy,di-pho-co-bang-xe-may,blog/dia-phuong/di-pho-co-bang-xe-may/index.html,blog/dia-phuong/,Phố cổ,no,no-external,blog/dia-phuong/; /,none,yes,MotoAI Editorial,,,0,,,
BA-0013,B01,APP,PLANNED,ứng dụng thuê xe có an toàn không,App & Ứng dụng; ứng dụng thuê xe có an toàn không,informational-product,Ứng Dụng Thuê xe có an Toàn Không,ung-dung-thue-xe-co-an-toan-khong,blog/app/ung-dung-thue-xe-co-an-toan-khong/index.html,blog/app/,,no,no-external,blog/app/; /,none,yes,MotoAI Editorial,,,0,,,
BA-0014,B01,RENT,PLANNED,thuê xe máy theo tuần,Thuê xe máy; thuê xe máy theo tuần,commercial-informational,Thuê xe Máy Theo Tuần,thue-xe-may-theo-tuan,blog/thue-xe/thue-xe-may-theo-tuan/index.html,blog/thue-xe/,,no,no-external,blog/thue-xe/; /,none,yes,MotoAI Editorial,,,0,,,
BA-0015,B01,EV,PLANNED,chọn xe điện phù hợp,Xe điện / xe máy điện; chọn xe điện phù hợp,informational-product,Chọn xe Điện Phù Hợp,chon-xe-dien-phu-hop,blog/xe-dien/chon-xe-dien-phu-hop/index.html,blog/xe-dien/,,no,no-external,blog/xe-dien/; /,none,yes,MotoAI Editorial,,,0,,,
BA-0016,B01,GUIDE,PLANNED,hướng dẫn đặt xe nhanh,Hướng dẫn / thủ tục; hướng dẫn đặt xe nhanh,informational,Hướng Dẫn Đặt xe Nhanh,huong-dan-dat-xe-nhanh,blog/huong-dan/huong-dan-dat-xe-nhanh/index.html,blog/huong-dan/,,no,no-external,blog/huong-dan/; /,none,yes,MotoAI Editorial,,,0,,,
BA-0017,B01,SAFE,PLANNED,mũ bảo hiểm chuẩn,An toàn / pháp lý; mũ bảo hiểm chuẩn,informational-legal,mũ Bảo Hiểm Chuẩn,mu-bao-hiem-chuan,blog/an-toan/mu-bao-hiem-chuan/index.html,blog/an-toan/,,yes,legal-gate,blog/an-toan/; /,none,no,MotoAI Editorial,,,0,,,legal-gate: CLAIM->SUBJECT->CONDITION->RULE->VERSION->PRIMARY SOURCE required
BA-0018,B01,LOCAL,PLANNED,du lịch hoàn kiếm bằng xe máy,Địa phương / du lịch; du lịch hoàn kiếm bằng xe máy,local-informational,du Lịch Hoàn Kiếm Bằng xe Máy,du-lich-hoan-kiem-bang-xe-may,blog/dia-phuong/du-lich-hoan-kiem-bang-xe-may/index.html,blog/dia-phuong/,Hoàn Kiếm,no,no-external,blog/dia-phuong/; /,none,yes,MotoAI Editorial,,,0,,,
BA-0019,B01,APP,PLANNED,cách tính giá thuê xe bằng app,App & Ứng dụng; cách tính giá thuê xe bằng app,informational-product,Cách Tính Giá Thuê xe Bằng App,cach-tinh-gia-thue-xe-bang-app,blog/app/cach-tinh-gia-thue-xe-bang-app/index.html,blog/app/,,no,no-external,blog/app/; /,none,yes,MotoAI Editorial,,,0,,,
BA-0020,B01,RENT,PLANNED,thuê xe máy theo tháng,Thuê xe máy; thuê xe máy theo tháng,commercial-informational,Thuê xe Máy Theo Tháng,thue-xe-may-theo-thang,blog/thue-xe/thue-xe-may-theo-thang/index.html,blog/thue-xe/,,no,no-external,blog/thue-xe/; /,none,yes,MotoAI Editorial,,,0,,,
BA-0021,B01,EV,PLANNED,thuê xe điện theo ngày,Xe điện / xe máy điện; thuê xe điện theo ngày,informational-product,Thuê xe Điện Theo Ngày,thue-xe-dien-theo-ngay,blog/xe-dien/thue-xe-dien-theo-ngay/index.html,blog/xe-dien/,,no,no-external,blog/xe-dien/; /,none,yes,MotoAI Editorial,,,0,,,
BA-0022,B01,GUIDE,PLANNED,quy trình nhận xe,Hướng dẫn / thủ tục; quy trình nhận xe,informational,Quy Trình Nhận xe,quy-trinh-nhan-xe,blog/huong-dan/quy-trinh-nhan-xe/index.html,blog/huong-dan/,,no,no-external,blog/huong-dan/; /,none,yes,MotoAI Editorial,,,0,,,
BA-0023,B01,SAFE,PLANNED,tốc độ cho phép trong phố,An toàn / pháp lý; tốc độ cho phép trong phố,informational-legal,Tốc độ Cho Phép Trong Phố,toc-do-cho-phep-trong-pho,blog/an-toan/toc-do-cho-phep-trong-pho/index.html,blog/an-toan/,,yes,legal-gate,blog/an-toan/; /,none,no,MotoAI Editorial,,,0,,,legal-gate: CLAIM->SUBJECT->CONDITION->RULE->VERSION->PRIMARY SOURCE required
BA-0024,B01,LOCAL,PLANNED,hồ tây và xe máy,Địa phương / du lịch; hồ tây và xe máy,local-informational,hồ Tây và xe Máy,ho-tay-va-xe-may,blog/dia-phuong/ho-tay-va-xe-may/index.html,blog/dia-phuong/,hồ Tây,no,no-external,blog/dia-phuong/; /,none,yes,MotoAI Editorial,,,0,,,
BA-0025,B01,APP,PLANNED,chọn xe bằng Agent,App & Ứng dụng; chọn xe bằng Agent,informational-product,Chọn xe Bằng Agent,chon-xe-bang-agent,blog/app/chon-xe-bang-agent/index.html,blog/app/,,no,no-external,blog/app/; /,none,yes,MotoAI Editorial,,,0,,,
BA-0026,B01,RENT,PLANNED,cho thuê xe máy thủ tục đơn giản,Thuê xe máy; cho thuê xe máy thủ tục đơn giản,commercial-informational,Cho Thuê xe Máy Thủ Tục Đơn Giản,cho-thue-xe-may-thu-tuc-don-gian,blog/thue-xe/cho-thue-xe-may-thu-tuc-don-gian/index.html,blog/thue-xe/,,no,no-external,blog/thue-xe/; /,none,yes,MotoAI Editorial,,,0,,,
BA-0027,B01,EV,PLANNED,thuê xe điện dài ngày,Xe điện / xe máy điện; thuê xe điện dài ngày,informational-product,Thuê xe Điện Dài Ngày,thue-xe-dien-dai-ngay,blog/xe-dien/thue-xe-dien-dai-ngay/index.html,blog/xe-dien/,,no,no-external,blog/xe-dien/; /,none,yes,MotoAI Editorial,,,0,,,
BA-0028,B01,GUIDE,PLANNED,quy trình trả xe,Hướng dẫn / thủ tục; quy trình trả xe,informational,Quy Trình Trả xe,quy-trinh-tra-xe,blog/huong-dan/quy-trinh-tra-xe/index.html,blog/huong-dan/,,no,no-external,blog/huong-dan/; /,none,yes,MotoAI Editorial,,,0,,,
BA-0029,B01,SAFE,PLANNED,đi xe không giấy phép,An toàn / pháp lý; đi xe không giấy phép,informational-legal,đi xe Không Giấy Phép,di-xe-khong-giay-phep,blog/an-toan/di-xe-khong-giay-phep/index.html,blog/an-toan/,,yes,legal-gate,blog/an-toan/; /,none,no,MotoAI Editorial,,,0,,,legal-gate: CLAIM->SUBJECT->CONDITION->RULE->VERSION->PRIMARY SOURCE required
BA-0030,B01,LOCAL,PLANNED,ba đình xe máy phượng,Địa phương / du lịch; ba đình xe máy phượng,local-informational,ba Đình xe Máy Phượng,ba-dinh-xe-may-phuong,blog/dia-phuong/ba-dinh-xe-may-phuong/index.html,blog/dia-phuong/,ba Đình,no,no-external,blog/dia-phuong/; /,none,yes,MotoAI Editorial,,,0,,,
BA-0031,B01,APP,PLANNED,thuê xe online như thế nào,App & Ứng dụng; thuê xe online như thế nào,informational-product,Thuê xe Online Như Thế Nào,thue-xe-online-nhu-the-nao,blog/app/thue-xe-online-nhu-the-nao/index.html,blog/app/,,no,no-external,blog/app/; /,none,yes,MotoAI Editorial,,,0,,,
BA-0032,B01,RENT,PLANNED,thuê xe số,Thuê xe máy; thuê xe số,commercial-informational,Thuê xe số,thue-xe-so,blog/thue-xe/thue-xe-so/index.html,blog/thue-xe/,,no,no-external,blog/thue-xe/; /,none,yes,MotoAI Editorial,,,0,,,
BA-0033,B01,EV,PLANNED,pin của xe máy điện,Xe điện / xe máy điện; pin của xe máy điện,informational-product,Pin Của xe Máy Điện,pin-cua-xe-may-dien,blog/xe-dien/pin-cua-xe-may-dien/index.html,blog/xe-dien/,,no,no-external,blog/xe-dien/; /,none,yes,MotoAI Editorial,,,0,,,
BA-0034,B01,GUIDE,PLANNED,kiểm tra xe khi nhận,Hướng dẫn / thủ tục; kiểm tra xe khi nhận,informational,Kiểm Tra xe Khi Nhận,kiem-tra-xe-khi-nhan,blog/huong-dan/kiem-tra-xe-khi-nhan/index.html,blog/huong-dan/,,no,no-external,blog/huong-dan/; /,none,yes,MotoAI Editorial,,,0,,,
BA-0035,B01,SAFE,PLANNED,bằng lái a1 a2 khác gì,An toàn / pháp lý; bằng lái a1 a2 khác gì,informational-legal,Bằng Lái a1 a2 Khác gì,bang-lai-a1-a2-khac-gi,blog/an-toan/bang-lai-a1-a2-khac-gi/index.html,blog/an-toan/,,yes,legal-gate,blog/an-toan/; /,none,no,MotoAI Editorial,,,0,,,legal-gate: CLAIM->SUBJECT->CONDITION->RULE->VERSION->PRIMARY SOURCE required
BA-0036,B01,LOCAL,PLANNED,cầu giấy đi xe máy,Địa phương / du lịch; cầu giấy đi xe máy,local-informational,Cầu Giấy đi xe Máy,cau-giay-di-xe-may,blog/dia-phuong/cau-giay-di-xe-may/index.html,blog/dia-phuong/,Cầu Giấy,no,no-external,blog/dia-phuong/; /,none,yes,MotoAI Editorial,,,0,,,
BA-0037,B01,APP,PLANNED,web app và app native khác gì nhau,App & Ứng dụng; web app và app native khác gì nhau,informational-product,Web App và App Native Khác gì Nhau,web-app-va-app-native-khac-gi-nhau,blog/app/web-app-va-app-native-khac-gi-nhau/index.html,blog/app/,,no,no-external,blog/app/; /,none,yes,MotoAI Editorial,,,0,,,
BA-0038,B01,RENT,PLANNED,thuê xe ga,Thuê xe máy; thuê xe ga,commercial-informational,Thuê xe ga,thue-xe-ga,blog/thue-xe/thue-xe-ga/index.html,blog/thue-xe/,,no,no-external,blog/thue-xe/; /,none,yes,MotoAI Editorial,,,0,,,
BA-0039,B01,EV,PLANNED,phạm vi hoạt động của xe điện,Xe điện / xe máy điện; phạm vi hoạt động của xe điện,informational-product,Phạm vi Hoạt Động Của xe Điện,pham-vi-hoat-dong-cua-xe-dien,blog/xe-dien/pham-vi-hoat-dong-cua-xe-dien/index.html,blog/xe-dien/,,no,no-external,blog/xe-dien/; /,none,yes,MotoAI Editorial,,,0,,,
BA-0040,B01,GUIDE,PLANNED,hợp đồng thuê xe cần những gì,Hướng dẫn / thủ tục; hợp đồng thuê xe cần những gì,informational,Hợp Đồng Thuê xe Cần Những gì,hop-dong-thue-xe-can-nhung-gi,blog/huong-dan/hop-dong-thue-xe-can-nhung-gi/index.html,blog/huong-dan/,,no,no-external,blog/huong-dan/; /,none,yes,MotoAI Editorial,,,0,,,
BA-0041,B01,SAFE,PLANNED,người nước ngoài lái xe ở việt nam,An toàn / pháp lý; người nước ngoài lái xe ở việt nam,informational-legal,Người Nước Ngoài Lái xe ở Việt Nam,nguoi-nuoc-ngoai-lai-xe-o-viet-nam,blog/an-toan/nguoi-nuoc-ngoai-lai-xe-o-viet-nam/index.html,blog/an-toan/,,yes,legal-gate,blog/an-toan/; /,none,no,MotoAI Editorial,,,0,,,legal-gate: CLAIM->SUBJECT->CONDITION->RULE->VERSION->PRIMARY SOURCE required
BA-0042,B01,LOCAL,PLANNED,đống đa và xe máy,Địa phương / du lịch; đống đa và xe máy,local-informational,Đống đa và xe Máy,dong-da-va-xe-may,blog/dia-phuong/dong-da-va-xe-may/index.html,blog/dia-phuong/,Đống đa,no,no-external,blog/dia-phuong/; /,none,yes,MotoAI Editorial,,,0,,,
BA-0043,B01,APP,PLANNED,đặt xe bằng ứng dụng,App & Ứng dụng; đặt xe bằng ứng dụng,informational-product,Đặt xe Bằng Ứng Dụng,dat-xe-bang-ung-dung,blog/app/dat-xe-bang-ung-dung/index.html,blog/app/,,no,no-external,blog/app/; /,none,yes,MotoAI Editorial,,,0,,,
BA-0044,B01,RENT,PLANNED,thuê xe 50cc,Thuê xe máy; thuê xe 50cc,commercial-informational,Thuê xe 50cc,thue-xe-50cc,blog/thue-xe/thue-xe-50cc/index.html,blog/thue-xe/,,no,no-external,blog/thue-xe/; /,none,yes,MotoAI Editorial,,,0,,,
BA-0045,B01,EV,PLANNED,hướng dẫn sử dụng xe máy điện,Xe điện / xe máy điện; hướng dẫn sử dụng xe máy điện,informational-product,Hướng Dẫn sử Dụng xe Máy Điện,huong-dan-su-dung-xe-may-dien,blog/xe-dien/huong-dan-su-dung-xe-may-dien/index.html,blog/xe-dien/,,no,no-external,blog/xe-dien/; /,none,yes,MotoAI Editorial,,,0,,,
BA-0046,B01,GUIDE,PLANNED,đặt cọc thế nào,Hướng dẫn / thủ tục; đặt cọc thế nào,informational,Đặt Cọc Thế Nào,dat-coc-the-nao,blog/huong-dan/dat-coc-the-nao/index.html,blog/huong-dan/,,no,no-external,blog/huong-dan/; /,none,yes,MotoAI Editorial,,,0,,,
BA-0047,B01,SAFE,PLANNED,idp và bằng lái quốc tế,An toàn / pháp lý; idp và bằng lái quốc tế,informational-legal,Idp và Bằng Lái Quốc tế,idp-va-bang-lai-quoc-te,blog/an-toan/idp-va-bang-lai-quoc-te/index.html,blog/an-toan/,,yes,legal-gate,blog/an-toan/; /,none,no,MotoAI Editorial,,,0,,,legal-gate: CLAIM->SUBJECT->CONDITION->RULE->VERSION->PRIMARY SOURCE required
BA-0048,B01,LOCAL,PLANNED,thanh xuân đường đi,Địa phương / du lịch; thanh xuân đường đi,local-informational,Thanh Xuân Đường đi,thanh-xuan-duong-di,blog/dia-phuong/thanh-xuan-duong-di/index.html,blog/dia-phuong/,Thanh Xuân,no,no-external,blog/dia-phuong/; /,none,yes,MotoAI Editorial,,,0,,,
BA-0049,B01,APP,PLANNED,privacy và xử lý cục bộ trong app thuê xe,App & Ứng dụng; privacy và xử lý cục bộ trong app thuê xe,informational-product,Privacy và xử lý Cục bộ Trong App Thuê xe,privacy-va-xu-ly-cuc-bo-trong-app-thue-xe,blog/app/privacy-va-xu-ly-cuc-bo-trong-app-thue-xe/index.html,blog/app/,,no,no-external,blog/app/; /,none,yes,MotoAI Editorial,,,0,,,
BA-0050,B01,RENT,PLANNED,thuê honda vision,Thuê xe máy; thuê honda vision,commercial-informational,Thuê Honda Vision,thue-honda-vision,blog/thue-xe/thue-honda-vision/index.html,blog/thue-xe/,,no,no-external,blog/thue-xe/; /,none,yes,MotoAI Editorial,,,0,,,
BA-0051,B02,EV,PLANNED,khác biệt xe điện và xe xăng,Xe điện / xe máy điện; khác biệt xe điện và xe xăng,informational-product,Khác Biệt xe Điện và xe Xăng,khac-biet-xe-dien-va-xe-xang,blog/xe-dien/khac-biet-xe-dien-va-xe-xang/index.html,blog/xe-dien/,,no,no-external,blog/xe-dien/; /,none,yes,MotoAI Editorial,,,0,,,
BA-0052,B02,GUIDE,PLANNED,nhận lại tiền cọc,Hướng dẫn / thủ tục; nhận lại tiền cọc,informational,Nhận Lại Tiền Cọc,nhan-lai-tien-coc,blog/huong-dan/nhan-lai-tien-coc/index.html,blog/huong-dan/,,no,no-external,blog/huong-dan/; /,none,yes,MotoAI Editorial,,,0,,,
BA-0053,B02,SAFE,PLANNED,bảo hiểm khi thuê xe máy,An toàn / pháp lý; bảo hiểm khi thuê xe máy,informational-legal,Bảo Hiểm Khi Thuê xe Máy,bao-hiem-khi-thue-xe-may,blog/an-toan/bao-hiem-khi-thue-xe-may/index.html,blog/an-toan/,,yes,legal-gate,blog/an-toan/; /,none,no,MotoAI Editorial,,,0,,,legal-gate: CLAIM->SUBJECT->CONDITION->RULE->VERSION->PRIMARY SOURCE required
BA-0054,B02,LOCAL,PLANNED,hai bà trưng hành trình,Địa phương / du lịch; hai bà trưng hành trình,local-informational,Hai bà Trưng Hành Trình,hai-ba-trung-hanh-trinh,blog/dia-phuong/hai-ba-trung-hanh-trinh/index.html,blog/dia-phuong/,Hai bà Trưng,no,no-external,blog/dia-phuong/; /,none,yes,MotoAI Editorial,,,0,,,
BA-0055,B02,APP,PLANNED,app thuê xe cho khách du lịch,App & Ứng dụng; app thuê xe cho khách du lịch,informational-product,App Thuê xe Cho Khách du Lịch,app-thue-xe-cho-khach-du-lich,blog/app/app-thue-xe-cho-khach-du-lich/index.html,blog/app/,,no,no-external,blog/app/; /,none,yes,MotoAI Editorial,,,0,,,
BA-0056,B02,RENT,PLANNED,thuê honda air blade,Thuê xe máy; thuê honda air blade,commercial-informational,Thuê Honda Air Blade,thue-honda-air-blade,blog/thue-xe/thue-honda-air-blade/index.html,blog/thue-xe/,,no,no-external,blog/thue-xe/; /,none,yes,MotoAI Editorial,,,0,,,
BA-0057,B02,EV,PLANNED,sạc pin xe điện ở đâu,Xe điện / xe máy điện; sạc pin xe điện ở đâu,informational-product,Sạc Pin xe Điện ở Đâu,sac-pin-xe-dien-o-dau,blog/xe-dien/sac-pin-xe-dien-o-dau/index.html,blog/xe-dien/,,no,no-external,blog/xe-dien/; /,none,yes,MotoAI Editorial,,,0,,,
BA-0058,B02,GUIDE,PLANNED,chụp ảnh xe trước khi nhận,Hướng dẫn / thủ tục; chụp ảnh xe trước khi nhận,informational,Chụp Ảnh xe Trước Khi Nhận,chup-anh-xe-truoc-khi-nhan,blog/huong-dan/chup-anh-xe-truoc-khi-nhan/index.html,blog/huong-dan/,,no,no-external,blog/huong-dan/; /,none,yes,MotoAI Editorial,,,0,,,
BA-0059,B02,SAFE,PLANNED,trách nhiệm khi tai nạn với xe thuê,An toàn / pháp lý; trách nhiệm khi tai nạn với xe thuê,informational-legal,Trách Nhiệm Khi Tai Nạn Với xe Thuê,trach-nhiem-khi-tai-nan-voi-xe-thue,blog/an-toan/trach-nhiem-khi-tai-nan-voi-xe-thue/index.html,blog/an-toan/,,yes,legal-gate,blog/an-toan/; /,none,no,MotoAI Editorial,,,0,,,legal-gate: CLAIM->SUBJECT->CONDITION->RULE->VERSION->PRIMARY SOURCE required
BA-0060,B02,LOCAL,PLANNED,gia lâm và long biên,Địa phương / du lịch; gia lâm và long biên,local-informational,Gia Lâm và Long Biên,gia-lam-va-long-bien,blog/dia-phuong/gia-lam-va-long-bien/index.html,blog/dia-phuong/,Long Biên,no,no-external,blog/dia-phuong/; /,none,yes,MotoAI Editorial,,,0,,,
BA-0061,B02,APP,PLANNED,ứng dụng thuê xe máy hoạt động ra sao,App & Ứng dụng; ứng dụng thuê xe máy hoạt động ra sao,informational-product,Ứng Dụng Thuê xe Máy Hoạt Động ra Sao,ung-dung-thue-xe-may-hoat-dong-ra-sao,blog/app/ung-dung-thue-xe-may-hoat-dong-ra-sao/index.html,blog/app/,,no,no-external,blog/app/; /,none,yes,MotoAI Editorial,,,0,,,
BA-0062,B02,RENT,PLANNED,thuê wave alpha,Thuê xe máy; thuê wave alpha,commercial-informational,Thuê Wave Alpha,thue-wave-alpha,blog/thue-xe/thue-wave-alpha/index.html,blog/thue-xe/,,no,no-external,blog/thue-xe/; /,none,yes,MotoAI Editorial,,,0,,,
BA-0063,B02,EV,PLANNED,thời gian sạc xe máy điện,Xe điện / xe máy điện; thời gian sạc xe máy điện,informational-product,Thời Gian Sạc xe Máy Điện,thoi-gian-sac-xe-may-dien,blog/xe-dien/thoi-gian-sac-xe-may-dien/index.html,blog/xe-dien/,,no,no-external,blog/xe-dien/; /,none,yes,MotoAI Editorial,,,0,,,
BA-0064,B02,GUIDE,PLANNED,nhiên liệu khi nhận trả xe,Hướng dẫn / thủ tục; nhiên liệu khi nhận trả xe,informational,Nhiên Liệu Khi Nhận Trả xe,nhien-lieu-khi-nhan-tra-xe,blog/huong-dan/nhien-lieu-khi-nhan-tra-xe/index.html,blog/huong-dan/,,no,no-external,blog/huong-dan/; /,none,yes,MotoAI Editorial,,,0,,,
BA-0065,B02,SAFE,PLANNED,thủ tục khi va chạm nhẹ,An toàn / pháp lý; thủ tục khi va chạm nhẹ,informational-legal,Thủ Tục Khi va Chạm Nhẹ,thu-tuc-khi-va-cham-nhe,blog/an-toan/thu-tuc-khi-va-cham-nhe/index.html,blog/an-toan/,,yes,legal-gate,blog/an-toan/; /,none,no,MotoAI Editorial,,,0,,,legal-gate: CLAIM->SUBJECT->CONDITION->RULE->VERSION->PRIMARY SOURCE required
BA-0066,B02,LOCAL,PLANNED,sông hồng và cầu long biên,Địa phương / du lịch; sông hồng và cầu long biên,local-informational,Sông Hồng và Cầu Long Biên,song-hong-va-cau-long-bien,blog/dia-phuong/song-hong-va-cau-long-bien/index.html,blog/dia-phuong/,Long Biên,no,no-external,blog/dia-phuong/; /,none,yes,MotoAI Editorial,,,0,,,
BA-0067,B02,APP,PLANNED,trợ lý thuê xe máy là gì,App & Ứng dụng; trợ lý thuê xe máy là gì,informational-product,Trợ lý Thuê xe Máy là gì,tro-ly-thue-xe-may-la-gi,blog/app/tro-ly-thue-xe-may-la-gi/index.html,blog/app/,,no,no-external,blog/app/; /,none,yes,MotoAI Editorial,,,0,,,
BA-0068,B02,RENT,PLANNED,thuê xe hạng nhẹ,Thuê xe máy; thuê xe hạng nhẹ,commercial-informational,Thuê xe Hạng Nhẹ,thue-xe-hang-nhe,blog/thue-xe/thue-xe-hang-nhe/index.html,blog/thue-xe/,,no,no-external,blog/thue-xe/; /,none,yes,MotoAI Editorial,,,0,,,
BA-0069,B02,EV,PLANNED,chi phí điện khi thuê xe điện,Xe điện / xe máy điện; chi phí điện khi thuê xe điện,informational-product,Chi Phí Điện Khi Thuê xe Điện,chi-phi-dien-khi-thue-xe-dien,blog/xe-dien/chi-phi-dien-khi-thue-xe-dien/index.html,blog/xe-dien/,,no,no-external,blog/xe-dien/; /,none,yes,MotoAI Editorial,,,0,,,
BA-0070,B02,GUIDE,PLANNED,giao xe tận nơi thủ tục,Hướng dẫn / thủ tục; giao xe tận nơi thủ tục,informational,Giao xe Tận Nơi Thủ Tục,giao-xe-tan-noi-thu-tuc,blog/huong-dan/giao-xe-tan-noi-thu-tuc/index.html,blog/huong-dan/,,no,no-external,blog/huong-dan/; /,none,yes,MotoAI Editorial,,,0,,,
BA-0071,B02,SAFE,PLANNED,gọi cảnh sát khi tai nạn,An toàn / pháp lý; gọi cảnh sát khi tai nạn,informational-legal,Gọi Cảnh Sát Khi Tai Nạn,goi-canh-sat-khi-tai-nan,blog/an-toan/goi-canh-sat-khi-tai-nan/index.html,blog/an-toan/,,yes,legal-gate,blog/an-toan/; /,none,no,MotoAI Editorial,,,0,,,legal-gate: CLAIM->SUBJECT->CONDITION->RULE->VERSION->PRIMARY SOURCE required
BA-0072,B02,LOCAL,PLANNED,chợ long biên đêm,Địa phương / du lịch; chợ long biên đêm,local-informational,Chợ Long Biên Đêm,cho-long-bien-dem,blog/dia-phuong/cho-long-bien-dem/index.html,blog/dia-phuong/,Long Biên,no,no-external,blog/dia-phuong/; /,none,yes,MotoAI Editorial,,,0,,,
BA-0073,B02,APP,PLANNED,tìm xe máy thuê bằng ứng dụng,App & Ứng dụng; tìm xe máy thuê bằng ứng dụng,informational-product,Tìm xe Máy Thuê Bằng Ứng Dụng,tim-xe-may-thue-bang-ung-dung,blog/app/tim-xe-may-thue-bang-ung-dung/index.html,blog/app/,,no,no-external,blog/app/; /,none,yes,MotoAI Editorial,,,0,,,
BA-0074,B02,RENT,PLANNED,so sánh giá các loại xe máy cho thuê,Thuê xe máy; so sánh giá các loại xe máy cho thuê,commercial-informational,so Sánh Giá Các Loại xe Máy Cho Thuê,so-sanh-gia-cac-loai-xe-may-cho-thue,blog/thue-xe/so-sanh-gia-cac-loai-xe-may-cho-thue/index.html,blog/thue-xe/,,no,no-external,blog/thue-xe/; /,none,yes,MotoAI Editorial,,,0,,,
BA-0075,B02,EV,PLANNED,thuê xe điện có rẻ không,Xe điện / xe máy điện; thuê xe điện có rẻ không,informational-product,Thuê xe Điện có rẻ Không,thue-xe-dien-co-re-khong,blog/xe-dien/thue-xe-dien-co-re-khong/index.html,blog/xe-dien/,,no,no-external,blog/xe-dien/; /,none,yes,MotoAI Editorial,,,0,,,
BA-0076,B02,GUIDE,PLANNED,hủy đặt xe đúng cách,Hướng dẫn / thủ tục; hủy đặt xe đúng cách,informational,Hủy Đặt xe Đúng Cách,huy-dat-xe-dung-cach,blog/huong-dan/huy-dat-xe-dung-cach/index.html,blog/huong-dan/,,no,no-external,blog/huong-dan/; /,none,yes,MotoAI Editorial,,,0,,,
BA-0077,B02,SAFE,PLANNED,khám sức khỏe lái xe,An toàn / pháp lý; khám sức khỏe lái xe,informational-legal,Khám Sức Khỏe Lái xe,kham-suc-khoe-lai-xe,blog/an-toan/kham-suc-khoe-lai-xe/index.html,blog/an-toan/,,yes,legal-gate,blog/an-toan/; /,none,no,MotoAI Editorial,,,0,,,legal-gate: CLAIM->SUBJECT->CONDITION->RULE->VERSION->PRIMARY SOURCE required
BA-0078,B02,LOCAL,PLANNED,phố cổ ẩm thực xe máy,Địa phương / du lịch; phố cổ ẩm thực xe máy,local-informational,Phố cổ ẩm Thực xe Máy,pho-co-am-thuc-xe-may,blog/dia-phuong/pho-co-am-thuc-xe-may/index.html,blog/dia-phuong/,Phố cổ,no,no-external,blog/dia-phuong/; /,none,yes,MotoAI Editorial,,,0,,,
BA-0079,B02,APP,PLANNED,so sánh cách thuê xe truyền thống và qua app,App & Ứng dụng; so sánh cách thuê xe truyền thống và qua app,informational-product,so Sánh Cách Thuê xe Truyền Thống và Qua App,so-sanh-cach-thue-xe-truyen-thong-va-qua-app,blog/app/so-sanh-cach-thue-xe-truyen-thong-va-qua-app/index.html,blog/app/,,no,no-external,blog/app/; /,none,yes,MotoAI Editorial,,,0,,,
BA-0080,B02,RENT,PLANNED,cọc thuê xe máy bao nhiêu,Thuê xe máy; cọc thuê xe máy bao nhiêu,commercial-informational,Cọc Thuê xe Máy Bao Nhiêu,coc-thue-xe-may-bao-nhieu,blog/thue-xe/coc-thue-xe-may-bao-nhieu/index.html,blog/thue-xe/,,no,no-external,blog/thue-xe/; /,none,yes,MotoAI Editorial,,,0,,,
BA-0081,B02,EV,PLANNED,xe điện chạy bao xa,Xe điện / xe máy điện; xe điện chạy bao xa,informational-product,xe Điện Chạy Bao xa,xe-dien-chay-bao-xa,blog/xe-dien/xe-dien-chay-bao-xa/index.html,blog/xe-dien/,,no,no-external,blog/xe-dien/; /,none,yes,MotoAI Editorial,,,0,,,
BA-0082,B02,GUIDE,PLANNED,đổi xe giữa kỳ thuê,Hướng dẫn / thủ tục; đổi xe giữa kỳ thuê,informational,Đổi xe Giữa kỳ Thuê,doi-xe-giua-ky-thue,blog/huong-dan/doi-xe-giua-ky-thue/index.html,blog/huong-dan/,,no,no-external,blog/huong-dan/; /,none,yes,MotoAI Editorial,,,0,,,
BA-0083,B02,SAFE,PLANNED,đèn xe và an toàn đêm,An toàn / pháp lý; đèn xe và an toàn đêm,informational-legal,Đèn xe và an Toàn Đêm,den-xe-va-an-toan-dem,blog/an-toan/den-xe-va-an-toan-dem/index.html,blog/an-toan/,,yes,legal-gate,blog/an-toan/; /,none,no,MotoAI Editorial,,,0,,,legal-gate: CLAIM->SUBJECT->CONDITION->RULE->VERSION->PRIMARY SOURCE required
BA-0084,B02,LOCAL,PLANNED,hồ gươm ban đêm,Địa phương / du lịch; hồ gươm ban đêm,local-informational,hồ Gươm Ban Đêm,ho-guom-ban-dem,blog/dia-phuong/ho-guom-ban-dem/index.html,blog/dia-phuong/,Hà Nội (khu vực),no,no-external,blog/dia-phuong/; /,none,yes,MotoAI Editorial,,,0,,,
BA-0085,B02,APP,PLANNED,ứng dụng web thuê xe máy,App & Ứng dụng; ứng dụng web thuê xe máy,informational-product,Ứng Dụng Web Thuê xe Máy,ung-dung-web-thue-xe-may,blog/app/ung-dung-web-thue-xe-may/index.html,blog/app/,,no,no-external,blog/app/; /,none,yes,MotoAI Editorial,,,0,,,
BA-0086,B02,RENT,PLANNED,nhận xe thuê cần gì,Thuê xe máy; nhận xe thuê cần gì,commercial-informational,Nhận xe Thuê Cần gì,nhan-xe-thue-can-gi,blog/thue-xe/nhan-xe-thue-can-gi/index.html,blog/thue-xe/,,no,no-external,blog/thue-xe/; /,none,yes,MotoAI Editorial,,,0,,,
BA-0087,B02,EV,PLANNED,xe máy điện cho người mới,Xe điện / xe máy điện; xe máy điện cho người mới,informational-product,xe Máy Điện Cho Người Mới,xe-may-dien-cho-nguoi-moi,blog/xe-dien/xe-may-dien-cho-nguoi-moi/index.html,blog/xe-dien/,,no,no-external,blog/xe-dien/; /,none,yes,MotoAI Editorial,,,0,,,
BA-0088,B02,GUIDE,PLANNED,gia hạn thời gian thuê,Hướng dẫn / thủ tục; gia hạn thời gian thuê,informational,Gia Hạn Thời Gian Thuê,gia-han-thoi-gian-thue,blog/huong-dan/gia-han-thoi-gian-thue/index.html,blog/huong-dan/,,no,no-external,blog/huong-dan/; /,none,yes,MotoAI Editorial,,,0,,,
BA-0089,B02,SAFE,PLANNED,kỹ năng phanh gấp,An toàn / pháp lý; kỹ năng phanh gấp,informational-legal,kỹ Năng Phanh Gấp,ky-nang-phanh-gap,blog/an-toan/ky-nang-phanh-gap/index.html,blog/an-toan/,,yes,legal-gate,blog/an-toan/; /,none,no,MotoAI Editorial,,,0,,,legal-gate: CLAIM->SUBJECT->CONDITION->RULE->VERSION->PRIMARY SOURCE required
BA-0090,B02,LOCAL,PLANNED,ven đê sông hồng,Địa phương / du lịch; ven đê sông hồng,local-informational,Ven đê Sông Hồng,ven-de-song-hong,blog/dia-phuong/ven-de-song-hong/index.html,blog/dia-phuong/,Hà Nội (khu vực),no,no-external,blog/dia-phuong/; /,none,yes,MotoAI Editorial,,,0,,,
BA-0091,B02,APP,PLANNED,công cụ tính giá thuê xe máy online,App & Ứng dụng; công cụ tính giá thuê xe máy online,informational-product,Công cụ Tính Giá Thuê xe Máy Online,cong-cu-tinh-gia-thue-xe-may-online,blog/app/cong-cu-tinh-gia-thue-xe-may-online/index.html,blog/app/,,no,no-external,blog/app/; /,none,yes,MotoAI Editorial,,,0,,,
BA-0092,B02,RENT,PLANNED,trả xe thuê đúng giờ,Thuê xe máy; trả xe thuê đúng giờ,commercial-informational,Trả xe Thuê Đúng Giờ,tra-xe-thue-dung-gio,blog/thue-xe/tra-xe-thue-dung-gio/index.html,blog/thue-xe/,,no,no-external,blog/thue-xe/; /,none,yes,MotoAI Editorial,,,0,,,
BA-0093,B02,EV,PLANNED,xe điện an toàn không,Xe điện / xe máy điện; xe điện an toàn không,informational-product,xe Điện an Toàn Không,xe-dien-an-toan-khong,blog/xe-dien/xe-dien-an-toan-khong/index.html,blog/xe-dien/,,no,no-external,blog/xe-dien/; /,none,yes,MotoAI Editorial,,,0,,,
BA-0094,B02,GUIDE,PLANNED,chở hành lý khi thuê xe,Hướng dẫn / thủ tục; chở hành lý khi thuê xe,informational,Chở Hành lý Khi Thuê xe,cho-hanh-ly-khi-thue-xe,blog/huong-dan/cho-hanh-ly-khi-thue-xe/index.html,blog/huong-dan/,,no,no-external,blog/huong-dan/; /,none,yes,MotoAI Editorial,,,0,,,
BA-0095,B02,SAFE,PLANNED,gương chiếu hậu an toàn,An toàn / pháp lý; gương chiếu hậu an toàn,informational-legal,Gương Chiếu Hậu an Toàn,guong-chieu-hau-an-toan,blog/an-toan/guong-chieu-hau-an-toan/index.html,blog/an-toan/,,yes,legal-gate,blog/an-toan/; /,none,no,MotoAI Editorial,,,0,,,legal-gate: CLAIM->SUBJECT->CONDITION->RULE->VERSION->PRIMARY SOURCE required
BA-0096,B02,LOCAL,PLANNED,cột cờ hoàng thành,Địa phương / du lịch; cột cờ hoàng thành,local-informational,Cột cờ Hoàng Thành,cot-co-hoang-thanh,blog/dia-phuong/cot-co-hoang-thanh/index.html,blog/dia-phuong/,Hà Nội (khu vực),no,no-external,blog/dia-phuong/; /,none,yes,MotoAI Editorial,,,0,,,
BA-0097,B02,APP,PLANNED,hỏi đáp với Agent thuê xe,App & Ứng dụng; hỏi đáp với Agent thuê xe,informational-product,Hỏi Đáp Với Agent Thuê xe,hoi-dap-voi-agent-thue-xe,blog/app/hoi-dap-voi-agent-thue-xe/index.html,blog/app/,,no,no-external,blog/app/; /,none,yes,MotoAI Editorial,,,0,,,
BA-0098,B02,RENT,PLANNED,phí trễ hạn khi thuê xe,Thuê xe máy; phí trễ hạn khi thuê xe,commercial-informational,Phí Trễ Hạn Khi Thuê xe,phi-tre-han-khi-thue-xe,blog/thue-xe/phi-tre-han-khi-thue-xe/index.html,blog/thue-xe/,,no,no-external,blog/thue-xe/; /,none,yes,MotoAI Editorial,,,0,,,
BA-0099,B02,EV,PLANNED,bảo dưỡng xe điện,Xe điện / xe máy điện; bảo dưỡng xe điện,informational-product,Bảo Dưỡng xe Điện,bao-duong-xe-dien,blog/xe-dien/bao-duong-xe-dien/index.html,blog/xe-dien/,,no,no-external,blog/xe-dien/; /,none,yes,MotoAI Editorial,,,0,,,
BA-0100,B02,GUIDE,PLANNED,đi hai người trên xe thuê,Hướng dẫn / thủ tục; đi hai người trên xe thuê,informational,đi Hai Người Trên xe Thuê,di-hai-nguoi-tren-xe-thue,blog/huong-dan/di-hai-nguoi-tren-xe-thue/index.html,blog/huong-dan/,,no,no-external,blog/huong-dan/; /,none,yes,MotoAI Editorial,,,0,,,
BA-0101,B03,SAFE,PLANNED,mưa lớn và lái xe,An toàn / pháp lý; mưa lớn và lái xe,informational-legal,Mưa Lớn và Lái xe,mua-lon-va-lai-xe,blog/an-toan/mua-lon-va-lai-xe/index.html,blog/an-toan/,,yes,legal-gate,blog/an-toan/; /,none,no,MotoAI Editorial,,,0,,,legal-gate: CLAIM->SUBJECT->CONDITION->RULE->VERSION->PRIMARY SOURCE required
BA-0102,B03,LOCAL,PLANNED,lăng chủ tích qua phố,Địa phương / du lịch; lăng chủ tích qua phố,local-informational,Lăng Chủ Tích Qua Phố,lang-chu-tich-qua-pho,blog/dia-phuong/lang-chu-tich-qua-pho/index.html,blog/dia-phuong/,Hà Nội (khu vực),no,no-external,blog/dia-phuong/; /,none,yes,MotoAI Editorial,,,0,,,
BA-0103,B03,APP,PLANNED,cách hỏi giá xe nhanh bằng chatbot,App & Ứng dụng; cách hỏi giá xe nhanh bằng chatbot,informational-product,Cách Hỏi Giá xe Nhanh Bằng Chatbot,cach-hoi-gia-xe-nhanh-bang-chatbot,blog/app/cach-hoi-gia-xe-nhanh-bang-chatbot/index.html,blog/app/,,no,no-external,blog/app/; /,none,yes,MotoAI Editorial,,,0,,,
BA-0104,B03,RENT,PLANNED,kiểm tra xe trước khi nhận,Thuê xe máy; kiểm tra xe trước khi nhận,commercial-informational,Kiểm Tra xe Trước Khi Nhận,kiem-tra-xe-truoc-khi-nhan,blog/thue-xe/kiem-tra-xe-truoc-khi-nhan/index.html,blog/thue-xe/,,no,no-external,blog/thue-xe/; /,none,yes,MotoAI Editorial,,,0,,,
BA-0105,B03,EV,PLANNED,xe điện khi mưa,Xe điện / xe máy điện; xe điện khi mưa,informational-product,xe Điện Khi Mưa,xe-dien-khi-mua,blog/xe-dien/xe-dien-khi-mua/index.html,blog/xe-dien/,,no,no-external,blog/xe-dien/; /,none,yes,MotoAI Editorial,,,0,,,
BA-0106,B03,GUIDE,PLANNED,bản đồ và định vị khi thuê xe,Hướng dẫn / thủ tục; bản đồ và định vị khi thuê xe,informational,Bản đồ và Định vị Khi Thuê xe,ban-do-va-dinh-vi-khi-thue-xe,blog/huong-dan/ban-do-va-dinh-vi-khi-thue-xe/index.html,blog/huong-dan/,,no,no-external,blog/huong-dan/; /,none,yes,MotoAI Editorial,,,0,,,
BA-0107,B03,SAFE,PLANNED,sương mù mùa đông,An toàn / pháp lý; sương mù mùa đông,informational-legal,Sương mù Mùa Đông,suong-mu-mua-dong,blog/an-toan/suong-mu-mua-dong/index.html,blog/an-toan/,,yes,legal-gate,blog/an-toan/; /,none,no,MotoAI Editorial,,,0,,,legal-gate: CLAIM->SUBJECT->CONDITION->RULE->VERSION->PRIMARY SOURCE required
BA-0108,B03,LOCAL,PLANNED,bảo tàng hà nội hành trình,Địa phương / du lịch; bảo tàng hà nội hành trình,local-informational,Bảo Tàng hà Nội Hành Trình,bao-tang-ha-noi-hanh-trinh,blog/dia-phuong/bao-tang-ha-noi-hanh-trinh/index.html,blog/dia-phuong/,hà Nội,no,no-external,blog/dia-phuong/; /,none,yes,MotoAI Editorial,,,0,,,
BA-0109,B03,APP,PLANNED,gợi ý chọn xe máy phù hợp,App & Ứng dụng; gợi ý chọn xe máy phù hợp,informational-product,Gợi ý Chọn xe Máy Phù Hợp,goi-y-chon-xe-may-phu-hop,blog/app/goi-y-chon-xe-may-phu-hop/index.html,blog/app/,,no,no-external,blog/app/; /,none,yes,MotoAI Editorial,,,0,,,
BA-0110,B03,RENT,PLANNED,điều kiện thuê xe máy ở hà nội,Thuê xe máy; điều kiện thuê xe máy ở hà nội,commercial-informational,Điều Kiện Thuê xe Máy ở hà Nội,dieu-kien-thue-xe-may-o-ha-noi,blog/thue-xe/dieu-kien-thue-xe-may-o-ha-noi/index.html,blog/thue-xe/,,no,no-external,blog/thue-xe/; /,none,yes,MotoAI Editorial,,,0,,,
BA-0111,B03,EV,PLANNED,đi xe điện đường dài,Xe điện / xe máy điện; đi xe điện đường dài,informational-product,đi xe Điện Đường Dài,di-xe-dien-duong-dai,blog/xe-dien/di-xe-dien-duong-dai/index.html,blog/xe-dien/,,no,no-external,blog/xe-dien/; /,none,yes,MotoAI Editorial,,,0,,,
BA-0112,B03,GUIDE,PLANNED,ứng dụng bản đồ cho người thuê xe,Hướng dẫn / thủ tục; ứng dụng bản đồ cho người thuê xe,informational,Ứng Dụng Bản đồ Cho Người Thuê xe,ung-dung-ban-do-cho-nguoi-thue-xe,blog/huong-dan/ung-dung-ban-do-cho-nguoi-thue-xe/index.html,blog/huong-dan/,,no,no-external,blog/huong-dan/; /,none,yes,MotoAI Editorial,,,0,,,
BA-0113,B03,SAFE,PLANNED,tầm nhìn khi lái xe,An toàn / pháp lý; tầm nhìn khi lái xe,informational-legal,Tầm Nhìn Khi Lái xe,tam-nhin-khi-lai-xe,blog/an-toan/tam-nhin-khi-lai-xe/index.html,blog/an-toan/,,yes,legal-gate,blog/an-toan/; /,none,no,MotoAI Editorial,,,0,,,legal-gate: CLAIM->SUBJECT->CONDITION->RULE->VERSION->PRIMARY SOURCE required
BA-0114,B03,LOCAL,PLANNED,phố sách hà nội,Địa phương / du lịch; phố sách hà nội,local-informational,Phố Sách hà Nội,pho-sach-ha-noi,blog/dia-phuong/pho-sach-ha-noi/index.html,blog/dia-phuong/,hà Nội,no,no-external,blog/dia-phuong/; /,none,yes,MotoAI Editorial,,,0,,,
BA-0115,B03,APP,PLANNED,tính chi phí thuê xe theo ngày tuần tháng,App & Ứng dụng; tính chi phí thuê xe theo ngày tuần tháng,informational-product,Tính Chi Phí Thuê xe Theo Ngày Tuần Tháng,tinh-chi-phi-thue-xe-theo-ngay-tuan-thang,blog/app/tinh-chi-phi-thue-xe-theo-ngay-tuan-thang/index.html,blog/app/,,no,no-external,blog/app/; /,none,yes,MotoAI Editorial,,,0,,,
BA-0116,B03,RENT,PLANNED,thuê xe không bằng lái được không,Thuê xe máy; thuê xe không bằng lái được không,commercial-informational,Thuê xe Không Bằng Lái Được Không,thue-xe-khong-bang-lai-duoc-khong,blog/thue-xe/thue-xe-khong-bang-lai-duoc-khong/index.html,blog/thue-xe/,,no,no-external,blog/thue-xe/; /,none,yes,MotoAI Editorial,,,0,,,
BA-0117,B03,EV,PLANNED,xe điện trong phố,Xe điện / xe máy điện; xe điện trong phố,informational-product,xe Điện Trong Phố,xe-dien-trong-pho,blog/xe-dien/xe-dien-trong-pho/index.html,blog/xe-dien/,,no,no-external,blog/xe-dien/; /,none,yes,MotoAI Editorial,,,0,,,
BA-0118,B03,GUIDE,PLANNED,kỹ năng lái xe an toàn cơ bản,Hướng dẫn / thủ tục; kỹ năng lái xe an toàn cơ bản,informational,kỹ Năng Lái xe an Toàn cơ Bản,ky-nang-lai-xe-an-toan-co-ban,blog/huong-dan/ky-nang-lai-xe-an-toan-co-ban/index.html,blog/huong-dan/,,no,no-external,blog/huong-dan/; /,none,yes,MotoAI Editorial,,,0,,,
BA-0119,B03,SAFE,PLANNED,xe cộ phía trước và khoảng cách an toàn,An toàn / pháp lý; xe cộ phía trước và khoảng cách an toàn,informational-legal,xe cộ Phía Trước và Khoảng Cách an Toàn,xe-co-phia-truoc-va-khoang-cach-an-toan,blog/an-toan/xe-co-phia-truoc-va-khoang-cach-an-toan/index.html,blog/an-toan/,,yes,legal-gate,blog/an-toan/; /,none,no,MotoAI Editorial,,,0,,,legal-gate: CLAIM->SUBJECT->CONDITION->RULE->VERSION->PRIMARY SOURCE required
BA-0120,B03,LOCAL,PLANNED,nhà thờ lớn hà nội,Địa phương / du lịch; nhà thờ lớn hà nội,local-informational,Nhà Thờ Lớn hà Nội,nha-tho-lon-ha-noi,blog/dia-phuong/nha-tho-lon-ha-noi/index.html,blog/dia-phuong/,hà Nội,no,no-external,blog/dia-phuong/; /,none,yes,MotoAI Editorial,,,0,,,
BA-0121,B03,APP,PLANNED,ứng dụng tìm xe máy giá tốt,App & Ứng dụng; ứng dụng tìm xe máy giá tốt,informational-product,Ứng Dụng Tìm xe Máy Giá Tốt,ung-dung-tim-xe-may-gia-tot,blog/app/ung-dung-tim-xe-may-gia-tot/index.html,blog/app/,,no,no-external,blog/app/; /,none,yes,MotoAI Editorial,,,0,,,
BA-0122,B03,RENT,PLANNED,bằng lái a1 và thuê xe máy,Thuê xe máy; bằng lái a1 và thuê xe máy,commercial-informational,Bằng Lái a1 và Thuê xe Máy,bang-lai-a1-va-thue-xe-may,blog/thue-xe/bang-lai-a1-va-thue-xe-may/index.html,blog/thue-xe/,,no,no-external,blog/thue-xe/; /,none,yes,MotoAI Editorial,,,0,,,
BA-0123,B03,EV,PLANNED,xe điện chở hai người,Xe điện / xe máy điện; xe điện chở hai người,informational-product,xe Điện Chở Hai Người,xe-dien-cho-hai-nguoi,blog/xe-dien/xe-dien-cho-hai-nguoi/index.html,blog/xe-dien/,,no,no-external,blog/xe-dien/; /,none,yes,MotoAI Editorial,,,0,,,
BA-0124,B03,GUIDE,PLANNED,chạy xe số cho người mới,Hướng dẫn / thủ tục; chạy xe số cho người mới,informational,Chạy xe số Cho Người Mới,chay-xe-so-cho-nguoi-moi,blog/huong-dan/chay-xe-so-cho-nguoi-moi/index.html,blog/huong-dan/,,no,no-external,blog/huong-dan/; /,none,yes,MotoAI Editorial,,,0,,,
BA-0125,B03,SAFE,PLANNED,làn đường và quy tắc nhường,An toàn / pháp lý; làn đường và quy tắc nhường,informational-legal,Làn Đường và Quy Tắc Nhường,lan-duong-va-quy-tac-nhuong,blog/an-toan/lan-duong-va-quy-tac-nhuong/index.html,blog/an-toan/,,yes,legal-gate,blog/an-toan/; /,none,no,MotoAI Editorial,,,0,,,legal-gate: CLAIM->SUBJECT->CONDITION->RULE->VERSION->PRIMARY SOURCE required
BA-0126,B03,LOCAL,PLANNED,làng gốm bát tràng,Địa phương / du lịch; làng gốm bát tràng,local-informational,Làng Gốm Bát Tràng,lang-gom-bat-trang,blog/dia-phuong/lang-gom-bat-trang/index.html,blog/dia-phuong/,Hà Nội (khu vực),no,no-external,blog/dia-phuong/; /,none,yes,MotoAI Editorial,,,0,,,
BA-0127,B03,APP,PLANNED,app hỗ trợ thủ tục thuê xe,App & Ứng dụng; app hỗ trợ thủ tục thuê xe,informational-product,App hỗ Trợ Thủ Tục Thuê xe,app-ho-tro-thu-tuc-thue-xe,blog/app/app-ho-tro-thu-tuc-thue-xe/index.html,blog/app/,,no,no-external,blog/app/; /,none,yes,MotoAI Editorial,,,0,,,
BA-0128,B03,RENT,PLANNED,người nước ngoài thuê xe máy việt nam,Thuê xe máy; người nước ngoài thuê xe máy việt nam,commercial-informational,Người Nước Ngoài Thuê xe Máy Việt Nam,nguoi-nuoc-ngoai-thue-xe-may-viet-nam,blog/thue-xe/nguoi-nuoc-ngoai-thue-xe-may-viet-nam/index.html,blog/thue-xe/,,no,no-external,blog/thue-xe/; /,none,yes,MotoAI Editorial,,,0,,,
BA-0129,B03,EV,PLANNED,vận tốc xe máy điện,Xe điện / xe máy điện; vận tốc xe máy điện,informational-product,Vận Tốc xe Máy Điện,van-toc-xe-may-dien,blog/xe-dien/van-toc-xe-may-dien/index.html,blog/xe-dien/,,no,no-external,blog/xe-dien/; /,none,yes,MotoAI Editorial,,,0,,,
BA-0130,B03,GUIDE,PLANNED,chạy xe ga lần đầu,Hướng dẫn / thủ tục; chạy xe ga lần đầu,informational,Chạy xe ga Lần Đầu,chay-xe-ga-lan-dau,blog/huong-dan/chay-xe-ga-lan-dau/index.html,blog/huong-dan/,,no,no-external,blog/huong-dan/; /,none,yes,MotoAI Editorial,,,0,,,
BA-0131,B03,SAFE,PLANNED,đèn đỏ và camera phạt nguội,An toàn / pháp lý; đèn đỏ và camera phạt nguội,informational-legal,Đèn đỏ và Camera Phạt Nguội,den-do-va-camera-phat-nguoi,blog/an-toan/den-do-va-camera-phat-nguoi/index.html,blog/an-toan/,,yes,legal-gate,blog/an-toan/; /,none,no,MotoAI Editorial,,,0,,,legal-gate: CLAIM->SUBJECT->CONDITION->RULE->VERSION->PRIMARY SOURCE required
BA-0132,B03,LOCAL,PLANNED,bát tràng gốm xe máy,Địa phương / du lịch; bát tràng gốm xe máy,local-informational,Bát Tràng Gốm xe Máy,bat-trang-gom-xe-may,blog/dia-phuong/bat-trang-gom-xe-may/index.html,blog/dia-phuong/,Hà Nội (khu vực),no,no-external,blog/dia-phuong/; /,none,yes,MotoAI Editorial,,,0,,,
BA-0133,B03,APP,PLANNED,công cụ chọn xe theo kinh nghiệm lái,App & Ứng dụng; công cụ chọn xe theo kinh nghiệm lái,informational-product,Công cụ Chọn xe Theo Kinh Nghiệm Lái,cong-cu-chon-xe-theo-kinh-nghiem-lai,blog/app/cong-cu-chon-xe-theo-kinh-nghiem-lai/index.html,blog/app/,,no,no-external,blog/app/; /,none,yes,MotoAI Editorial,,,0,,,
BA-0134,B03,RENT,PLANNED,khách du lịch thuê xe máy,Thuê xe máy; khách du lịch thuê xe máy,commercial-informational,Khách du Lịch Thuê xe Máy,khach-du-lich-thue-xe-may,blog/thue-xe/khach-du-lich-thue-xe-may/index.html,blog/thue-xe/,,no,no-external,blog/thue-xe/; /,none,yes,MotoAI Editorial,,,0,,,
BA-0135,B03,EV,PLANNED,đăng ký thuê xe điện,Xe điện / xe máy điện; đăng ký thuê xe điện,informational-product,Đăng ký Thuê xe Điện,dang-ky-thue-xe-dien,blog/xe-dien/dang-ky-thue-xe-dien/index.html,blog/xe-dien/,,no,no-external,blog/xe-dien/; /,none,yes,MotoAI Editorial,,,0,,,
BA-0136,B03,GUIDE,PLANNED,chạy xe điện lần đầu,Hướng dẫn / thủ tục; chạy xe điện lần đầu,informational,Chạy xe Điện Lần Đầu,chay-xe-dien-lan-dau,blog/huong-dan/chay-xe-dien-lan-dau/index.html,blog/huong-dan/,,no,no-external,blog/huong-dan/; /,none,yes,MotoAI Editorial,,,0,,,
BA-0137,B03,SAFE,PLANNED,đi ngược chiều hậu quả,An toàn / pháp lý; đi ngược chiều hậu quả,informational-legal,đi Ngược Chiều Hậu Quả,di-nguoc-chieu-hau-qua,blog/an-toan/di-nguoc-chieu-hau-qua/index.html,blog/an-toan/,,yes,legal-gate,blog/an-toan/; /,none,no,MotoAI Editorial,,,0,,,legal-gate: CLAIM->SUBJECT->CONDITION->RULE->VERSION->PRIMARY SOURCE required
BA-0138,B03,LOCAL,PLANNED,đường đồng by bike,Địa phương / du lịch; đường đồng by bike,local-informational,Đường Đồng by Bike,duong-dong-by-bike,blog/dia-phuong/duong-dong-by-bike/index.html,blog/dia-phuong/,Hà Nội (khu vực),no,no-external,blog/dia-phuong/; /,none,yes,MotoAI Editorial,,,0,,,
BA-0139,B03,APP,PLANNED,chatbot thuê xe máy có đáng tin không,App & Ứng dụng; chatbot thuê xe máy có đáng tin không,informational-product,Chatbot Thuê xe Máy có Đáng Tin Không,chatbot-thue-xe-may-co-dang-tin-khong,blog/app/chatbot-thue-xe-may-co-dang-tin-khong/index.html,blog/app/,,no,no-external,blog/app/; /,none,yes,MotoAI Editorial,,,0,,,
BA-0140,B03,RENT,PLANNED,thuê xe cho người cao tuổi,Thuê xe máy; thuê xe cho người cao tuổi,commercial-informational,Thuê xe Cho Người Cao Tuổi,thue-xe-cho-nguoi-cao-tuoi,blog/thue-xe/thue-xe-cho-nguoi-cao-tuoi/index.html,blog/thue-xe/,,no,no-external,blog/thue-xe/; /,none,yes,MotoAI Editorial,,,0,,,
BA-0141,B03,EV,PLANNED,cọc khi thuê xe điện,Xe điện / xe máy điện; cọc khi thuê xe điện,informational-product,Cọc Khi Thuê xe Điện,coc-khi-thue-xe-dien,blog/xe-dien/coc-khi-thue-xe-dien/index.html,blog/xe-dien/,,no,no-external,blog/xe-dien/; /,none,yes,MotoAI Editorial,,,0,,,
BA-0142,B03,GUIDE,PLANNED,đỗ xe ở hà nội,Hướng dẫn / thủ tục; đỗ xe ở hà nội,informational,đỗ xe ở hà Nội,do-xe-o-ha-noi,blog/huong-dan/do-xe-o-ha-noi/index.html,blog/huong-dan/,,no,no-external,blog/huong-dan/; /,none,yes,MotoAI Editorial,,,0,,,
BA-0143,B03,SAFE,PLANNED,điện thoại khi lái xe,An toàn / pháp lý; điện thoại khi lái xe,informational-legal,Điện Thoại Khi Lái xe,dien-thoai-khi-lai-xe,blog/an-toan/dien-thoai-khi-lai-xe/index.html,blog/an-toan/,,yes,legal-gate,blog/an-toan/; /,none,no,MotoAI Editorial,,,0,,,legal-gate: CLAIM->SUBJECT->CONDITION->RULE->VERSION->PRIMARY SOURCE required
BA-0144,B03,LOCAL,PLANNED,văn giang ev and bikes,Địa phương / du lịch; văn giang ev and bikes,local-informational,Văn Giang ev And Bikes,van-giang-ev-and-bikes,blog/dia-phuong/van-giang-ev-and-bikes/index.html,blog/dia-phuong/,Hà Nội (khu vực),no,no-external,blog/dia-phuong/; /,none,yes,MotoAI Editorial,,,0,,,
BA-0145,B03,APP,PLANNED,xử lý dữ liệu cá nhân khi thuê xe online,App & Ứng dụng; xử lý dữ liệu cá nhân khi thuê xe online,informational-product,xử lý dữ Liệu cá Nhân Khi Thuê xe Online,xu-ly-du-lieu-ca-nhan-khi-thue-xe-online,blog/app/xu-ly-du-lieu-ca-nhan-khi-thue-xe-online/index.html,blog/app/,,no,no-external,blog/app/; /,none,yes,MotoAI Editorial,,,0,,,
BA-0146,B03,RENT,PLANNED,thuê xe hai người,Thuê xe máy; thuê xe hai người,commercial-informational,Thuê xe Hai Người,thue-xe-hai-nguoi,blog/thue-xe/thue-xe-hai-nguoi/index.html,blog/thue-xe/,,no,no-external,blog/thue-xe/; /,none,yes,MotoAI Editorial,,,0,,,
BA-0147,B03,EV,PLANNED,so sánh các dòng xe điện cho thuê,Xe điện / xe máy điện; so sánh các dòng xe điện cho thuê,informational-product,so Sánh Các Dòng xe Điện Cho Thuê,so-sanh-cac-dong-xe-dien-cho-thue,blog/xe-dien/so-sanh-cac-dong-xe-dien-cho-thue/index.html,blog/xe-dien/,,no,no-external,blog/xe-dien/; /,none,yes,MotoAI Editorial,,,0,,,
BA-0148,B03,GUIDE,PLANNED,luật đỗ xe phố cổ,Hướng dẫn / thủ tục; luật đỗ xe phố cổ,informational,Luật đỗ xe Phố cổ,luat-do-xe-pho-co,blog/huong-dan/luat-do-xe-pho-co/index.html,blog/huong-dan/,,no,no-external,blog/huong-dan/; /,none,yes,MotoAI Editorial,,,0,,,
BA-0149,B03,SAFE,PLANNED,chở trẻ em trên xe máy,An toàn / pháp lý; chở trẻ em trên xe máy,informational-legal,Chở Trẻ em Trên xe Máy,cho-tre-em-tren-xe-may,blog/an-toan/cho-tre-em-tren-xe-may/index.html,blog/an-toan/,,yes,legal-gate,blog/an-toan/; /,none,no,MotoAI Editorial,,,0,,,legal-gate: CLAIM->SUBJECT->CONDITION->RULE->VERSION->PRIMARY SOURCE required
BA-0150,B03,LOCAL,PLANNED,chùa và Hà Nội,Địa phương / du lịch; chùa và Hà Nội,local-informational,Chùa và Hà Nội,chua-va-ha-noi,blog/dia-phuong/chua-va-ha-noi/index.html,blog/dia-phuong/,Hà Nội (khu vực),no,no-external,blog/dia-phuong/; /,none,yes,MotoAI Editorial,,,0,,,
BA-0151,B04,APP,PLANNED,kịch bản dùng app thuê xe cho người mới,App & Ứng dụng; kịch bản dùng app thuê xe cho người mới,informational-product,Kịch Bản Dùng App Thuê xe Cho Người Mới,kich-ban-dung-app-thue-xe-cho-nguoi-moi,blog/app/kich-ban-dung-app-thue-xe-cho-nguoi-moi/index.html,blog/app/,,no,no-external,blog/app/; /,none,yes,MotoAI Editorial,,,0,,,
BA-0152,B04,RENT,PLANNED,chở người thân trên xe thuê,Thuê xe máy; chở người thân trên xe thuê,commercial-informational,Chở Người Thân Trên xe Thuê,cho-nguoi-than-tren-xe-thue,blog/thue-xe/cho-nguoi-than-tren-xe-thue/index.html,blog/thue-xe/,,no,no-external,blog/thue-xe/; /,none,yes,MotoAI Editorial,,,0,,,
BA-0153,B04,EV,PLANNED,thuê xe điện cho khách du lịch,Xe điện / xe máy điện; thuê xe điện cho khách du lịch,informational-product,Thuê xe Điện Cho Khách du Lịch,thue-xe-dien-cho-khach-du-lich,blog/xe-dien/thue-xe-dien-cho-khach-du-lich/index.html,blog/xe-dien/,,no,no-external,blog/xe-dien/; /,none,yes,MotoAI Editorial,,,0,,,
BA-0154,B04,GUIDE,PLANNED,trộm cắp xe và xe thuê,Hướng dẫn / thủ tục; trộm cắp xe và xe thuê,informational,Trộm Cắp xe và xe Thuê,trom-cap-xe-va-xe-thue,blog/huong-dan/trom-cap-xe-va-xe-thue/index.html,blog/huong-dan/,,no,no-external,blog/huong-dan/; /,none,yes,MotoAI Editorial,,,0,,,
BA-0155,B04,SAFE,PLANNED,quy định mũ bảo hiểm trẻ em,An toàn / pháp lý; quy định mũ bảo hiểm trẻ em,informational-legal,Quy Định mũ Bảo Hiểm Trẻ em,quy-dinh-mu-bao-hiem-tre-em,blog/an-toan/quy-dinh-mu-bao-hiem-tre-em/index.html,blog/an-toan/,,yes,legal-gate,blog/an-toan/; /,none,no,MotoAI Editorial,,,0,,,legal-gate: CLAIM->SUBJECT->CONDITION->RULE->VERSION->PRIMARY SOURCE required
BA-0156,B04,LOCAL,PLANNED,đền nguyễn cần bằng xe,Địa phương / du lịch; đền nguyễn cần bằng xe,local-informational,Đền Nguyễn Cần Bằng xe,den-nguyen-can-bang-xe,blog/dia-phuong/den-nguyen-can-bang-xe/index.html,blog/dia-phuong/,Hà Nội (khu vực),no,no-external,blog/dia-phuong/; /,none,yes,MotoAI Editorial,,,0,,,
BA-0157,B04,APP,PLANNED,so sánh ứng dụng thuê xe máy điện và xe xăng,App & Ứng dụng; so sánh ứng dụng thuê xe máy điện và xe xăng,informational-product,so Sánh Ứng Dụng Thuê xe Máy Điện và xe Xăng,so-sanh-ung-dung-thue-xe-may-dien-va-xe-xang,blog/app/so-sanh-ung-dung-thue-xe-may-dien-va-xe-xang/index.html,blog/app/,,no,no-external,blog/app/; /,none,yes,MotoAI Editorial,,,0,,,
BA-0158,B04,RENT,PLANNED,đi phố cổ bằng xe máy thuê,Thuê xe máy; đi phố cổ bằng xe máy thuê,commercial-informational,đi Phố cổ Bằng xe Máy Thuê,di-pho-co-bang-xe-may-thue,blog/thue-xe/di-pho-co-bang-xe-may-thue/index.html,blog/thue-xe/,,no,no-external,blog/thue-xe/; /,none,yes,MotoAI Editorial,,,0,,,
BA-0159,B04,EV,PLANNED,cách giữ pin bền khi thuê xe điện,Xe điện / xe máy điện; cách giữ pin bền khi thuê xe điện,informational-product,Cách Giữ Pin Bền Khi Thuê xe Điện,cach-giu-pin-ben-khi-thue-xe-dien,blog/xe-dien/cach-giu-pin-ben-khi-thue-xe-dien/index.html,blog/xe-dien/,,no,no-external,blog/xe-dien/; /,none,yes,MotoAI Editorial,,,0,,,
BA-0160,B04,GUIDE,PLANNED,khoá xe khi thuê,Hướng dẫn / thủ tục; khoá xe khi thuê,informational,Khoá xe Khi Thuê,khoa-xe-khi-thue,blog/huong-dan/khoa-xe-khi-thue/index.html,blog/huong-dan/,,no,no-external,blog/huong-dan/; /,none,yes,MotoAI Editorial,,,0,,,
BA-0161,B04,SAFE,PLANNED,đeo nón đúng cách,An toàn / pháp lý; đeo nón đúng cách,informational-legal,Đeo Nón Đúng Cách,deo-non-dung-cach,blog/an-toan/deo-non-dung-cach/index.html,blog/an-toan/,,yes,legal-gate,blog/an-toan/; /,none,no,MotoAI Editorial,,,0,,,legal-gate: CLAIM->SUBJECT->CONDITION->RULE->VERSION->PRIMARY SOURCE required
BA-0162,B04,LOCAL,PLANNED,quảng đi long biên view,Địa phương / du lịch; quảng đi long biên view,local-informational,Quảng đi Long Biên View,quang-di-long-bien-view,blog/dia-phuong/quang-di-long-bien-view/index.html,blog/dia-phuong/,Long Biên,no,no-external,blog/dia-phuong/; /,none,yes,MotoAI Editorial,,,0,,,
BA-0163,B04,APP,PLANNED,ứng dụng thuê xe không cần tải,App & Ứng dụng; ứng dụng thuê xe không cần tải,informational-product,Ứng Dụng Thuê xe Không Cần Tải,ung-dung-thue-xe-khong-can-tai,blog/app/ung-dung-thue-xe-khong-can-tai/index.html,blog/app/,,no,no-external,blog/app/; /,none,yes,MotoAI Editorial,,,0,,,
BA-0164,B04,RENT,PLANNED,thuê xe dài ngày giá tốt,Thuê xe máy; thuê xe dài ngày giá tốt,commercial-informational,Thuê xe Dài Ngày Giá Tốt,thue-xe-dai-ngay-gia-tot,blog/thue-xe/thue-xe-dai-ngay-gia-tot/index.html,blog/thue-xe/,,no,no-external,blog/thue-xe/; /,none,yes,MotoAI Editorial,,,0,,,
BA-0165,B04,EV,PLANNED,hết pin giữa đường phải làm gì,Xe điện / xe máy điện; hết pin giữa đường phải làm gì,informational-product,Hết Pin Giữa Đường Phải Làm gì,het-pin-giua-duong-phai-lam-gi,blog/xe-dien/het-pin-giua-duong-phai-lam-gi/index.html,blog/xe-dien/,,no,no-external,blog/xe-dien/; /,none,yes,MotoAI Editorial,,,0,,,
BA-0166,B04,GUIDE,PLANNED,sửa xe nhỏ khi đang thuê,Hướng dẫn / thủ tục; sửa xe nhỏ khi đang thuê,informational,Sửa xe Nhỏ Khi Đang Thuê,sua-xe-nho-khi-dang-thue,blog/huong-dan/sua-xe-nho-khi-dang-thue/index.html,blog/huong-dan/,,no,no-external,blog/huong-dan/; /,none,yes,MotoAI Editorial,,,0,,,
BA-0167,B04,SAFE,PLANNED,thuốc và lái xe,An toàn / pháp lý; thuốc và lái xe,informational-legal,Thuốc và Lái xe,thuoc-va-lai-xe,blog/an-toan/thuoc-va-lai-xe/index.html,blog/an-toan/,,yes,legal-gate,blog/an-toan/; /,none,no,MotoAI Editorial,,,0,,,legal-gate: CLAIM->SUBJECT->CONDITION->RULE->VERSION->PRIMARY SOURCE required
BA-0168,B04,LOCAL,PLANNED,hoàng hôn hồ tây,Địa phương / du lịch; hoàng hôn hồ tây,local-informational,Hoàng Hôn hồ Tây,hoang-hon-ho-tay,blog/dia-phuong/hoang-hon-ho-tay/index.html,blog/dia-phuong/,hồ Tây,no,no-external,blog/dia-phuong/; /,none,yes,MotoAI Editorial,,,0,,,
BA-0169,B04,APP,PLANNED,rental assistant là gì,App & Ứng dụng; rental assistant là gì,informational-product,Rental Assistant là gì,rental-assistant-la-gi,blog/app/rental-assistant-la-gi/index.html,blog/app/,,no,no-external,blog/app/; /,none,yes,MotoAI Editorial,,,0,,,
BA-0170,B04,RENT,PLANNED,ưu đãi thuê xe dài hạn,Thuê xe máy; ưu đãi thuê xe dài hạn,commercial-informational,ưu Đãi Thuê xe Dài Hạn,uu-dai-thue-xe-dai-han,blog/thue-xe/uu-dai-thue-xe-dai-han/index.html,blog/thue-xe/,,no,no-external,blog/thue-xe/; /,none,yes,MotoAI Editorial,,,0,,,
BA-0171,B04,EV,PLANNED,trạm đổi pin,Xe điện / xe máy điện; trạm đổi pin,informational-product,Trạm Đổi Pin,tram-doi-pin,blog/xe-dien/tram-doi-pin/index.html,blog/xe-dien/,,no,no-external,blog/xe-dien/; /,none,yes,MotoAI Editorial,,,0,,,
BA-0172,B04,GUIDE,PLANNED,gặp cảnh sát giao thông với xe thuê,Hướng dẫn / thủ tục; gặp cảnh sát giao thông với xe thuê,informational,Gặp Cảnh Sát Giao Thông Với xe Thuê,gap-canh-sat-giao-thong-voi-xe-thue,blog/huong-dan/gap-canh-sat-giao-thong-voi-xe-thue/index.html,blog/huong-dan/,,no,no-external,blog/huong-dan/; /,none,yes,MotoAI Editorial,,,0,,,
BA-0173,B04,SAFE,PLANNED,mệt mỏi khi lái đường dài,An toàn / pháp lý; mệt mỏi khi lái đường dài,informational-legal,Mệt Mỏi Khi Lái Đường Dài,met-moi-khi-lai-duong-dai,blog/an-toan/met-moi-khi-lai-duong-dai/index.html,blog/an-toan/,,yes,legal-gate,blog/an-toan/; /,none,no,MotoAI Editorial,,,0,,,legal-gate: CLAIM->SUBJECT->CONDITION->RULE->VERSION->PRIMARY SOURCE required
BA-0174,B04,LOCAL,PLANNED,chạy buổi sáng hồ gươm,Địa phương / du lịch; chạy buổi sáng hồ gươm,local-informational,Chạy Buổi Sáng hồ Gươm,chay-buoi-sang-ho-guom,blog/dia-phuong/chay-buoi-sang-ho-guom/index.html,blog/dia-phuong/,Hà Nội (khu vực),no,no-external,blog/dia-phuong/; /,none,yes,MotoAI Editorial,,,0,,,
BA-0175,B04,APP,PLANNED,agent chọn xe giúp bạn,App & Ứng dụng; agent chọn xe giúp bạn,informational-product,Agent Chọn xe Giúp Bạn,agent-chon-xe-giup-ban,blog/app/agent-chon-xe-giup-ban/index.html,blog/app/,,no,no-external,blog/app/; /,none,yes,MotoAI Editorial,,,0,,,
BA-0176,B04,RENT,PLANNED,mùa cao điểm thuê xe máy,Thuê xe máy; mùa cao điểm thuê xe máy,commercial-informational,Mùa Cao Điểm Thuê xe Máy,mua-cao-diem-thue-xe-may,blog/thue-xe/mua-cao-diem-thue-xe-may/index.html,blog/thue-xe/,,no,no-external,blog/thue-xe/; /,none,yes,MotoAI Editorial,,,0,,,
BA-0177,B04,EV,PLANNED,app theo dõi pin xe điện,Xe điện / xe máy điện; app theo dõi pin xe điện,informational-product,App Theo Dõi Pin xe Điện,app-theo-doi-pin-xe-dien,blog/xe-dien/app-theo-doi-pin-xe-dien/index.html,blog/xe-dien/,,no,no-external,blog/xe-dien/; /,none,yes,MotoAI Editorial,,,0,,,
BA-0178,B04,GUIDE,PLANNED,giấy tờ người nước ngoài thuê xe,Hướng dẫn / thủ tục; giấy tờ người nước ngoài thuê xe,informational,Giấy tờ Người Nước Ngoài Thuê xe,giay-to-nguoi-nuoc-ngoai-thue-xe,blog/huong-dan/giay-to-nguoi-nuoc-ngoai-thue-xe/index.html,blog/huong-dan/,,no,no-external,blog/huong-dan/; /,none,yes,MotoAI Editorial,,,0,,,
BA-0179,B04,SAFE,PLANNED,đi nhóm an toàn,An toàn / pháp lý; đi nhóm an toàn,informational-legal,đi Nhóm an Toàn,di-nhom-an-toan,blog/an-toan/di-nhom-an-toan/index.html,blog/an-toan/,,yes,legal-gate,blog/an-toan/; /,none,no,MotoAI Editorial,,,0,,,legal-gate: CLAIM->SUBJECT->CONDITION->RULE->VERSION->PRIMARY SOURCE required
BA-0180,B04,LOCAL,PLANNED,cà phê phố cổ,Địa phương / du lịch; cà phê phố cổ,local-informational,cà Phê Phố cổ,ca-phe-pho-co,blog/dia-phuong/ca-phe-pho-co/index.html,blog/dia-phuong/,Phố cổ,no,no-external,blog/dia-phuong/; /,none,yes,MotoAI Editorial,,,0,,,
BA-0181,B04,APP,PLANNED,đặt cọc và ứng dụng thuê xe,App & Ứng dụng; đặt cọc và ứng dụng thuê xe,informational-product,Đặt Cọc và Ứng Dụng Thuê xe,dat-coc-va-ung-dung-thue-xe,blog/app/dat-coc-va-ung-dung-thue-xe/index.html,blog/app/,,no,no-external,blog/app/; /,none,yes,MotoAI Editorial,,,0,,,
BA-0182,B04,RENT,PLANNED,đặt xe trước hay đến trực tiếp,Thuê xe máy; đặt xe trước hay đến trực tiếp,commercial-informational,Đặt xe Trước Hay Đến Trực Tiếp,dat-xe-truoc-hay-den-truc-tiep,blog/thue-xe/dat-xe-truoc-hay-den-truc-tiep/index.html,blog/thue-xe/,,no,no-external,blog/thue-xe/; /,none,yes,MotoAI Editorial,,,0,,,
BA-0183,B04,EV,PLANNED,ứng dụng tìm chỗ sạc xe,Xe điện / xe máy điện; ứng dụng tìm chỗ sạc xe,informational-product,Ứng Dụng Tìm Chỗ Sạc xe,ung-dung-tim-cho-sac-xe,blog/xe-dien/ung-dung-tim-cho-sac-xe/index.html,blog/xe-dien/,,no,no-external,blog/xe-dien/; /,none,yes,MotoAI Editorial,,,0,,,
BA-0184,B04,GUIDE,PLANNED,dịch công chứng giấy tờ thuê xe,Hướng dẫn / thủ tục; dịch công chứng giấy tờ thuê xe,informational,Dịch Công Chứng Giấy tờ Thuê xe,dich-cong-chung-giay-to-thue-xe,blog/huong-dan/dich-cong-chung-giay-to-thue-xe/index.html,blog/huong-dan/,,no,no-external,blog/huong-dan/; /,none,yes,MotoAI Editorial,,,0,,,
BA-0185,B04,SAFE,PLANNED,bão và xe máy,An toàn / pháp lý; bão và xe máy,informational-legal,Bão và xe Máy,bao-va-xe-may,blog/an-toan/bao-va-xe-may/index.html,blog/an-toan/,,yes,legal-gate,blog/an-toan/; /,none,no,MotoAI Editorial,,,0,,,legal-gate: CLAIM->SUBJECT->CONDITION->RULE->VERSION->PRIMARY SOURCE required
BA-0186,B04,LOCAL,PLANNED,cà phê trứng và xe máy,Địa phương / du lịch; cà phê trứng và xe máy,local-informational,cà Phê Trứng và xe Máy,ca-phe-trung-va-xe-may,blog/dia-phuong/ca-phe-trung-va-xe-may/index.html,blog/dia-phuong/,Hà Nội (khu vực),no,no-external,blog/dia-phuong/; /,none,yes,MotoAI Editorial,,,0,,,
BA-0187,B04,APP,PLANNED,nhận xe khi đặt qua ứng dụng,App & Ứng dụng; nhận xe khi đặt qua ứng dụng,informational-product,Nhận xe Khi Đặt Qua Ứng Dụng,nhan-xe-khi-dat-qua-ung-dung,blog/app/nhan-xe-khi-dat-qua-ung-dung/index.html,blog/app/,,no,no-external,blog/app/; /,none,yes,MotoAI Editorial,,,0,,,
BA-0188,B04,RENT,PLANNED,liên hệ đặt xe nhanh,Thuê xe máy; liên hệ đặt xe nhanh,commercial-informational,Liên hệ Đặt xe Nhanh,lien-he-dat-xe-nhanh,blog/thue-xe/lien-he-dat-xe-nhanh/index.html,blog/thue-xe/,,no,no-external,blog/thue-xe/; /,none,yes,MotoAI Editorial,,,0,,,
BA-0189,B04,EV,PLANNED,công cụ ước tính quãng đường xe điện,Xe điện / xe máy điện; công cụ ước tính quãng đường xe điện,informational-product,Công cụ Ước Tính Quãng Đường xe Điện,cong-cu-uoc-tinh-quang-duong-xe-dien,blog/xe-dien/cong-cu-uoc-tinh-quang-duong-xe-dien/index.html,blog/xe-dien/,,no,no-external,blog/xe-dien/; /,none,yes,MotoAI Editorial,,,0,,,
BA-0190,B04,GUIDE,PLANNED,thuê xe cho người dưới 18 tuổi,Hướng dẫn / thủ tục; thuê xe cho người dưới 18 tuổi,informational,Thuê xe Cho Người Dưới 18 Tuổi,thue-xe-cho-nguoi-duoi-18-tuoi,blog/huong-dan/thue-xe-cho-nguoi-duoi-18-tuoi/index.html,blog/huong-dan/,,no,no-external,blog/huong-dan/; /,none,yes,MotoAI Editorial,,,0,,,
BA-0191,B04,SAFE,PLANNED,ngập nước và xe máy,An toàn / pháp lý; ngập nước và xe máy,informational-legal,Ngập Nước và xe Máy,ngap-nuoc-va-xe-may,blog/an-toan/ngap-nuoc-va-xe-may/index.html,blog/an-toan/,,yes,legal-gate,blog/an-toan/; /,none,no,MotoAI Editorial,,,0,,,legal-gate: CLAIM->SUBJECT->CONDITION->RULE->VERSION->PRIMARY SOURCE required
BA-0192,B04,LOCAL,PLANNED,bánh cuốn và hành trình,Địa phương / du lịch; bánh cuốn và hành trình,local-informational,Bánh Cuốn và Hành Trình,banh-cuon-va-hanh-trinh,blog/dia-phuong/banh-cuon-va-hanh-trinh/index.html,blog/dia-phuong/,Hà Nội (khu vực),no,no-external,blog/dia-phuong/; /,none,yes,MotoAI Editorial,,,0,,,
BA-0193,B04,APP,PLANNED,hủy lịch thuê xe qua app,App & Ứng dụng; hủy lịch thuê xe qua app,informational-product,Hủy Lịch Thuê xe Qua App,huy-lich-thue-xe-qua-app,blog/app/huy-lich-thue-xe-qua-app/index.html,blog/app/,,no,no-external,blog/app/; /,none,yes,MotoAI Editorial,,,0,,,
BA-0194,B04,RENT,PLANNED,xác nhận giá trước khi đặt,Thuê xe máy; xác nhận giá trước khi đặt,commercial-informational,Xác Nhận Giá Trước Khi Đặt,xac-nhan-gia-truoc-khi-dat,blog/thue-xe/xac-nhan-gia-truoc-khi-dat/index.html,blog/thue-xe/,,no,no-external,blog/thue-xe/; /,none,yes,MotoAI Editorial,,,0,,,
BA-0195,B04,EV,PLANNED,xe điện và mùi môi trường,Xe điện / xe máy điện; xe điện và mùi môi trường,informational-product,xe Điện và Mùi Môi Trường,xe-dien-va-mui-moi-truong,blog/xe-dien/xe-dien-va-mui-moi-truong/index.html,blog/xe-dien/,,no,no-external,blog/xe-dien/; /,none,yes,MotoAI Editorial,,,0,,,
BA-0196,B04,GUIDE,PLANNED,thuê xe cần người bảo lãnh không,Hướng dẫn / thủ tục; thuê xe cần người bảo lãnh không,informational,Thuê xe Cần Người Bảo Lãnh Không,thue-xe-can-nguoi-bao-lanh-khong,blog/huong-dan/thue-xe-can-nguoi-bao-lanh-khong/index.html,blog/huong-dan/,,no,no-external,blog/huong-dan/; /,none,yes,MotoAI Editorial,,,0,,,
BA-0197,B04,SAFE,PLANNED,trộm xe và phòng ngừa,An toàn / pháp lý; trộm xe và phòng ngừa,informational-legal,Trộm xe và Phòng Ngừa,trom-xe-va-phong-ngua,blog/an-toan/trom-xe-va-phong-ngua/index.html,blog/an-toan/,,yes,legal-gate,blog/an-toan/; /,none,no,MotoAI Editorial,,,0,,,legal-gate: CLAIM->SUBJECT->CONDITION->RULE->VERSION->PRIMARY SOURCE required
BA-0198,B04,LOCAL,PLANNED,phở bò và hành trình sáng,Địa phương / du lịch; phở bò và hành trình sáng,local-informational,Phở bò và Hành Trình Sáng,pho-bo-va-hanh-trinh-sang,blog/dia-phuong/pho-bo-va-hanh-trinh-sang/index.html,blog/dia-phuong/,Hà Nội (khu vực),no,no-external,blog/dia-phuong/; /,none,yes,MotoAI Editorial,,,0,,,
BA-0199,B04,APP,PLANNED,app thuê xe cho người nước ngoài,App & Ứng dụng; app thuê xe cho người nước ngoài,informational-product,App Thuê xe Cho Người Nước Ngoài,app-thue-xe-cho-nguoi-nuoc-ngoai,blog/app/app-thue-xe-cho-nguoi-nuoc-ngoai/index.html,blog/app/,,no,no-external,blog/app/; /,none,yes,MotoAI Editorial,,,0,,,
BA-0200,B04,RENT,PLANNED,xe thuê có bảo hiểm không,Thuê xe máy; xe thuê có bảo hiểm không,commercial-informational,xe Thuê có Bảo Hiểm Không,xe-thue-co-bao-hiem-khong,blog/thue-xe/xe-thue-co-bao-hiem-khong/index.html,blog/thue-xe/,,no,no-external,blog/thue-xe/; /,none,yes,MotoAI Editorial,,,0,,,
BA-0201,B05,EV,PLANNED,xe điện giảm tiếng ồn phố,Xe điện / xe máy điện; xe điện giảm tiếng ồn phố,informational-product,xe Điện Giảm Tiếng ồn Phố,xe-dien-giam-tieng-on-pho,blog/xe-dien/xe-dien-giam-tieng-on-pho/index.html,blog/xe-dien/,,no,no-external,blog/xe-dien/; /,none,yes,MotoAI Editorial,,,0,,,
BA-0202,B05,GUIDE,PLANNED,thời gian nhận xe sớm,Hướng dẫn / thủ tục; thời gian nhận xe sớm,informational,Thời Gian Nhận xe Sớm,thoi-gian-nhan-xe-som,blog/huong-dan/thoi-gian-nhan-xe-som/index.html,blog/huong-dan/,,no,no-external,blog/huong-dan/; /,none,yes,MotoAI Editorial,,,0,,,
BA-0203,B05,SAFE,PLANNED,camera phạt nguội khi thuê xe,An toàn / pháp lý; camera phạt nguội khi thuê xe,informational-legal,Camera Phạt Nguội Khi Thuê xe,camera-phat-nguoi-khi-thue-xe,blog/an-toan/camera-phat-nguoi-khi-thue-xe/index.html,blog/an-toan/,,yes,legal-gate,blog/an-toan/; /,none,no,MotoAI Editorial,,,0,,,legal-gate: CLAIM->SUBJECT->CONDITION->RULE->VERSION->PRIMARY SOURCE required
BA-0204,B05,LOCAL,PLANNED,chợ hoa quận tám,Địa phương / du lịch; chợ hoa quận tám,local-informational,Chợ Hoa Quận Tám,cho-hoa-quan-tam,blog/dia-phuong/cho-hoa-quan-tam/index.html,blog/dia-phuong/,Hà Nội (khu vực),no,no-external,blog/dia-phuong/; /,none,yes,MotoAI Editorial,,,0,,,
BA-0205,B05,APP,PLANNED,ứng dụng thuê xe tiếng Anh,App & Ứng dụng; ứng dụng thuê xe tiếng Anh,informational-product,Ứng Dụng Thuê xe Tiếng Anh,ung-dung-thue-xe-tieng-anh,blog/app/ung-dung-thue-xe-tieng-anh/index.html,blog/app/,,no,no-external,blog/app/; /,none,yes,MotoAI Editorial,,,0,,,
BA-0206,B05,RENT,PLANNED,hỏng xe giữa đường khi thuê,Thuê xe máy; hỏng xe giữa đường khi thuê,commercial-informational,Hỏng xe Giữa Đường Khi Thuê,hong-xe-giua-duong-khi-thue,blog/thue-xe/hong-xe-giua-duong-khi-thue/index.html,blog/thue-xe/,,no,no-external,blog/thue-xe/; /,none,yes,MotoAI Editorial,,,0,,,
BA-0207,B05,EV,PLANNED,chính sách khuyến khích xe điện,Xe điện / xe máy điện; chính sách khuyến khích xe điện,informational-product,Chính Sách Khuyến Khích xe Điện,chinh-sach-khuyen-khich-xe-dien,blog/xe-dien/chinh-sach-khuyen-khich-xe-dien/index.html,blog/xe-dien/,,no,no-external,blog/xe-dien/; /,none,yes,MotoAI Editorial,,,0,,,
BA-0208,B05,GUIDE,PLANNED,nhận xe ban đêm,Hướng dẫn / thủ tục; nhận xe ban đêm,informational,Nhận xe Ban Đêm,nhan-xe-ban-dem,blog/huong-dan/nhan-xe-ban-dem/index.html,blog/huong-dan/,,no,no-external,blog/huong-dan/; /,none,yes,MotoAI Editorial,,,0,,,
BA-0209,B05,SAFE,PLANNED,phạt nguội và xe thuê,An toàn / pháp lý; phạt nguội và xe thuê,informational-legal,Phạt Nguội và xe Thuê,phat-nguoi-va-xe-thue,blog/an-toan/phat-nguoi-va-xe-thue/index.html,blog/an-toan/,,yes,legal-gate,blog/an-toan/; /,none,no,MotoAI Editorial,,,0,,,legal-gate: CLAIM->SUBJECT->CONDITION->RULE->VERSION->PRIMARY SOURCE required
BA-0210,B05,LOCAL,PLANNED,chùa một cột hà nội,Địa phương / du lịch; chùa một cột hà nội,local-informational,Chùa Một Cột hà Nội,chua-mot-cot-ha-noi,blog/dia-phuong/chua-mot-cot-ha-noi/index.html,blog/dia-phuong/,hà Nội,no,no-external,blog/dia-phuong/; /,none,yes,MotoAI Editorial,,,0,,,
BA-0211,B05,APP,PLANNED,kết nối Zalo với ứng dụng thuê xe,App & Ứng dụng; kết nối Zalo với ứng dụng thuê xe,informational-product,Kết Nối Zalo Với Ứng Dụng Thuê xe,ket-noi-zalo-voi-ung-dung-thue-xe,blog/app/ket-noi-zalo-voi-ung-dung-thue-xe/index.html,blog/app/,,no,no-external,blog/app/; /,none,yes,MotoAI Editorial,,,0,,,
BA-0212,B05,RENT,PLANNED,hỗ trợ khi xe thuê gặp sự cố,Thuê xe máy; hỗ trợ khi xe thuê gặp sự cố,commercial-informational,hỗ Trợ Khi xe Thuê Gặp sự cố,ho-tro-khi-xe-thue-gap-su-co,blog/thue-xe/ho-tro-khi-xe-thue-gap-su-co/index.html,blog/thue-xe/,,no,no-external,blog/thue-xe/; /,none,yes,MotoAI Editorial,,,0,,,
BA-0213,B05,EV,PLANNED,xe điện hết hạn pin,Xe điện / xe máy điện; xe điện hết hạn pin,informational-product,xe Điện Hết Hạn Pin,xe-dien-het-han-pin,blog/xe-dien/xe-dien-het-han-pin/index.html,blog/xe-dien/,,no,no-external,blog/xe-dien/; /,none,yes,MotoAI Editorial,,,0,,,
BA-0214,B05,GUIDE,PLANNED,giao xe tại khách sạn,Hướng dẫn / thủ tục; giao xe tại khách sạn,informational,Giao xe Tại Khách Sạn,giao-xe-tai-khach-san,blog/huong-dan/giao-xe-tai-khach-san/index.html,blog/huong-dan/,,no,no-external,blog/huong-dan/; /,none,yes,MotoAI Editorial,,,0,,,
BA-0215,B05,SAFE,PLANNED,ai chịu phạt khi đi xe thuê,An toàn / pháp lý; ai chịu phạt khi đi xe thuê,informational-legal,ai Chịu Phạt Khi đi xe Thuê,ai-chiu-phat-khi-di-xe-thue,blog/an-toan/ai-chiu-phat-khi-di-xe-thue/index.html,blog/an-toan/,,yes,legal-gate,blog/an-toan/; /,none,no,MotoAI Editorial,,,0,,,legal-gate: CLAIM->SUBJECT->CONDITION->RULE->VERSION->PRIMARY SOURCE required
BA-0216,B05,LOCAL,PLANNED,cầu nhật tân hoàng hôn,Địa phương / du lịch; cầu nhật tân hoàng hôn,local-informational,Cầu Nhật Tân Hoàng Hôn,cau-nhat-tan-hoang-hon,blog/dia-phuong/cau-nhat-tan-hoang-hon/index.html,blog/dia-phuong/,Hà Nội (khu vực),no,no-external,blog/dia-phuong/; /,none,yes,MotoAI Editorial,,,0,,,
BA-0217,B05,APP,PLANNED,gọi điện từ ứng dụng thuê xe,App & Ứng dụng; gọi điện từ ứng dụng thuê xe,informational-product,Gọi Điện từ Ứng Dụng Thuê xe,goi-dien-tu-ung-dung-thue-xe,blog/app/goi-dien-tu-ung-dung-thue-xe/index.html,blog/app/,,no,no-external,blog/app/; /,none,yes,MotoAI Editorial,,,0,,,
BA-0218,B05,RENT,PLANNED,thuê xe giao tận nơi,Thuê xe máy; thuê xe giao tận nơi,commercial-informational,Thuê xe Giao Tận Nơi,thue-xe-giao-tan-noi,blog/thue-xe/thue-xe-giao-tan-noi/index.html,blog/thue-xe/,,no,no-external,blog/thue-xe/; /,none,yes,MotoAI Editorial,,,0,,,
BA-0219,B05,EV,PLANNED,thuê xe điện ban đêm,Xe điện / xe máy điện; thuê xe điện ban đêm,informational-product,Thuê xe Điện Ban Đêm,thue-xe-dien-ban-dem,blog/xe-dien/thue-xe-dien-ban-dem/index.html,blog/xe-dien/,,no,no-external,blog/xe-dien/; /,none,yes,MotoAI Editorial,,,0,,,
BA-0220,B05,GUIDE,PLANNED,giao xe tại sân bay nội bài,Hướng dẫn / thủ tục; giao xe tại sân bay nội bài,informational,Giao xe Tại Sân Bay Nội Bài,giao-xe-tai-san-bay-noi-bai,blog/huong-dan/giao-xe-tai-san-bay-noi-bai/index.html,blog/huong-dan/,,no,no-external,blog/huong-dan/; /,none,yes,MotoAI Editorial,,,0,,,
BA-0221,B05,SAFE,PLANNED,cầm đồ xe máy đúng luật,An toàn / pháp lý; cầm đồ xe máy đúng luật,informational-legal,Cầm đồ xe Máy Đúng Luật,cam-do-xe-may-dung-luat,blog/an-toan/cam-do-xe-may-dung-luat/index.html,blog/an-toan/,,yes,legal-gate,blog/an-toan/; /,none,no,MotoAI Editorial,,,0,,,legal-gate: CLAIM->SUBJECT->CONDITION->RULE->VERSION->PRIMARY SOURCE required
BA-0222,B05,LOCAL,PLANNED,đường 5 và ngoại ô,Địa phương / du lịch; đường 5 và ngoại ô,local-informational,Đường 5 và Ngoại ô,duong-5-va-ngoai-o,blog/dia-phuong/duong-5-va-ngoai-o/index.html,blog/dia-phuong/,Hà Nội (khu vực),no,no-external,blog/dia-phuong/; /,none,yes,MotoAI Editorial,,,0,,,
BA-0223,B05,APP,PLANNED,kinh nghiệm dùng trợ lý thuê xe lần đầu,App & Ứng dụng; kinh nghiệm dùng trợ lý thuê xe lần đầu,informational-product,Kinh Nghiệm Dùng Trợ lý Thuê xe Lần Đầu,kinh-nghiem-dung-tro-ly-thue-xe-lan-dau,blog/app/kinh-nghiem-dung-tro-ly-thue-xe-lan-dau/index.html,blog/app/,,no,no-external,blog/app/; /,none,yes,MotoAI Editorial,,,0,,,
BA-0224,B05,RENT,PLANNED,phí giao xe thuê,Thuê xe máy; phí giao xe thuê,commercial-informational,Phí Giao xe Thuê,phi-giao-xe-thue,blog/thue-xe/phi-giao-xe-thue/index.html,blog/thue-xe/,,no,no-external,blog/thue-xe/; /,none,yes,MotoAI Editorial,,,0,,,
BA-0225,B05,EV,PLANNED,xe điện và thời tiết lạnh,Xe điện / xe máy điện; xe điện và thời tiết lạnh,informational-product,xe Điện và Thời Tiết Lạnh,xe-dien-va-thoi-tiet-lanh,blog/xe-dien/xe-dien-va-thoi-tiet-lanh/index.html,blog/xe-dien/,,no,no-external,blog/xe-dien/; /,none,yes,MotoAI Editorial,,,0,,,
BA-0226,B05,GUIDE,PLANNED,thuê xe và check-in khách sạn,Hướng dẫn / thủ tục; thuê xe và check-in khách sạn,informational,Thuê xe và Check-in Khách Sạn,thue-xe-va-check-in-khach-san,blog/huong-dan/thue-xe-va-check-in-khach-san/index.html,blog/huong-dan/,,no,no-external,blog/huong-dan/; /,none,yes,MotoAI Editorial,,,0,,,
BA-0227,B05,SAFE,PLANNED,mua bán xe máy giấy tờ,An toàn / pháp lý; mua bán xe máy giấy tờ,informational-legal,Mua Bán xe Máy Giấy tờ,mua-ban-xe-may-giay-to,blog/an-toan/mua-ban-xe-may-giay-to/index.html,blog/an-toan/,,yes,legal-gate,blog/an-toan/; /,none,no,MotoAI Editorial,,,0,,,legal-gate: CLAIM->SUBJECT->CONDITION->RULE->VERSION->PRIMARY SOURCE required
BA-0228,B05,LOCAL,PLANNED,soc son và co loa,Địa phương / du lịch; soc son và co loa,local-informational,Soc Son và co Loa,soc-son-va-co-loa,blog/dia-phuong/soc-son-va-co-loa/index.html,blog/dia-phuong/,Hà Nội (khu vực),no,no-external,blog/dia-phuong/; /,none,yes,MotoAI Editorial,,,0,,,
BA-0229,B05,APP,PLANNED,ứng dụng thuê xe trên điện thoại cũ,App & Ứng dụng; ứng dụng thuê xe trên điện thoại cũ,informational-product,Ứng Dụng Thuê xe Trên Điện Thoại cũ,ung-dung-thue-xe-tren-dien-thoai-cu,blog/app/ung-dung-thue-xe-tren-dien-thoai-cu/index.html,blog/app/,,no,no-external,blog/app/; /,none,yes,MotoAI Editorial,,,0,,,
BA-0230,B05,RENT,PLANNED,thuê xe ở ga tàu sân bay,Thuê xe máy; thuê xe ở ga tàu sân bay,commercial-informational,Thuê xe ở ga Tàu Sân Bay,thue-xe-o-ga-tau-san-bay,blog/thue-xe/thue-xe-o-ga-tau-san-bay/index.html,blog/thue-xe/,,no,no-external,blog/thue-xe/; /,none,yes,MotoAI Editorial,,,0,,,
BA-0231,B05,EV,PLANNED,xe điện và đường dốc,Xe điện / xe máy điện; xe điện và đường dốc,informational-product,xe Điện và Đường Dốc,xe-dien-va-duong-doc,blog/xe-dien/xe-dien-va-duong-doc/index.html,blog/xe-dien/,,no,no-external,blog/xe-dien/; /,none,yes,MotoAI Editorial,,,0,,,
BA-0232,B05,GUIDE,PLANNED,lên kế hoạch hành trình với agent,Hướng dẫn / thủ tục; lên kế hoạch hành trình với agent,informational,Lên kế Hoạch Hành Trình Với Agent,len-ke-hoach-hanh-trinh-voi-agent,blog/huong-dan/len-ke-hoach-hanh-trinh-voi-agent/index.html,blog/huong-dan/,,no,no-external,blog/huong-dan/; /,none,yes,MotoAI Editorial,,,0,,,
BA-0233,B05,SAFE,PLANNED,kiểm định xe máy,An toàn / pháp lý; kiểm định xe máy,informational-legal,Kiểm Định xe Máy,kiem-dinh-xe-may,blog/an-toan/kiem-dinh-xe-may/index.html,blog/an-toan/,,yes,legal-gate,blog/an-toan/; /,none,no,MotoAI Editorial,,,0,,,legal-gate: CLAIM->SUBJECT->CONDITION->RULE->VERSION->PRIMARY SOURCE required
BA-0234,B05,LOCAL,PLANNED,ba vì cuối tuần,Địa phương / du lịch; ba vì cuối tuần,local-informational,ba vì Cuối Tuần,ba-vi-cuoi-tuan,blog/dia-phuong/ba-vi-cuoi-tuan/index.html,blog/dia-phuong/,Hà Nội (khu vực),no,no-external,blog/dia-phuong/; /,none,yes,MotoAI Editorial,,,0,,,
BA-0235,B05,APP,PLANNED,app thuê xe không cần tài khoản,App & Ứng dụng; app thuê xe không cần tài khoản,informational-product,App Thuê xe Không Cần Tài Khoản,app-thue-xe-khong-can-tai-khoan,blog/app/app-thue-xe-khong-can-tai-khoan/index.html,blog/app/,,no,no-external,blog/app/; /,none,yes,MotoAI Editorial,,,0,,,
BA-0236,B05,RENT,PLANNED,so sánh thuê xe máy và taxi,Thuê xe máy; so sánh thuê xe máy và taxi,commercial-informational,so Sánh Thuê xe Máy và Taxi,so-sanh-thue-xe-may-va-taxi,blog/thue-xe/so-sanh-thue-xe-may-va-taxi/index.html,blog/thue-xe/,,no,no-external,blog/thue-xe/; /,none,yes,MotoAI Editorial,,,0,,,
BA-0237,B05,EV,PLANNED,lốp xe điện,Xe điện / xe máy điện; lốp xe điện,informational-product,Lốp xe Điện,lop-xe-dien,blog/xe-dien/lop-xe-dien/index.html,blog/xe-dien/,,no,no-external,blog/xe-dien/; /,none,yes,MotoAI Editorial,,,0,,,
BA-0238,B05,GUIDE,PLANNED,tính lộ trình thuê xe theo ngày,Hướng dẫn / thủ tục; tính lộ trình thuê xe theo ngày,informational,Tính lộ Trình Thuê xe Theo Ngày,tinh-lo-trinh-thue-xe-theo-ngay,blog/huong-dan/tinh-lo-trinh-thue-xe-theo-ngay/index.html,blog/huong-dan/,,no,no-external,blog/huong-dan/; /,none,yes,MotoAI Editorial,,,0,,,
BA-0239,B05,SAFE,PLANNED,thuế và phí xe máy cá nhân,An toàn / pháp lý; thuế và phí xe máy cá nhân,informational-legal,Thuế và Phí xe Máy cá Nhân,thue-va-phi-xe-may-ca-nhan,blog/an-toan/thue-va-phi-xe-may-ca-nhan/index.html,blog/an-toan/,,yes,legal-gate,blog/an-toan/; /,none,no,MotoAI Editorial,,,0,,,legal-gate: CLAIM->SUBJECT->CONDITION->RULE->VERSION->PRIMARY SOURCE required
BA-0240,B05,LOCAL,PLANNED,thạch thất và sơn tây,Địa phương / du lịch; thạch thất và sơn tây,local-informational,Thạch Thất và Sơn Tây,thach-that-va-son-tay,blog/dia-phuong/thach-that-va-son-tay/index.html,blog/dia-phuong/,Hà Nội (khu vực),no,no-external,blog/dia-phuong/; /,none,yes,MotoAI Editorial,,,0,,,
BA-0241,B05,APP,PLANNED,trợ lý ảo tư vấn thuê xe máy,App & Ứng dụng; trợ lý ảo tư vấn thuê xe máy,informational-product,Trợ lý ảo tư Vấn Thuê xe Máy,tro-ly-ao-tu-van-thue-xe-may,blog/app/tro-ly-ao-tu-van-thue-xe-may/index.html,blog/app/,,no,no-external,blog/app/; /,none,yes,MotoAI Editorial,,,0,,,
BA-0242,B05,RENT,PLANNED,thuê xe máy hay đi grab,Thuê xe máy; thuê xe máy hay đi grab,commercial-informational,Thuê xe Máy Hay đi Grab,thue-xe-may-hay-di-grab,blog/thue-xe/thue-xe-may-hay-di-grab/index.html,blog/thue-xe/,,no,no-external,blog/thue-xe/; /,none,yes,MotoAI Editorial,,,0,,,
BA-0243,B05,EV,PLANNED,phanh xe máy điện,Xe điện / xe máy điện; phanh xe máy điện,informational-product,Phanh xe Máy Điện,phanh-xe-may-dien,blog/xe-dien/phanh-xe-may-dien/index.html,blog/xe-dien/,,no,no-external,blog/xe-dien/; /,none,yes,MotoAI Editorial,,,0,,,
BA-0244,B05,GUIDE,PLANNED,đi chợ bằng xe thuê,Hướng dẫn / thủ tục; đi chợ bằng xe thuê,informational,đi Chợ Bằng xe Thuê,di-cho-bang-xe-thue,blog/huong-dan/di-cho-bang-xe-thue/index.html,blog/huong-dan/,,no,no-external,blog/huong-dan/; /,none,yes,MotoAI Editorial,,,0,,,
BA-0245,B05,SAFE,PLANNED,tránh app thuê xe lừa đảo,An toàn / pháp lý; tránh app thuê xe lừa đảo,informational-legal,Tránh App Thuê xe Lừa Đảo,tranh-app-thue-xe-lua-dao,blog/an-toan/tranh-app-thue-xe-lua-dao/index.html,blog/an-toan/,,yes,legal-gate,blog/an-toan/; /,none,no,MotoAI Editorial,,,0,,,legal-gate: CLAIM->SUBJECT->CONDITION->RULE->VERSION->PRIMARY SOURCE required
BA-0246,B05,LOCAL,PLANNED,hòa bình đường trường,Địa phương / du lịch; hòa bình đường trường,local-informational,Hòa Bình Đường Trường,hoa-binh-duong-truong,blog/dia-phuong/hoa-binh-duong-truong/index.html,blog/dia-phuong/,Hà Nội (khu vực),no,no-external,blog/dia-phuong/; /,none,yes,MotoAI Editorial,,,0,,,
BA-0247,B05,APP,PLANNED,cách ứng dụng hiểu câu hỏi về giá xe,App & Ứng dụng; cách ứng dụng hiểu câu hỏi về giá xe,informational-product,Cách Ứng Dụng Hiểu Câu Hỏi về Giá xe,cach-ung-dung-hieu-cau-hoi-ve-gia-xe,blog/app/cach-ung-dung-hieu-cau-hoi-ve-gia-xe/index.html,blog/app/,,no,no-external,blog/app/; /,none,yes,MotoAI Editorial,,,0,,,
BA-0248,B05,RENT,PLANNED,khoảng chi phí đi lại khi thuê xe,Thuê xe máy; khoảng chi phí đi lại khi thuê xe,commercial-informational,Khoảng Chi Phí đi Lại Khi Thuê xe,khoang-chi-phi-di-lai-khi-thue-xe,blog/thue-xe/khoang-chi-phi-di-lai-khi-thue-xe/index.html,blog/thue-xe/,,no,no-external,blog/thue-xe/; /,none,yes,MotoAI Editorial,,,0,,,
BA-0249,B05,EV,PLANNED,hộp số xe điện,Xe điện / xe máy điện; hộp số xe điện,informational-product,Hộp số xe Điện,hop-so-xe-dien,blog/xe-dien/hop-so-xe-dien/index.html,blog/xe-dien/,,no,no-external,blog/xe-dien/; /,none,yes,MotoAI Editorial,,,0,,,
BA-0250,B05,GUIDE,PLANNED,mua sắm và chở đồ,Hướng dẫn / thủ tục; mua sắm và chở đồ,informational,Mua Sắm và Chở đồ,mua-sam-va-cho-do,blog/huong-dan/mua-sam-va-cho-do/index.html,blog/huong-dan/,,no,no-external,blog/huong-dan/; /,none,yes,MotoAI Editorial,,,0,,,
BA-0251,B06,SAFE,PLANNED,nhận diện hợp đồng thuê xe hợp pháp,An toàn / pháp lý; nhận diện hợp đồng thuê xe hợp pháp,informational-legal,Nhận Diện Hợp Đồng Thuê xe Hợp Pháp,nhan-dien-hop-dong-thue-xe-hop-phap,blog/an-toan/nhan-dien-hop-dong-thue-xe-hop-phap/index.html,blog/an-toan/,,yes,legal-gate,blog/an-toan/; /,none,no,MotoAI Editorial,,,0,,,legal-gate: CLAIM->SUBJECT->CONDITION->RULE->VERSION->PRIMARY SOURCE required
BA-0252,B06,LOCAL,PLANNED,tam đảo bằng xe máy,Địa phương / du lịch; tam đảo bằng xe máy,local-informational,Tam Đảo Bằng xe Máy,tam-dao-bang-xe-may,blog/dia-phuong/tam-dao-bang-xe-may/index.html,blog/dia-phuong/,Hà Nội (khu vực),no,no-external,blog/dia-phuong/; /,none,yes,MotoAI Editorial,,,0,,,
BA-0253,B06,APP,PLANNED,tìm hiểu hybrid search trong ứng dụng thuê xe,App & Ứng dụng; tìm hiểu hybrid search trong ứng dụng thuê xe,informational-product,Tìm Hiểu Hybrid Search Trong Ứng Dụng Thuê xe,tim-hieu-hybrid-search-trong-ung-dung-thue-xe,blog/app/tim-hieu-hybrid-search-trong-ung-dung-thue-xe/index.html,blog/app/,,no,no-external,blog/app/; /,none,yes,MotoAI Editorial,,,0,,,
BA-0254,B06,RENT,PLANNED,bảng giá thuê xe tham khảo,Thuê xe máy; bảng giá thuê xe tham khảo,commercial-informational,Bảng Giá Thuê xe Tham Khảo,bang-gia-thue-xe-tham-khao,blog/thue-xe/bang-gia-thue-xe-tham-khao/index.html,blog/thue-xe/,,no,no-external,blog/thue-xe/; /,none,yes,MotoAI Editorial,,,0,,,
BA-0255,B06,EV,PLANNED,chìa khóa xe điện thông minh,Xe điện / xe máy điện; chìa khóa xe điện thông minh,informational-product,Chìa Khóa xe Điện Thông Minh,chia-khoa-xe-dien-thong-minh,blog/xe-dien/chia-khoa-xe-dien-thong-minh/index.html,blog/xe-dien/,,no,no-external,blog/xe-dien/; /,none,yes,MotoAI Editorial,,,0,,,
BA-0256,B06,GUIDE,PLANNED,ăn uống và lái xe an toàn,Hướng dẫn / thủ tục; ăn uống và lái xe an toàn,informational,ăn Uống và Lái xe an Toàn,an-uong-va-lai-xe-an-toan,blog/huong-dan/an-uong-va-lai-xe-an-toan/index.html,blog/huong-dan/,,no,no-external,blog/huong-dan/; /,none,yes,MotoAI Editorial,,,0,,,
BA-0257,B06,SAFE,PLANNED,quyền của người thuê xe,An toàn / pháp lý; quyền của người thuê xe,informational-legal,Quyền Của Người Thuê xe,quyen-cua-nguoi-thue-xe,blog/an-toan/quyen-cua-nguoi-thue-xe/index.html,blog/an-toan/,,yes,legal-gate,blog/an-toan/; /,none,no,MotoAI Editorial,,,0,,,legal-gate: CLAIM->SUBJECT->CONDITION->RULE->VERSION->PRIMARY SOURCE required
BA-0258,B06,LOCAL,PLANNED,mộc châu hành trình dài,Địa phương / du lịch; mộc châu hành trình dài,local-informational,Mộc Châu Hành Trình Dài,moc-chau-hanh-trinh-dai,blog/dia-phuong/moc-chau-hanh-trinh-dai/index.html,blog/dia-phuong/,Hà Nội (khu vực),no,no-external,blog/dia-phuong/; /,none,yes,MotoAI Editorial,,,0,,,
BA-0259,B06,APP,PLANNED,ai trả lời trong ứng dụng thuê xe,App & Ứng dụng; ai trả lời trong ứng dụng thuê xe,informational-product,ai Trả Lời Trong Ứng Dụng Thuê xe,ai-tra-loi-trong-ung-dung-thue-xe,blog/app/ai-tra-loi-trong-ung-dung-thue-xe/index.html,blog/app/,,no,no-external,blog/app/; /,none,yes,MotoAI Editorial,,,0,,,
BA-0260,B06,RENT,PLANNED,cách đọc bảng giá thuê xe,Thuê xe máy; cách đọc bảng giá thuê xe,commercial-informational,Cách Đọc Bảng Giá Thuê xe,cach-doc-bang-gia-thue-xe,blog/thue-xe/cach-doc-bang-gia-thue-xe/index.html,blog/thue-xe/,,no,no-external,blog/thue-xe/; /,none,yes,MotoAI Editorial,,,0,,,
BA-0261,B06,EV,PLANNED,app mở khóa xe điện,Xe điện / xe máy điện; app mở khóa xe điện,informational-product,App mở Khóa xe Điện,app-mo-khoa-xe-dien,blog/xe-dien/app-mo-khoa-xe-dien/index.html,blog/xe-dien/,,no,no-external,blog/xe-dien/; /,none,yes,MotoAI Editorial,,,0,,,
BA-0262,B06,GUIDE,PLANNED,trời mưa thuê xe máy,Hướng dẫn / thủ tục; trời mưa thuê xe máy,informational,Trời Mưa Thuê xe Máy,troi-mua-thue-xe-may,blog/huong-dan/troi-mua-thue-xe-may/index.html,blog/huong-dan/,,no,no-external,blog/huong-dan/; /,none,yes,MotoAI Editorial,,,0,,,
BA-0263,B06,SAFE,PLANNED,nghĩa vụ của bên cho thuê,An toàn / pháp lý; nghĩa vụ của bên cho thuê,informational-legal,Nghĩa vụ Của Bên Cho Thuê,nghia-vu-cua-ben-cho-thue,blog/an-toan/nghia-vu-cua-ben-cho-thue/index.html,blog/an-toan/,,yes,legal-gate,blog/an-toan/; /,none,no,MotoAI Editorial,,,0,,,legal-gate: CLAIM->SUBJECT->CONDITION->RULE->VERSION->PRIMARY SOURCE required
BA-0264,B06,LOCAL,PLANNED,ninh bình cuối tuần xe máy,Địa phương / du lịch; ninh bình cuối tuần xe máy,local-informational,Ninh Bình Cuối Tuần xe Máy,ninh-binh-cuoi-tuan-xe-may,blog/dia-phuong/ninh-binh-cuoi-tuan-xe-may/index.html,blog/dia-phuong/,Hà Nội (khu vực),no,no-external,blog/dia-phuong/; /,none,yes,MotoAI Editorial,,,0,,,
BA-0265,B06,APP,PLANNED,chính sách dữ liệu của ứng dụng thuê xe,App & Ứng dụng; chính sách dữ liệu của ứng dụng thuê xe,informational-product,Chính Sách dữ Liệu Của Ứng Dụng Thuê xe,chinh-sach-du-lieu-cua-ung-dung-thue-xe,blog/app/chinh-sach-du-lieu-cua-ung-dung-thue-xe/index.html,blog/app/,,no,no-external,blog/app/; /,none,yes,MotoAI Editorial,,,0,,,
BA-0266,B06,RENT,PLANNED,giá thuê thay đổi theo mùa không,Thuê xe máy; giá thuê thay đổi theo mùa không,commercial-informational,Giá Thuê Thay Đổi Theo Mùa Không,gia-thue-thay-doi-theo-mua-khong,blog/thue-xe/gia-thue-thay-doi-theo-mua-khong/index.html,blog/thue-xe/,,no,no-external,blog/thue-xe/; /,none,yes,MotoAI Editorial,,,0,,,
BA-0267,B06,EV,PLANNED,cửa hàng cho thuê xe điện,Xe điện / xe máy điện; cửa hàng cho thuê xe điện,informational-product,Cửa Hàng Cho Thuê xe Điện,cua-hang-cho-thue-xe-dien,blog/xe-dien/cua-hang-cho-thue-xe-dien/index.html,blog/xe-dien/,,no,no-external,blog/xe-dien/; /,none,yes,MotoAI Editorial,,,0,,,
BA-0268,B06,GUIDE,PLANNED,mùa đông thuê xe hà nội,Hướng dẫn / thủ tục; mùa đông thuê xe hà nội,informational,Mùa Đông Thuê xe hà Nội,mua-dong-thue-xe-ha-noi,blog/huong-dan/mua-dong-thue-xe-ha-noi/index.html,blog/huong-dan/,,no,no-external,blog/huong-dan/; /,none,yes,MotoAI Editorial,,,0,,,
BA-0269,B06,SAFE,PLANNED,khiển nại dịch vụ thuê xe,An toàn / pháp lý; khiển nại dịch vụ thuê xe,informational-legal,Khiển Nại Dịch vụ Thuê xe,khien-nai-dich-vu-thue-xe,blog/an-toan/khien-nai-dich-vu-thue-xe/index.html,blog/an-toan/,,yes,legal-gate,blog/an-toan/; /,none,no,MotoAI Editorial,,,0,,,legal-gate: CLAIM->SUBJECT->CONDITION->RULE->VERSION->PRIMARY SOURCE required
BA-0270,B06,LOCAL,PLANNED,hạ long đường quốc lộ,Địa phương / du lịch; hạ long đường quốc lộ,local-informational,hạ Long Đường Quốc lộ,ha-long-duong-quoc-lo,blog/dia-phuong/ha-long-duong-quoc-lo/index.html,blog/dia-phuong/,Hà Nội (khu vực),no,no-external,blog/dia-phuong/; /,none,yes,MotoAI Editorial,,,0,,,
BA-0271,B06,APP,PLANNED,câu hỏi thường gặp về app thuê xe,App & Ứng dụng; câu hỏi thường gặp về app thuê xe,informational-product,Câu Hỏi Thường Gặp về App Thuê xe,cau-hoi-thuong-gap-ve-app-thue-xe,blog/app/cau-hoi-thuong-gap-ve-app-thue-xe/index.html,blog/app/,,no,no-external,blog/app/; /,none,yes,MotoAI Editorial,,,0,,,
BA-0272,B06,RENT,PLANNED,thuê xe cho công việc giao hàng,Thuê xe máy; thuê xe cho công việc giao hàng,commercial-informational,Thuê xe Cho Công Việc Giao Hàng,thue-xe-cho-cong-viec-giao-hang,blog/thue-xe/thue-xe-cho-cong-viec-giao-hang/index.html,blog/thue-xe/,,no,no-external,blog/thue-xe/; /,none,yes,MotoAI Editorial,,,0,,,
BA-0273,B06,EV,PLANNED,dịch vụ sửa xe điện,Xe điện / xe máy điện; dịch vụ sửa xe điện,informational-product,Dịch vụ Sửa xe Điện,dich-vu-sua-xe-dien,blog/xe-dien/dich-vu-sua-xe-dien/index.html,blog/xe-dien/,,no,no-external,blog/xe-dien/; /,none,yes,MotoAI Editorial,,,0,,,
BA-0274,B06,GUIDE,PLANNED,nắng nóng và lái xe,Hướng dẫn / thủ tục; nắng nóng và lái xe,informational,Nắng Nóng và Lái xe,nang-nong-va-lai-xe,blog/huong-dan/nang-nong-va-lai-xe/index.html,blog/huong-dan/,,no,no-external,blog/huong-dan/; /,none,yes,MotoAI Editorial,,,0,,,
BA-0275,B06,SAFE,PLANNED,bảo vệ dữ liệu cá nhân khi thuê xe,An toàn / pháp lý; bảo vệ dữ liệu cá nhân khi thuê xe,informational-legal,Bảo vệ dữ Liệu cá Nhân Khi Thuê xe,bao-ve-du-lieu-ca-nhan-khi-thue-xe,blog/an-toan/bao-ve-du-lieu-ca-nhan-khi-thue-xe/index.html,blog/an-toan/,,yes,legal-gate,blog/an-toan/; /,none,no,MotoAI Editorial,,,0,,,legal-gate: CLAIM->SUBJECT->CONDITION->RULE->VERSION->PRIMARY SOURCE required
BA-0276,B06,LOCAL,PLANNED,cửa lò ven biển,Địa phương / du lịch; cửa lò ven biển,local-informational,Cửa lò Ven Biển,cua-lo-ven-bien,blog/dia-phuong/cua-lo-ven-bien/index.html,blog/dia-phuong/,Hà Nội (khu vực),no,no-external,blog/dia-phuong/; /,none,yes,MotoAI Editorial,,,0,,,
BA-0277,B06,APP,PLANNED,dùng ứng dụng thuê xe khi đi du lịch Hà Nội,App & Ứng dụng; dùng ứng dụng thuê xe khi đi du lịch Hà Nội,informational-product,Dùng Ứng Dụng Thuê xe Khi đi du Lịch Hà Nội,dung-ung-dung-thue-xe-khi-di-du-lich-ha-noi,blog/app/dung-ung-dung-thue-xe-khi-di-du-lich-ha-noi/index.html,blog/app/,,no,no-external,blog/app/; /,none,yes,MotoAI Editorial,,,0,,,
BA-0278,B06,RENT,PLANNED,thuê xe chạy dịch vụ,Thuê xe máy; thuê xe chạy dịch vụ,commercial-informational,Thuê xe Chạy Dịch vụ,thue-xe-chay-dich-vu,blog/thue-xe/thue-xe-chay-dich-vu/index.html,blog/thue-xe/,,no,no-external,blog/thue-xe/; /,none,yes,MotoAI Editorial,,,0,,,
BA-0279,B06,EV,PLANNED,kiểm tra xe điện trước khi thuê,Xe điện / xe máy điện; kiểm tra xe điện trước khi thuê,informational-product,Kiểm Tra xe Điện Trước Khi Thuê,kiem-tra-xe-dien-truoc-khi-thue,blog/xe-dien/kiem-tra-xe-dien-truoc-khi-thue/index.html,blog/xe-dien/,,no,no-external,blog/xe-dien/; /,none,yes,MotoAI Editorial,,,0,,,
BA-0280,B06,GUIDE,PLANNED,đi đường trường bằng xe thuê,Hướng dẫn / thủ tục; đi đường trường bằng xe thuê,informational,đi Đường Trường Bằng xe Thuê,di-duong-truong-bang-xe-thue,blog/huong-dan/di-duong-truong-bang-xe-thue/index.html,blog/huong-dan/,,no,no-external,blog/huong-dan/; /,none,yes,MotoAI Editorial,,,0,,,
BA-0281,B06,SAFE,PLANNED,an toàn khi thanh toán cọc,An toàn / pháp lý; an toàn khi thanh toán cọc,informational-legal,an Toàn Khi Thanh Toán Cọc,an-toan-khi-thanh-toan-coc,blog/an-toan/an-toan-khi-thanh-toan-coc/index.html,blog/an-toan/,,yes,legal-gate,blog/an-toan/; /,none,no,MotoAI Editorial,,,0,,,legal-gate: CLAIM->SUBJECT->CONDITION->RULE->VERSION->PRIMARY SOURCE required
BA-0282,B06,LOCAL,PLANNED,thanh hóa và xe đường dài,Địa phương / du lịch; thanh hóa và xe đường dài,local-informational,Thanh Hóa và xe Đường Dài,thanh-hoa-va-xe-duong-dai,blog/dia-phuong/thanh-hoa-va-xe-duong-dai/index.html,blog/dia-phuong/,Hà Nội (khu vực),no,no-external,blog/dia-phuong/; /,none,yes,MotoAI Editorial,,,0,,,
BA-0283,B06,APP,PLANNED,lộ trình tính năng của ứng dụng thuê xe máy,App & Ứng dụng; lộ trình tính năng của ứng dụng thuê xe máy,informational-product,lộ Trình Tính Năng Của Ứng Dụng Thuê xe Máy,lo-trinh-tinh-nang-cua-ung-dung-thue-xe-may,blog/app/lo-trinh-tinh-nang-cua-ung-dung-thue-xe-may/index.html,blog/app/,,no,no-external,blog/app/; /,none,yes,MotoAI Editorial,,,0,,,
BA-0284,B06,RENT,PLANNED,chọn xe theo mục đích sử dụng,Thuê xe máy; chọn xe theo mục đích sử dụng,commercial-informational,Chọn xe Theo Mục Đích sử Dụng,chon-xe-theo-muc-dich-su-dung,blog/thue-xe/chon-xe-theo-muc-dich-su-dung/index.html,blog/thue-xe/,,no,no-external,blog/thue-xe/; /,none,yes,MotoAI Editorial,,,0,,,
BA-0285,B06,EV,PLANNED,quy trình trả xe điện,Xe điện / xe máy điện; quy trình trả xe điện,informational-product,Quy Trình Trả xe Điện,quy-trinh-tra-xe-dien,blog/xe-dien/quy-trinh-tra-xe-dien/index.html,blog/xe-dien/,,no,no-external,blog/xe-dien/; /,none,yes,MotoAI Editorial,,,0,,,
BA-0286,B06,GUIDE,PLANNED,đèo dốc và xe máy thuê,Hướng dẫn / thủ tục; đèo dốc và xe máy thuê,informational,Đèo Dốc và xe Máy Thuê,deo-doc-va-xe-may-thue,blog/huong-dan/deo-doc-va-xe-may-thue/index.html,blog/huong-dan/,,no,no-external,blog/huong-dan/; /,none,yes,MotoAI Editorial,,,0,,,
BA-0287,B06,SAFE,PLANNED,luật giao thông đường bộ cơ bản cho du khách,An toàn / pháp lý; luật giao thông đường bộ cơ bản cho du khách,informational-legal,Luật Giao Thông Đường bộ cơ Bản Cho du Khách,luat-giao-thong-duong-bo-co-ban-cho-du-khach,blog/an-toan/luat-giao-thong-duong-bo-co-ban-cho-du-khach/index.html,blog/an-toan/,,yes,legal-gate,blog/an-toan/; /,none,no,MotoAI Editorial,,,0,,,legal-gate: CLAIM->SUBJECT->CONDITION->RULE->VERSION->PRIMARY SOURCE required
BA-0288,B06,LOCAL,PLANNED,tràng an ride,Địa phương / du lịch; tràng an ride,local-informational,Tràng an Ride,trang-an-ride,blog/dia-phuong/trang-an-ride/index.html,blog/dia-phuong/,Hà Nội (khu vực),no,no-external,blog/dia-phuong/; /,none,yes,MotoAI Editorial,,,0,,,
BA-0289,B06,APP,PLANNED,ứng dụng thuê xe và khách vãng lai,App & Ứng dụng; ứng dụng thuê xe và khách vãng lai,informational-product,Ứng Dụng Thuê xe và Khách Vãng Lai,ung-dung-thue-xe-va-khach-vang-lai,blog/app/ung-dung-thue-xe-va-khach-vang-lai/index.html,blog/app/,,no,no-external,blog/app/; /,none,yes,MotoAI Editorial,,,0,,,
BA-0290,B06,RENT,PLANNED,thuê xe số hay xe ga cho người mới,Thuê xe máy; thuê xe số hay xe ga cho người mới,commercial-informational,Thuê xe số Hay xe ga Cho Người Mới,thue-xe-so-hay-xe-ga-cho-nguoi-moi,blog/thue-xe/thue-xe-so-hay-xe-ga-cho-nguoi-moi/index.html,blog/thue-xe/,,no,no-external,blog/thue-xe/; /,none,yes,MotoAI Editorial,,,0,,,
BA-0291,B06,EV,PLANNED,pin chảy khi không dùng,Xe điện / xe máy điện; pin chảy khi không dùng,informational-product,Pin Chảy Khi Không Dùng,pin-chay-khi-khong-dung,blog/xe-dien/pin-chay-khi-khong-dung/index.html,blog/xe-dien/,,no,no-external,blog/xe-dien/; /,none,yes,MotoAI Editorial,,,0,,,
BA-0292,B06,GUIDE,PLANNED,đường vành đai hà nội,Hướng dẫn / thủ tục; đường vành đai hà nội,informational,Đường Vành Đai hà Nội,duong-vanh-dai-ha-noi,blog/huong-dan/duong-vanh-dai-ha-noi/index.html,blog/huong-dan/,,no,no-external,blog/huong-dan/; /,none,yes,MotoAI Editorial,,,0,,,
BA-0293,B06,SAFE,PLANNED,nồng độ cồn khi lái xe cho du khách,An toàn / pháp lý; nồng độ cồn khi lái xe cho du khách,informational-legal,Nồng độ Cồn Khi Lái xe Cho du Khách,nong-do-con-khi-lai-xe-cho-du-khach,blog/an-toan/nong-do-con-khi-lai-xe-cho-du-khach/index.html,blog/an-toan/,,yes,legal-gate,blog/an-toan/; /,none,no,MotoAI Editorial,,,0,,,legal-gate: CLAIM->SUBJECT->CONDITION->RULE->VERSION->PRIMARY SOURCE required
BA-0294,B06,LOCAL,PLANNED,bái đính xe máy,Địa phương / du lịch; bái đính xe máy,local-informational,Bái Đính xe Máy,bai-dinh-xe-may,blog/dia-phuong/bai-dinh-xe-may/index.html,blog/dia-phuong/,Hà Nội (khu vực),no,no-external,blog/dia-phuong/; /,none,yes,MotoAI Editorial,,,0,,,
BA-0295,B06,APP,PLANNED,cách gửi feedback cho ứng dụng thuê xe,App & Ứng dụng; cách gửi feedback cho ứng dụng thuê xe,informational-product,Cách Gửi Feedback Cho Ứng Dụng Thuê xe,cach-gui-feedback-cho-ung-dung-thue-xe,blog/app/cach-gui-feedback-cho-ung-dung-thue-xe/index.html,blog/app/,,no,no-external,blog/app/; /,none,yes,MotoAI Editorial,,,0,,,
BA-0296,B06,RENT,PLANNED,xe nào tiết kiệm xăng khi thuê,Thuê xe máy; xe nào tiết kiệm xăng khi thuê,commercial-informational,xe Nào Tiết Kiệm Xăng Khi Thuê,xe-nao-tiet-kiem-xang-khi-thue,blog/thue-xe/xe-nao-tiet-kiem-xang-khi-thue/index.html,blog/thue-xe/,,no,no-external,blog/thue-xe/; /,none,yes,MotoAI Editorial,,,0,,,
BA-0297,B06,EV,PLANNED,bảo quản xe điện mùa mưa,Xe điện / xe máy điện; bảo quản xe điện mùa mưa,informational-product,Bảo Quản xe Điện Mùa Mưa,bao-quan-xe-dien-mua-mua,blog/xe-dien/bao-quan-xe-dien-mua-mua/index.html,blog/xe-dien/,,no,no-external,blog/xe-dien/; /,none,yes,MotoAI Editorial,,,0,,,
BA-0298,B06,GUIDE,PLANNED,trả xe đúng giờ để tránh phí,Hướng dẫn / thủ tục; trả xe đúng giờ để tránh phí,informational,Trả xe Đúng Giờ để Tránh Phí,tra-xe-dung-gio-de-tranh-phi,blog/huong-dan/tra-xe-dung-gio-de-tranh-phi/index.html,blog/huong-dan/,,no,no-external,blog/huong-dan/; /,none,yes,MotoAI Editorial,,,0,,,
BA-0299,B06,SAFE,PLANNED,mũ bảo hiểm chuẩn cho du khách,An toàn / pháp lý; mũ bảo hiểm chuẩn cho du khách,informational-legal,mũ Bảo Hiểm Chuẩn Cho du Khách,mu-bao-hiem-chuan-cho-du-khach,blog/an-toan/mu-bao-hiem-chuan-cho-du-khach/index.html,blog/an-toan/,,yes,legal-gate,blog/an-toan/; /,none,no,MotoAI Editorial,,,0,,,legal-gate: CLAIM->SUBJECT->CONDITION->RULE->VERSION->PRIMARY SOURCE required
BA-0300,B06,LOCAL,PLANNED,cúc phương weekend,Địa phương / du lịch; cúc phương weekend,local-informational,Cúc Phương Weekend,cuc-phuong-weekend,blog/dia-phuong/cuc-phuong-weekend/index.html,blog/dia-phuong/,Hà Nội (khu vực),no,no-external,blog/dia-phuong/; /,none,yes,MotoAI Editorial,,,0,,,
BA-0301,B07,APP,PLANNED,module gợi ý xe trong ứng dụng thuê xe,App & Ứng dụng; module gợi ý xe trong ứng dụng thuê xe,informational-product,Module Gợi ý xe Trong Ứng Dụng Thuê xe,module-goi-y-xe-trong-ung-dung-thue-xe,blog/app/module-goi-y-xe-trong-ung-dung-thue-xe/index.html,blog/app/,,no,no-external,blog/app/; /,none,yes,MotoAI Editorial,,,0,,,
BA-0302,B07,RENT,PLANNED,xe nào dễ điều khiển,Thuê xe máy; xe nào dễ điều khiển,commercial-informational,xe Nào dễ Điều Khiển,xe-nao-de-dieu-khien,blog/thue-xe/xe-nao-de-dieu-khien/index.html,blog/thue-xe/,,no,no-external,blog/thue-xe/; /,none,yes,MotoAI Editorial,,,0,,,
BA-0303,B07,EV,PLANNED,xe điện cho thành phố nhỏ,Xe điện / xe máy điện; xe điện cho thành phố nhỏ,informational-product,xe Điện Cho Thành Phố Nhỏ,xe-dien-cho-thanh-pho-nho,blog/xe-dien/xe-dien-cho-thanh-pho-nho/index.html,blog/xe-dien/,,no,no-external,blog/xe-dien/; /,none,yes,MotoAI Editorial,,,0,,,
BA-0304,B07,GUIDE,PLANNED,đánh giá cửa hàng sau khi thuê,Hướng dẫn / thủ tục; đánh giá cửa hàng sau khi thuê,informational,Đánh Giá Cửa Hàng Sau Khi Thuê,danh-gia-cua-hang-sau-khi-thue,blog/huong-dan/danh-gia-cua-hang-sau-khi-thue/index.html,blog/huong-dan/,,no,no-external,blog/huong-dan/; /,none,yes,MotoAI Editorial,,,0,,,
BA-0305,B07,SAFE,PLANNED,tốc độ cho phép trong phố cho du khách,An toàn / pháp lý; tốc độ cho phép trong phố cho du khách,informational-legal,Tốc độ Cho Phép Trong Phố Cho du Khách,toc-do-cho-phep-trong-pho-cho-du-khach,blog/an-toan/toc-do-cho-phep-trong-pho-cho-du-khach/index.html,blog/an-toan/,,yes,legal-gate,blog/an-toan/; /,none,no,MotoAI Editorial,,,0,,,legal-gate: CLAIM->SUBJECT->CONDITION->RULE->VERSION->PRIMARY SOURCE required
BA-0306,B07,LOCAL,PLANNED,hành trình mài châu,Địa phương / du lịch; hành trình mài châu,local-informational,Hành Trình Mài Châu,hanh-trinh-mai-chau,blog/dia-phuong/hanh-trinh-mai-chau/index.html,blog/dia-phuong/,Hà Nội (khu vực),no,no-external,blog/dia-phuong/; /,none,yes,MotoAI Editorial,,,0,,,
BA-0307,B07,APP,PLANNED,tại sao nên dùng ứng dụng trước khi gọi điện,App & Ứng dụng; tại sao nên dùng ứng dụng trước khi gọi điện,informational-product,Tại Sao Nên Dùng Ứng Dụng Trước Khi Gọi Điện,tai-sao-nen-dung-ung-dung-truoc-khi-goi-dien,blog/app/tai-sao-nen-dung-ung-dung-truoc-khi-goi-dien/index.html,blog/app/,,no,no-external,blog/app/; /,none,yes,MotoAI Editorial,,,0,,,
BA-0308,B07,RENT,PLANNED,thuê xe máy cũ hay mới,Thuê xe máy; thuê xe máy cũ hay mới,commercial-informational,Thuê xe Máy cũ Hay Mới,thue-xe-may-cu-hay-moi,blog/thue-xe/thue-xe-may-cu-hay-moi/index.html,blog/thue-xe/,,no,no-external,blog/thue-xe/; /,none,yes,MotoAI Editorial,,,0,,,
BA-0309,B07,EV,PLANNED,tương lai xe điện cho thuê,Xe điện / xe máy điện; tương lai xe điện cho thuê,informational-product,Tương Lai xe Điện Cho Thuê,tuong-lai-xe-dien-cho-thue,blog/xe-dien/tuong-lai-xe-dien-cho-thue/index.html,blog/xe-dien/,,no,no-external,blog/xe-dien/; /,none,yes,MotoAI Editorial,,,0,,,
BA-0310,B07,GUIDE,PLANNED,thủ tục thuê xe máy cho người mới,Hướng dẫn / thủ tục; thủ tục thuê xe máy cho người mới,informational,Thủ Tục Thuê xe Máy Cho Người Mới,thu-tuc-thue-xe-may-cho-nguoi-moi,blog/huong-dan/thu-tuc-thue-xe-may-cho-nguoi-moi/index.html,blog/huong-dan/,,no,no-external,blog/huong-dan/; /,none,yes,MotoAI Editorial,,,0,,,
BA-0311,B07,SAFE,PLANNED,đi xe không giấy phép cho du khách,An toàn / pháp lý; đi xe không giấy phép cho du khách,informational-legal,đi xe Không Giấy Phép Cho du Khách,di-xe-khong-giay-phep-cho-du-khach,blog/an-toan/di-xe-khong-giay-phep-cho-du-khach/index.html,blog/an-toan/,,yes,legal-gate,blog/an-toan/; /,none,no,MotoAI Editorial,,,0,,,legal-gate: CLAIM->SUBJECT->CONDITION->RULE->VERSION->PRIMARY SOURCE required
BA-0312,B07,LOCAL,PLANNED,đà lạt đường xa,Địa phương / du lịch; đà lạt đường xa,local-informational,đà Lạt Đường xa,da-lat-duong-xa,blog/dia-phuong/da-lat-duong-xa/index.html,blog/dia-phuong/,Hà Nội (khu vực),no,no-external,blog/dia-phuong/; /,none,yes,MotoAI Editorial,,,0,,,
BA-0313,B07,APP,PLANNED,soạn câu hỏi hiệu quả cho Agent thuê xe,App & Ứng dụng; soạn câu hỏi hiệu quả cho Agent thuê xe,informational-product,Soạn Câu Hỏi Hiệu Quả Cho Agent Thuê xe,soan-cau-hoi-hieu-qua-cho-agent-thue-xe,blog/app/soan-cau-hoi-hieu-qua-cho-agent-thue-xe/index.html,blog/app/,,no,no-external,blog/app/; /,none,yes,MotoAI Editorial,,,0,,,
BA-0314,B07,RENT,PLANNED,tình trạng xe tại cửa hàng,Thuê xe máy; tình trạng xe tại cửa hàng,commercial-informational,Tình Trạng xe Tại Cửa Hàng,tinh-trang-xe-tai-cua-hang,blog/thue-xe/tinh-trang-xe-tai-cua-hang/index.html,blog/thue-xe/,,no,no-external,blog/thue-xe/; /,none,yes,MotoAI Editorial,,,0,,,
BA-0315,B07,EV,PLANNED,app thuê xe điện cho khách du lịch,Xe điện / xe máy điện; app thuê xe điện cho khách du lịch,informational-product,App Thuê xe Điện Cho Khách du Lịch,app-thue-xe-dien-cho-khach-du-lich,blog/xe-dien/app-thue-xe-dien-cho-khach-du-lich/index.html,blog/xe-dien/,,no,no-external,blog/xe-dien/; /,none,yes,MotoAI Editorial,,,0,,,
BA-0316,B07,GUIDE,PLANNED,giấy tờ cần khi thuê xe cho người mới,Hướng dẫn / thủ tục; giấy tờ cần khi thuê xe cho người mới,informational,Giấy tờ Cần Khi Thuê xe Cho Người Mới,giay-to-can-khi-thue-xe-cho-nguoi-moi,blog/huong-dan/giay-to-can-khi-thue-xe-cho-nguoi-moi/index.html,blog/huong-dan/,,no,no-external,blog/huong-dan/; /,none,yes,MotoAI Editorial,,,0,,,
BA-0317,B07,SAFE,PLANNED,bằng lái a1 a2 khác gì cho du khách,An toàn / pháp lý; bằng lái a1 a2 khác gì cho du khách,informational-legal,Bằng Lái a1 a2 Khác gì Cho du Khách,bang-lai-a1-a2-khac-gi-cho-du-khach,blog/an-toan/bang-lai-a1-a2-khac-gi-cho-du-khach/index.html,blog/an-toan/,,yes,legal-gate,blog/an-toan/; /,none,no,MotoAI Editorial,,,0,,,legal-gate: CLAIM->SUBJECT->CONDITION->RULE->VERSION->PRIMARY SOURCE required
BA-0318,B07,LOCAL,PLANNED,huế xuyên việt,Địa phương / du lịch; huế xuyên việt,local-informational,Huế Xuyên Việt,hue-xuyen-viet,blog/dia-phuong/hue-xuyen-viet/index.html,blog/dia-phuong/,Hà Nội (khu vực),no,no-external,blog/dia-phuong/; /,none,yes,MotoAI Editorial,,,0,,,
BA-0319,B07,APP,PLANNED,ứng dụng thuê xe và người mới biết lái xe,App & Ứng dụng; ứng dụng thuê xe và người mới biết lái xe,informational-product,Ứng Dụng Thuê xe và Người Mới Biết Lái xe,ung-dung-thue-xe-va-nguoi-moi-biet-lai-xe,blog/app/ung-dung-thue-xe-va-nguoi-moi-biet-lai-xe/index.html,blog/app/,,no,no-external,blog/app/; /,none,yes,MotoAI Editorial,,,0,,,
BA-0320,B07,RENT,PLANNED,đồngo kèm theo xe thuê,Thuê xe máy; đồngo kèm theo xe thuê,commercial-informational,Đồngo Kèm Theo xe Thuê,dongo-kem-theo-xe-thue,blog/thue-xe/dongo-kem-theo-xe-thue/index.html,blog/thue-xe/,,no,no-external,blog/thue-xe/; /,none,yes,MotoAI Editorial,,,0,,,
BA-0321,B07,EV,PLANNED,ứng dụng thuê xe máy điện cho khách du lịch,Xe điện / xe máy điện; ứng dụng thuê xe máy điện cho khách du lịch,informational-product,Ứng Dụng Thuê xe Máy Điện Cho Khách du Lịch,ung-dung-thue-xe-may-dien-cho-khach-du-lich,blog/xe-dien/ung-dung-thue-xe-may-dien-cho-khach-du-lich/index.html,blog/xe-dien/,,no,no-external,blog/xe-dien/; /,none,yes,MotoAI Editorial,,,0,,,
BA-0322,B07,GUIDE,PLANNED,hướng dẫn đặt xe nhanh cho người mới,Hướng dẫn / thủ tục; hướng dẫn đặt xe nhanh cho người mới,informational,Hướng Dẫn Đặt xe Nhanh Cho Người Mới,huong-dan-dat-xe-nhanh-cho-nguoi-moi,blog/huong-dan/huong-dan-dat-xe-nhanh-cho-nguoi-moi/index.html,blog/huong-dan/,,no,no-external,blog/huong-dan/; /,none,yes,MotoAI Editorial,,,0,,,
BA-0323,B07,SAFE,PLANNED,người nước ngoài lái xe ở việt nam cho du khách,An toàn / pháp lý; người nước ngoài lái xe ở việt nam cho du khách,informational-legal,Người Nước Ngoài Lái xe ở Việt Nam Cho du Khách,nguoi-nuoc-ngoai-lai-xe-o-viet-nam-cho-du-khach,blog/an-toan/nguoi-nuoc-ngoai-lai-xe-o-viet-nam-cho-du-khach/index.html,blog/an-toan/,,yes,legal-gate,blog/an-toan/; /,none,no,MotoAI Editorial,,,0,,,legal-gate: CLAIM->SUBJECT->CONDITION->RULE->VERSION->PRIMARY SOURCE required
BA-0324,B07,LOCAL,PLANNED,đà nẵng hành trình bắc nam,Địa phương / du lịch; đà nẵng hành trình bắc nam,local-informational,đà Nẵng Hành Trình Bắc Nam,da-nang-hanh-trinh-bac-nam,blog/dia-phuong/da-nang-hanh-trinh-bac-nam/index.html,blog/dia-phuong/,Hà Nội (khu vực),no,no-external,blog/dia-phuong/; /,none,yes,MotoAI Editorial,,,0,,,
BA-0325,B07,APP,PLANNED,cảnh giác với app thuê xe giả mạo,App & Ứng dụng; cảnh giác với app thuê xe giả mạo,informational-product,Cảnh Giác Với App Thuê xe Giả Mạo,canh-giac-voi-app-thue-xe-gia-mao,blog/app/canh-giac-voi-app-thue-xe-gia-mao/index.html,blog/app/,,no,no-external,blog/app/; /,none,yes,MotoAI Editorial,,,0,,,
BA-0326,B07,RENT,PLANNED,mũ bảo hiểm khi thuê xe,Thuê xe máy; mũ bảo hiểm khi thuê xe,commercial-informational,mũ Bảo Hiểm Khi Thuê xe,mu-bao-hiem-khi-thue-xe,blog/thue-xe/mu-bao-hiem-khi-thue-xe/index.html,blog/thue-xe/,,no,no-external,blog/thue-xe/; /,none,yes,MotoAI Editorial,,,0,,,
BA-0327,B07,EV,PLANNED,chọn xe điện phù hợp cho khách du lịch,Xe điện / xe máy điện; chọn xe điện phù hợp cho khách du lịch,informational-product,Chọn xe Điện Phù Hợp Cho Khách du Lịch,chon-xe-dien-phu-hop-cho-khach-du-lich,blog/xe-dien/chon-xe-dien-phu-hop-cho-khach-du-lich/index.html,blog/xe-dien/,,no,no-external,blog/xe-dien/; /,none,yes,MotoAI Editorial,,,0,,,
BA-0328,B07,GUIDE,PLANNED,quy trình nhận xe cho người mới,Hướng dẫn / thủ tục; quy trình nhận xe cho người mới,informational,Quy Trình Nhận xe Cho Người Mới,quy-trinh-nhan-xe-cho-nguoi-moi,blog/huong-dan/quy-trinh-nhan-xe-cho-nguoi-moi/index.html,blog/huong-dan/,,no,no-external,blog/huong-dan/; /,none,yes,MotoAI Editorial,,,0,,,
BA-0329,B07,SAFE,PLANNED,idp và bằng lái quốc tế cho du khách,An toàn / pháp lý; idp và bằng lái quốc tế cho du khách,informational-legal,Idp và Bằng Lái Quốc tế Cho du Khách,idp-va-bang-lai-quoc-te-cho-du-khach,blog/an-toan/idp-va-bang-lai-quoc-te-cho-du-khach/index.html,blog/an-toan/,,yes,legal-gate,blog/an-toan/; /,none,no,MotoAI Editorial,,,0,,,legal-gate: CLAIM->SUBJECT->CONDITION->RULE->VERSION->PRIMARY SOURCE required
BA-0330,B07,LOCAL,PLANNED,hội an cuối tuần,Địa phương / du lịch; hội an cuối tuần,local-informational,Hội an Cuối Tuần,hoi-an-cuoi-tuan,blog/dia-phuong/hoi-an-cuoi-tuan/index.html,blog/dia-phuong/,Hà Nội (khu vực),no,no-external,blog/dia-phuong/; /,none,yes,MotoAI Editorial,,,0,,,
BA-0331,B07,APP,PLANNED,trợ lý thuê xe xử lý câu hỏi đa ngôn ngữ,App & Ứng dụng; trợ lý thuê xe xử lý câu hỏi đa ngôn ngữ,informational-product,Trợ lý Thuê xe xử lý Câu Hỏi đa Ngôn Ngữ,tro-ly-thue-xe-xu-ly-cau-hoi-da-ngon-ngu,blog/app/tro-ly-thue-xe-xu-ly-cau-hoi-da-ngon-ngu/index.html,blog/app/,,no,no-external,blog/app/; /,none,yes,MotoAI Editorial,,,0,,,
BA-0332,B07,RENT,PLANNED,áo mưa khi thuê xe máy,Thuê xe máy; áo mưa khi thuê xe máy,commercial-informational,áo Mưa Khi Thuê xe Máy,ao-mua-khi-thue-xe-may,blog/thue-xe/ao-mua-khi-thue-xe-may/index.html,blog/thue-xe/,,no,no-external,blog/thue-xe/; /,none,yes,MotoAI Editorial,,,0,,,
BA-0333,B07,EV,PLANNED,thuê xe điện theo ngày cho khách du lịch,Xe điện / xe máy điện; thuê xe điện theo ngày cho khách du lịch,informational-product,Thuê xe Điện Theo Ngày Cho Khách du Lịch,thue-xe-dien-theo-ngay-cho-khach-du-lich,blog/xe-dien/thue-xe-dien-theo-ngay-cho-khach-du-lich/index.html,blog/xe-dien/,,no,no-external,blog/xe-dien/; /,none,yes,MotoAI Editorial,,,0,,,
BA-0334,B07,GUIDE,PLANNED,quy trình trả xe cho người mới,Hướng dẫn / thủ tục; quy trình trả xe cho người mới,informational,Quy Trình Trả xe Cho Người Mới,quy-trinh-tra-xe-cho-nguoi-moi,blog/huong-dan/quy-trinh-tra-xe-cho-nguoi-moi/index.html,blog/huong-dan/,,no,no-external,blog/huong-dan/; /,none,yes,MotoAI Editorial,,,0,,,
BA-0335,B07,SAFE,PLANNED,bảo hiểm khi thuê xe máy cho du khách,An toàn / pháp lý; bảo hiểm khi thuê xe máy cho du khách,informational-legal,Bảo Hiểm Khi Thuê xe Máy Cho du Khách,bao-hiem-khi-thue-xe-may-cho-du-khach,blog/an-toan/bao-hiem-khi-thue-xe-may-cho-du-khach/index.html,blog/an-toan/,,yes,legal-gate,blog/an-toan/; /,none,no,MotoAI Editorial,,,0,,,legal-gate: CLAIM->SUBJECT->CONDITION->RULE->VERSION->PRIMARY SOURCE required
BA-0336,B07,LOCAL,PLANNED,sài gòn đường nam,Địa phương / du lịch; sài gòn đường nam,local-informational,Sài Gòn Đường Nam,sai-gon-duong-nam,blog/dia-phuong/sai-gon-duong-nam/index.html,blog/dia-phuong/,Hà Nội (khu vực),no,no-external,blog/dia-phuong/; /,none,yes,MotoAI Editorial,,,0,,,
BA-0337,B07,APP,PLANNED,tính năng tìm hiểu thủ tục trong app,App & Ứng dụng; tính năng tìm hiểu thủ tục trong app,informational-product,Tính Năng Tìm Hiểu Thủ Tục Trong App,tinh-nang-tim-hieu-thu-tuc-trong-app,blog/app/tinh-nang-tim-hieu-thu-tuc-trong-app/index.html,blog/app/,,no,no-external,blog/app/; /,none,yes,MotoAI Editorial,,,0,,,
BA-0338,B07,RENT,PLANNED,giá xe tháng cho sinh viên,Thuê xe máy; giá xe tháng cho sinh viên,commercial-informational,Giá xe Tháng Cho Sinh Viên,gia-xe-thang-cho-sinh-vien,blog/thue-xe/gia-xe-thang-cho-sinh-vien/index.html,blog/thue-xe/,,no,no-external,blog/thue-xe/; /,none,yes,MotoAI Editorial,,,0,,,
BA-0339,B07,EV,PLANNED,thuê xe điện dài ngày cho khách du lịch,Xe điện / xe máy điện; thuê xe điện dài ngày cho khách du lịch,informational-product,Thuê xe Điện Dài Ngày Cho Khách du Lịch,thue-xe-dien-dai-ngay-cho-khach-du-lich,blog/xe-dien/thue-xe-dien-dai-ngay-cho-khach-du-lich/index.html,blog/xe-dien/,,no,no-external,blog/xe-dien/; /,none,yes,MotoAI Editorial,,,0,,,
BA-0340,B07,GUIDE,PLANNED,kiểm tra xe khi nhận cho người mới,Hướng dẫn / thủ tục; kiểm tra xe khi nhận cho người mới,informational,Kiểm Tra xe Khi Nhận Cho Người Mới,kiem-tra-xe-khi-nhan-cho-nguoi-moi,blog/huong-dan/kiem-tra-xe-khi-nhan-cho-nguoi-moi/index.html,blog/huong-dan/,,no,no-external,blog/huong-dan/; /,none,yes,MotoAI Editorial,,,0,,,
BA-0341,B07,SAFE,PLANNED,trách nhiệm khi tai nạn với xe thuê cho du khách,An toàn / pháp lý; trách nhiệm khi tai nạn với xe thuê cho du khách,informational-legal,Trách Nhiệm Khi Tai Nạn Với xe Thuê Cho du Khách,trach-nhiem-khi-tai-nan-voi-xe-thue-cho-du-khach,blog/an-toan/trach-nhiem-khi-tai-nan-voi-xe-thue-cho-du-khach/index.html,blog/an-toan/,,yes,legal-gate,blog/an-toan/; /,none,no,MotoAI Editorial,,,0,,,legal-gate: CLAIM->SUBJECT->CONDITION->RULE->VERSION->PRIMARY SOURCE required
BA-0342,B07,LOCAL,PLANNED,mekong delta ride,Địa phương / du lịch; mekong delta ride,local-informational,Mekong Delta Ride,mekong-delta-ride,blog/dia-phuong/mekong-delta-ride/index.html,blog/dia-phuong/,Hà Nội (khu vực),no,no-external,blog/dia-phuong/; /,none,yes,MotoAI Editorial,,,0,,,
BA-0343,B07,APP,PLANNED,quy trình tư vấn tự động chọn xe,App & Ứng dụng; quy trình tư vấn tự động chọn xe,informational-product,Quy Trình tư Vấn tự Động Chọn xe,quy-trinh-tu-van-tu-dong-chon-xe,blog/app/quy-trinh-tu-van-tu-dong-chon-xe/index.html,blog/app/,,no,no-external,blog/app/; /,none,yes,MotoAI Editorial,,,0,,,
BA-0344,B07,RENT,PLANNED,thuê xe dài hạn cho người đi làm,Thuê xe máy; thuê xe dài hạn cho người đi làm,commercial-informational,Thuê xe Dài Hạn Cho Người đi Làm,thue-xe-dai-han-cho-nguoi-di-lam,blog/thue-xe/thue-xe-dai-han-cho-nguoi-di-lam/index.html,blog/thue-xe/,,no,no-external,blog/thue-xe/; /,none,yes,MotoAI Editorial,,,0,,,
BA-0345,B07,EV,PLANNED,pin của xe máy điện cho khách du lịch,Xe điện / xe máy điện; pin của xe máy điện cho khách du lịch,informational-product,Pin Của xe Máy Điện Cho Khách du Lịch,pin-cua-xe-may-dien-cho-khach-du-lich,blog/xe-dien/pin-cua-xe-may-dien-cho-khach-du-lich/index.html,blog/xe-dien/,,no,no-external,blog/xe-dien/; /,none,yes,MotoAI Editorial,,,0,,,
BA-0346,B07,GUIDE,PLANNED,hợp đồng thuê xe cần những gì cho người mới,Hướng dẫn / thủ tục; hợp đồng thuê xe cần những gì cho người mới,informational,Hợp Đồng Thuê xe Cần Những gì Cho Người Mới,hop-dong-thue-xe-can-nhung-gi-cho-nguoi-moi,blog/huong-dan/hop-dong-thue-xe-can-nhung-gi-cho-nguoi-moi/index.html,blog/huong-dan/,,no,no-external,blog/huong-dan/; /,none,yes,MotoAI Editorial,,,0,,,
BA-0347,B07,SAFE,PLANNED,thủ tục khi va chạm nhẹ cho du khách,An toàn / pháp lý; thủ tục khi va chạm nhẹ cho du khách,informational-legal,Thủ Tục Khi va Chạm Nhẹ Cho du Khách,thu-tuc-khi-va-cham-nhe-cho-du-khach,blog/an-toan/thu-tuc-khi-va-cham-nhe-cho-du-khach/index.html,blog/an-toan/,,yes,legal-gate,blog/an-toan/; /,none,no,MotoAI Editorial,,,0,,,legal-gate: CLAIM->SUBJECT->CONDITION->RULE->VERSION->PRIMARY SOURCE required
BA-0348,B07,LOCAL,PLANNED,ha giang vòng cung,Địa phương / du lịch; ha giang vòng cung,local-informational,ha Giang Vòng Cung,ha-giang-vong-cung,blog/dia-phuong/ha-giang-vong-cung/index.html,blog/dia-phuong/,Hà Nội (khu vực),no,no-external,blog/dia-phuong/; /,none,yes,MotoAI Editorial,,,0,,,
BA-0349,B07,APP,PLANNED,ứng dụng hỗ trợ thuê xe theo tháng,App & Ứng dụng; ứng dụng hỗ trợ thuê xe theo tháng,informational-product,Ứng Dụng hỗ Trợ Thuê xe Theo Tháng,ung-dung-ho-tro-thue-xe-theo-thang,blog/app/ung-dung-ho-tro-thue-xe-theo-thang/index.html,blog/app/,,no,no-external,blog/app/; /,none,yes,MotoAI Editorial,,,0,,,
BA-0350,B07,RENT,PLANNED,hợp đồng thuê xe máy,Thuê xe máy; hợp đồng thuê xe máy,commercial-informational,Hợp Đồng Thuê xe Máy,hop-dong-thue-xe-may,blog/thue-xe/hop-dong-thue-xe-may/index.html,blog/thue-xe/,,no,no-external,blog/thue-xe/; /,none,yes,MotoAI Editorial,,,0,,,
BA-0351,B08,EV,PLANNED,phạm vi hoạt động của xe điện cho khách du lịch,Xe điện / xe máy điện; phạm vi hoạt động của xe điện cho khách du lịch,informational-product,Phạm vi Hoạt Động Của xe Điện Cho Khách du Lịch,pham-vi-hoat-dong-cua-xe-dien-cho-khach-du-lich,blog/xe-dien/pham-vi-hoat-dong-cua-xe-dien-cho-khach-du-lich/index.html,blog/xe-dien/,,no,no-external,blog/xe-dien/; /,none,yes,MotoAI Editorial,,,0,,,
BA-0352,B08,GUIDE,PLANNED,đặt cọc thế nào cho người mới,Hướng dẫn / thủ tục; đặt cọc thế nào cho người mới,informational,Đặt Cọc Thế Nào Cho Người Mới,dat-coc-the-nao-cho-nguoi-moi,blog/huong-dan/dat-coc-the-nao-cho-nguoi-moi/index.html,blog/huong-dan/,,no,no-external,blog/huong-dan/; /,none,yes,MotoAI Editorial,,,0,,,
BA-0353,B08,SAFE,PLANNED,gọi cảnh sát khi tai nạn cho du khách,An toàn / pháp lý; gọi cảnh sát khi tai nạn cho du khách,informational-legal,Gọi Cảnh Sát Khi Tai Nạn Cho du Khách,goi-canh-sat-khi-tai-nan-cho-du-khach,blog/an-toan/goi-canh-sat-khi-tai-nan-cho-du-khach/index.html,blog/an-toan/,,yes,legal-gate,blog/an-toan/; /,none,no,MotoAI Editorial,,,0,,,legal-gate: CLAIM->SUBJECT->CONDITION->RULE->VERSION->PRIMARY SOURCE required
BA-0354,B08,LOCAL,PLANNED,cao nguyên đá đồng văn,Địa phương / du lịch; cao nguyên đá đồng văn,local-informational,Cao Nguyên đá Đồng Văn,cao-nguyen-da-dong-van,blog/dia-phuong/cao-nguyen-da-dong-van/index.html,blog/dia-phuong/,Hà Nội (khu vực),no,no-external,blog/dia-phuong/; /,none,yes,MotoAI Editorial,,,0,,,
BA-0355,B08,APP,PLANNED,chọn thời điểm thuê xe bằng ứng dụng,App & Ứng dụng; chọn thời điểm thuê xe bằng ứng dụng,informational-product,Chọn Thời Điểm Thuê xe Bằng Ứng Dụng,chon-thoi-diem-thue-xe-bang-ung-dung,blog/app/chon-thoi-diem-thue-xe-bang-ung-dung/index.html,blog/app/,,no,no-external,blog/app/; /,none,yes,MotoAI Editorial,,,0,,,
BA-0356,B08,RENT,PLANNED,thuê xe công ty cho nhân viên,Thuê xe máy; thuê xe công ty cho nhân viên,commercial-informational,Thuê xe Công ty Cho Nhân Viên,thue-xe-cong-ty-cho-nhan-vien,blog/thue-xe/thue-xe-cong-ty-cho-nhan-vien/index.html,blog/thue-xe/,,no,no-external,blog/thue-xe/; /,none,yes,MotoAI Editorial,,,0,,,
BA-0357,B08,EV,PLANNED,hướng dẫn sử dụng xe máy điện cho khách du lịch,Xe điện / xe máy điện; hướng dẫn sử dụng xe máy điện cho khách du lịch,informational-product,Hướng Dẫn sử Dụng xe Máy Điện Cho Khách du Lịch,huong-dan-su-dung-xe-may-dien-cho-khach-du-lich,blog/xe-dien/huong-dan-su-dung-xe-may-dien-cho-khach-du-lich/index.html,blog/xe-dien/,,no,no-external,blog/xe-dien/; /,none,yes,MotoAI Editorial,,,0,,,
BA-0358,B08,GUIDE,PLANNED,nhận lại tiền cọc cho người mới,Hướng dẫn / thủ tục; nhận lại tiền cọc cho người mới,informational,Nhận Lại Tiền Cọc Cho Người Mới,nhan-lai-tien-coc-cho-nguoi-moi,blog/huong-dan/nhan-lai-tien-coc-cho-nguoi-moi/index.html,blog/huong-dan/,,no,no-external,blog/huong-dan/; /,none,yes,MotoAI Editorial,,,0,,,
BA-0359,B08,SAFE,PLANNED,khám sức khỏe lái xe cho du khách,An toàn / pháp lý; khám sức khỏe lái xe cho du khách,informational-legal,Khám Sức Khỏe Lái xe Cho du Khách,kham-suc-khoe-lai-xe-cho-du-khach,blog/an-toan/kham-suc-khoe-lai-xe-cho-du-khach/index.html,blog/an-toan/,,yes,legal-gate,blog/an-toan/; /,none,no,MotoAI Editorial,,,0,,,legal-gate: CLAIM->SUBJECT->CONDITION->RULE->VERSION->PRIMARY SOURCE required
BA-0360,B08,LOCAL,PLANNED,mèo vạc đồng cao,Địa phương / du lịch; mèo vạc đồng cao,local-informational,Mèo Vạc Đồng Cao,meo-vac-dong-cao,blog/dia-phuong/meo-vac-dong-cao/index.html,blog/dia-phuong/,Hà Nội (khu vực),no,no-external,blog/dia-phuong/; /,none,yes,MotoAI Editorial,,,0,,,
BA-0361,B08,APP,PLANNED,câu chuyện người dùng ứng dụng thuê xe,App & Ứng dụng; câu chuyện người dùng ứng dụng thuê xe,informational-product,Câu Chuyện Người Dùng Ứng Dụng Thuê xe,cau-chuyen-nguoi-dung-ung-dung-thue-xe,blog/app/cau-chuyen-nguoi-dung-ung-dung-thue-xe/index.html,blog/app/,,no,no-external,blog/app/; /,none,yes,MotoAI Editorial,,,0,,,
BA-0362,B08,RENT,PLANNED,thuê xe máy giá rẻ kỳ nghĩ lễ,Thuê xe máy; thuê xe máy giá rẻ kỳ nghĩ lễ,commercial-informational,Thuê xe Máy Giá rẻ kỳ Nghĩ lễ,thue-xe-may-gia-re-ky-nghi-le,blog/thue-xe/thue-xe-may-gia-re-ky-nghi-le/index.html,blog/thue-xe/,,no,no-external,blog/thue-xe/; /,none,yes,MotoAI Editorial,,,0,,,
BA-0363,B08,EV,PLANNED,khác biệt xe điện và xe xăng cho khách du lịch,Xe điện / xe máy điện; khác biệt xe điện và xe xăng cho khách du lịch,informational-product,Khác Biệt xe Điện và xe Xăng Cho Khách du Lịch,khac-biet-xe-dien-va-xe-xang-cho-khach-du-lich,blog/xe-dien/khac-biet-xe-dien-va-xe-xang-cho-khach-du-lich/index.html,blog/xe-dien/,,no,no-external,blog/xe-dien/; /,none,yes,MotoAI Editorial,,,0,,,
BA-0364,B08,GUIDE,PLANNED,chụp ảnh xe trước khi nhận cho người mới,Hướng dẫn / thủ tục; chụp ảnh xe trước khi nhận cho người mới,informational,Chụp Ảnh xe Trước Khi Nhận Cho Người Mới,chup-anh-xe-truoc-khi-nhan-cho-nguoi-moi,blog/huong-dan/chup-anh-xe-truoc-khi-nhan-cho-nguoi-moi/index.html,blog/huong-dan/,,no,no-external,blog/huong-dan/; /,none,yes,MotoAI Editorial,,,0,,,
BA-0365,B08,SAFE,PLANNED,đèn xe và an toàn đêm cho du khách,An toàn / pháp lý; đèn xe và an toàn đêm cho du khách,informational-legal,Đèn xe và an Toàn Đêm Cho du Khách,den-xe-va-an-toan-dem-cho-du-khach,blog/an-toan/den-xe-va-an-toan-dem-cho-du-khach/index.html,blog/an-toan/,,yes,legal-gate,blog/an-toan/; /,none,no,MotoAI Editorial,,,0,,,legal-gate: CLAIM->SUBJECT->CONDITION->RULE->VERSION->PRIMARY SOURCE required
BA-0366,B08,LOCAL,PLANNED,thuê xe máy quanh long biên hai ngày một đêm,Địa phương / du lịch; thuê xe máy quanh long biên hai ngày một đêm,local-informational,Thuê xe Máy Quanh Long Biên Hai Ngày Một Đêm,thue-xe-may-quanh-long-bien-hai-ngay-mot-dem,blog/dia-phuong/thue-xe-may-quanh-long-bien-hai-ngay-mot-dem/index.html,blog/dia-phuong/,Long Biên,no,no-external,blog/dia-phuong/; /,none,yes,MotoAI Editorial,,,0,,,
BA-0367,B08,APP,PLANNED,app thuê xe máy là gì năm 2026,App & Ứng dụng; app thuê xe máy là gì năm 2026,informational-product,App Thuê xe Máy là gì Năm 2026,app-thue-xe-may-la-gi-nam-2026,blog/app/app-thue-xe-may-la-gi-nam-2026/index.html,blog/app/,,no,no-external,blog/app/; /,none,yes,MotoAI Editorial,,,0,,,
BA-0368,B08,RENT,PLANNED,giá thuê xe máy theo ngày kỳ nghĩ lễ,Thuê xe máy; giá thuê xe máy theo ngày kỳ nghĩ lễ,commercial-informational,Giá Thuê xe Máy Theo Ngày kỳ Nghĩ lễ,gia-thue-xe-may-theo-ngay-ky-nghi-le,blog/thue-xe/gia-thue-xe-may-theo-ngay-ky-nghi-le/index.html,blog/thue-xe/,,no,no-external,blog/thue-xe/; /,none,yes,MotoAI Editorial,,,0,,,
BA-0369,B08,EV,PLANNED,sạc pin xe điện ở đâu cho khách du lịch,Xe điện / xe máy điện; sạc pin xe điện ở đâu cho khách du lịch,informational-product,Sạc Pin xe Điện ở Đâu Cho Khách du Lịch,sac-pin-xe-dien-o-dau-cho-khach-du-lich,blog/xe-dien/sac-pin-xe-dien-o-dau-cho-khach-du-lich/index.html,blog/xe-dien/,,no,no-external,blog/xe-dien/; /,none,yes,MotoAI Editorial,,,0,,,
BA-0370,B08,GUIDE,PLANNED,nhiên liệu khi nhận trả xe cho người mới,Hướng dẫn / thủ tục; nhiên liệu khi nhận trả xe cho người mới,informational,Nhiên Liệu Khi Nhận Trả xe Cho Người Mới,nhien-lieu-khi-nhan-tra-xe-cho-nguoi-moi,blog/huong-dan/nhien-lieu-khi-nhan-tra-xe-cho-nguoi-moi/index.html,blog/huong-dan/,,no,no-external,blog/huong-dan/; /,none,yes,MotoAI Editorial,,,0,,,
BA-0371,B08,SAFE,PLANNED,kỹ năng phanh gấp cho du khách,An toàn / pháp lý; kỹ năng phanh gấp cho du khách,informational-legal,kỹ Năng Phanh Gấp Cho du Khách,ky-nang-phanh-gap-cho-du-khach,blog/an-toan/ky-nang-phanh-gap-cho-du-khach/index.html,blog/an-toan/,,yes,legal-gate,blog/an-toan/; /,none,no,MotoAI Editorial,,,0,,,legal-gate: CLAIM->SUBJECT->CONDITION->RULE->VERSION->PRIMARY SOURCE required
BA-0372,B08,LOCAL,PLANNED,đi phố cổ bằng xe máy hai ngày một đêm,Địa phương / du lịch; đi phố cổ bằng xe máy hai ngày một đêm,local-informational,đi Phố cổ Bằng xe Máy Hai Ngày Một Đêm,di-pho-co-bang-xe-may-hai-ngay-mot-dem,blog/dia-phuong/di-pho-co-bang-xe-may-hai-ngay-mot-dem/index.html,blog/dia-phuong/,Phố cổ,no,no-external,blog/dia-phuong/; /,none,yes,MotoAI Editorial,,,0,,,
BA-0373,B08,APP,PLANNED,cách dùng ứng dụng thuê xe máy năm 2026,App & Ứng dụng; cách dùng ứng dụng thuê xe máy năm 2026,informational-product,Cách Dùng Ứng Dụng Thuê xe Máy Năm 2026,cach-dung-ung-dung-thue-xe-may-nam-2026,blog/app/cach-dung-ung-dung-thue-xe-may-nam-2026/index.html,blog/app/,,no,no-external,blog/app/; /,none,yes,MotoAI Editorial,,,0,,,
BA-0374,B08,RENT,PLANNED,thuê xe máy theo tuần kỳ nghĩ lễ,Thuê xe máy; thuê xe máy theo tuần kỳ nghĩ lễ,commercial-informational,Thuê xe Máy Theo Tuần kỳ Nghĩ lễ,thue-xe-may-theo-tuan-ky-nghi-le,blog/thue-xe/thue-xe-may-theo-tuan-ky-nghi-le/index.html,blog/thue-xe/,,no,no-external,blog/thue-xe/; /,none,yes,MotoAI Editorial,,,0,,,
BA-0375,B08,EV,PLANNED,thời gian sạc xe máy điện cho khách du lịch,Xe điện / xe máy điện; thời gian sạc xe máy điện cho khách du lịch,informational-product,Thời Gian Sạc xe Máy Điện Cho Khách du Lịch,thoi-gian-sac-xe-may-dien-cho-khach-du-lich,blog/xe-dien/thoi-gian-sac-xe-may-dien-cho-khach-du-lich/index.html,blog/xe-dien/,,no,no-external,blog/xe-dien/; /,none,yes,MotoAI Editorial,,,0,,,
BA-0376,B08,GUIDE,PLANNED,giao xe tận nơi thủ tục cho người mới,Hướng dẫn / thủ tục; giao xe tận nơi thủ tục cho người mới,informational,Giao xe Tận Nơi Thủ Tục Cho Người Mới,giao-xe-tan-noi-thu-tuc-cho-nguoi-moi,blog/huong-dan/giao-xe-tan-noi-thu-tuc-cho-nguoi-moi/index.html,blog/huong-dan/,,no,no-external,blog/huong-dan/; /,none,yes,MotoAI Editorial,,,0,,,
BA-0377,B08,SAFE,PLANNED,gương chiếu hậu an toàn cho du khách,An toàn / pháp lý; gương chiếu hậu an toàn cho du khách,informational-legal,Gương Chiếu Hậu an Toàn Cho du Khách,guong-chieu-hau-an-toan-cho-du-khach,blog/an-toan/guong-chieu-hau-an-toan-cho-du-khach/index.html,blog/an-toan/,,yes,legal-gate,blog/an-toan/; /,none,no,MotoAI Editorial,,,0,,,legal-gate: CLAIM->SUBJECT->CONDITION->RULE->VERSION->PRIMARY SOURCE required
BA-0378,B08,LOCAL,PLANNED,du lịch hoàn kiếm bằng xe máy hai ngày một đêm,Địa phương / du lịch; du lịch hoàn kiếm bằng xe máy hai ngày một đêm,local-informational,du Lịch Hoàn Kiếm Bằng xe Máy Hai Ngày Một Đêm,du-lich-hoan-kiem-bang-xe-may-hai-ngay-mot-dem,blog/dia-phuong/du-lich-hoan-kiem-bang-xe-may-hai-ngay-mot-dem/index.html,blog/dia-phuong/,Hoàn Kiếm,no,no-external,blog/dia-phuong/; /,none,yes,MotoAI Editorial,,,0,,,
BA-0379,B08,APP,PLANNED,ứng dụng thuê xe có an toàn không năm 2026,App & Ứng dụng; ứng dụng thuê xe có an toàn không năm 2026,informational-product,Ứng Dụng Thuê xe có an Toàn Không Năm 2026,ung-dung-thue-xe-co-an-toan-khong-nam-2026,blog/app/ung-dung-thue-xe-co-an-toan-khong-nam-2026/index.html,blog/app/,,no,no-external,blog/app/; /,none,yes,MotoAI Editorial,,,0,,,
BA-0380,B08,RENT,PLANNED,thuê xe máy theo tháng kỳ nghĩ lễ,Thuê xe máy; thuê xe máy theo tháng kỳ nghĩ lễ,commercial-informational,Thuê xe Máy Theo Tháng kỳ Nghĩ lễ,thue-xe-may-theo-thang-ky-nghi-le,blog/thue-xe/thue-xe-may-theo-thang-ky-nghi-le/index.html,blog/thue-xe/,,no,no-external,blog/thue-xe/; /,none,yes,MotoAI Editorial,,,0,,,
BA-0381,B08,EV,PLANNED,chi phí điện khi thuê xe điện cho khách du lịch,Xe điện / xe máy điện; chi phí điện khi thuê xe điện cho khách du lịch,informational-product,Chi Phí Điện Khi Thuê xe Điện Cho Khách du Lịch,chi-phi-dien-khi-thue-xe-dien-cho-khach-du-lich,blog/xe-dien/chi-phi-dien-khi-thue-xe-dien-cho-khach-du-lich/index.html,blog/xe-dien/,,no,no-external,blog/xe-dien/; /,none,yes,MotoAI Editorial,,,0,,,
BA-0382,B08,GUIDE,PLANNED,hủy đặt xe đúng cách cho người mới,Hướng dẫn / thủ tục; hủy đặt xe đúng cách cho người mới,informational,Hủy Đặt xe Đúng Cách Cho Người Mới,huy-dat-xe-dung-cach-cho-nguoi-moi,blog/huong-dan/huy-dat-xe-dung-cach-cho-nguoi-moi/index.html,blog/huong-dan/,,no,no-external,blog/huong-dan/; /,none,yes,MotoAI Editorial,,,0,,,
BA-0383,B08,SAFE,PLANNED,mưa lớn và lái xe cho du khách,An toàn / pháp lý; mưa lớn và lái xe cho du khách,informational-legal,Mưa Lớn và Lái xe Cho du Khách,mua-lon-va-lai-xe-cho-du-khach,blog/an-toan/mua-lon-va-lai-xe-cho-du-khach/index.html,blog/an-toan/,,yes,legal-gate,blog/an-toan/; /,none,no,MotoAI Editorial,,,0,,,legal-gate: CLAIM->SUBJECT->CONDITION->RULE->VERSION->PRIMARY SOURCE required
BA-0384,B08,LOCAL,PLANNED,hồ tây và xe máy hai ngày một đêm,Địa phương / du lịch; hồ tây và xe máy hai ngày một đêm,local-informational,hồ Tây và xe Máy Hai Ngày Một Đêm,ho-tay-va-xe-may-hai-ngay-mot-dem,blog/dia-phuong/ho-tay-va-xe-may-hai-ngay-mot-dem/index.html,blog/dia-phuong/,hồ Tây,no,no-external,blog/dia-phuong/; /,none,yes,MotoAI Editorial,,,0,,,
BA-0385,B08,APP,PLANNED,cách tính giá thuê xe bằng app năm 2026,App & Ứng dụng; cách tính giá thuê xe bằng app năm 2026,informational-product,Cách Tính Giá Thuê xe Bằng App Năm 2026,cach-tinh-gia-thue-xe-bang-app-nam-2026,blog/app/cach-tinh-gia-thue-xe-bang-app-nam-2026/index.html,blog/app/,,no,no-external,blog/app/; /,none,yes,MotoAI Editorial,,,0,,,
BA-0386,B08,RENT,PLANNED,cho thuê xe máy thủ tục đơn giản kỳ nghĩ lễ,Thuê xe máy; cho thuê xe máy thủ tục đơn giản kỳ nghĩ lễ,commercial-informational,Cho Thuê xe Máy Thủ Tục Đơn Giản kỳ Nghĩ lễ,cho-thue-xe-may-thu-tuc-don-gian-ky-nghi-le,blog/thue-xe/cho-thue-xe-may-thu-tuc-don-gian-ky-nghi-le/index.html,blog/thue-xe/,,no,no-external,blog/thue-xe/; /,none,yes,MotoAI Editorial,,,0,,,
BA-0387,B08,EV,PLANNED,thuê xe điện có rẻ không cho khách du lịch,Xe điện / xe máy điện; thuê xe điện có rẻ không cho khách du lịch,informational-product,Thuê xe Điện có rẻ Không Cho Khách du Lịch,thue-xe-dien-co-re-khong-cho-khach-du-lich,blog/xe-dien/thue-xe-dien-co-re-khong-cho-khach-du-lich/index.html,blog/xe-dien/,,no,no-external,blog/xe-dien/; /,none,yes,MotoAI Editorial,,,0,,,
BA-0388,B08,GUIDE,PLANNED,đổi xe giữa kỳ thuê cho người mới,Hướng dẫn / thủ tục; đổi xe giữa kỳ thuê cho người mới,informational,Đổi xe Giữa kỳ Thuê Cho Người Mới,doi-xe-giua-ky-thue-cho-nguoi-moi,blog/huong-dan/doi-xe-giua-ky-thue-cho-nguoi-moi/index.html,blog/huong-dan/,,no,no-external,blog/huong-dan/; /,none,yes,MotoAI Editorial,,,0,,,
BA-0389,B08,SAFE,PLANNED,sương mù mùa đông cho du khách,An toàn / pháp lý; sương mù mùa đông cho du khách,informational-legal,Sương mù Mùa Đông Cho du Khách,suong-mu-mua-dong-cho-du-khach,blog/an-toan/suong-mu-mua-dong-cho-du-khach/index.html,blog/an-toan/,,yes,legal-gate,blog/an-toan/; /,none,no,MotoAI Editorial,,,0,,,legal-gate: CLAIM->SUBJECT->CONDITION->RULE->VERSION->PRIMARY SOURCE required
BA-0390,B08,LOCAL,PLANNED,ba đình xe máy phượng hai ngày một đêm,Địa phương / du lịch; ba đình xe máy phượng hai ngày một đêm,local-informational,ba Đình xe Máy Phượng Hai Ngày Một Đêm,ba-dinh-xe-may-phuong-hai-ngay-mot-dem,blog/dia-phuong/ba-dinh-xe-may-phuong-hai-ngay-mot-dem/index.html,blog/dia-phuong/,ba Đình,no,no-external,blog/dia-phuong/; /,none,yes,MotoAI Editorial,,,0,,,
BA-0391,B08,APP,PLANNED,chọn xe bằng Agent năm 2026,App & Ứng dụng; chọn xe bằng Agent năm 2026,informational-product,Chọn xe Bằng Agent Năm 2026,chon-xe-bang-agent-nam-2026,blog/app/chon-xe-bang-agent-nam-2026/index.html,blog/app/,,no,no-external,blog/app/; /,none,yes,MotoAI Editorial,,,0,,,
BA-0392,B08,RENT,PLANNED,thuê xe số kỳ nghĩ lễ,Thuê xe máy; thuê xe số kỳ nghĩ lễ,commercial-informational,Thuê xe số kỳ Nghĩ lễ,thue-xe-so-ky-nghi-le,blog/thue-xe/thue-xe-so-ky-nghi-le/index.html,blog/thue-xe/,,no,no-external,blog/thue-xe/; /,none,yes,MotoAI Editorial,,,0,,,
BA-0393,B08,EV,PLANNED,xe điện chạy bao xa cho khách du lịch,Xe điện / xe máy điện; xe điện chạy bao xa cho khách du lịch,informational-product,xe Điện Chạy Bao xa Cho Khách du Lịch,xe-dien-chay-bao-xa-cho-khach-du-lich,blog/xe-dien/xe-dien-chay-bao-xa-cho-khach-du-lich/index.html,blog/xe-dien/,,no,no-external,blog/xe-dien/; /,none,yes,MotoAI Editorial,,,0,,,
BA-0394,B08,GUIDE,PLANNED,gia hạn thời gian thuê cho người mới,Hướng dẫn / thủ tục; gia hạn thời gian thuê cho người mới,informational,Gia Hạn Thời Gian Thuê Cho Người Mới,gia-han-thoi-gian-thue-cho-nguoi-moi,blog/huong-dan/gia-han-thoi-gian-thue-cho-nguoi-moi/index.html,blog/huong-dan/,,no,no-external,blog/huong-dan/; /,none,yes,MotoAI Editorial,,,0,,,
BA-0395,B08,SAFE,PLANNED,tầm nhìn khi lái xe cho du khách,An toàn / pháp lý; tầm nhìn khi lái xe cho du khách,informational-legal,Tầm Nhìn Khi Lái xe Cho du Khách,tam-nhin-khi-lai-xe-cho-du-khach,blog/an-toan/tam-nhin-khi-lai-xe-cho-du-khach/index.html,blog/an-toan/,,yes,legal-gate,blog/an-toan/; /,none,no,MotoAI Editorial,,,0,,,legal-gate: CLAIM->SUBJECT->CONDITION->RULE->VERSION->PRIMARY SOURCE required
BA-0396,B08,LOCAL,PLANNED,cầu giấy đi xe máy hai ngày một đêm,Địa phương / du lịch; cầu giấy đi xe máy hai ngày một đêm,local-informational,Cầu Giấy đi xe Máy Hai Ngày Một Đêm,cau-giay-di-xe-may-hai-ngay-mot-dem,blog/dia-phuong/cau-giay-di-xe-may-hai-ngay-mot-dem/index.html,blog/dia-phuong/,Cầu Giấy,no,no-external,blog/dia-phuong/; /,none,yes,MotoAI Editorial,,,0,,,
BA-0397,B08,APP,PLANNED,thuê xe online như thế nào năm 2026,App & Ứng dụng; thuê xe online như thế nào năm 2026,informational-product,Thuê xe Online Như Thế Nào Năm 2026,thue-xe-online-nhu-the-nao-nam-2026,blog/app/thue-xe-online-nhu-the-nao-nam-2026/index.html,blog/app/,,no,no-external,blog/app/; /,none,yes,MotoAI Editorial,,,0,,,
BA-0398,B08,RENT,PLANNED,thuê xe ga kỳ nghĩ lễ,Thuê xe máy; thuê xe ga kỳ nghĩ lễ,commercial-informational,Thuê xe ga kỳ Nghĩ lễ,thue-xe-ga-ky-nghi-le,blog/thue-xe/thue-xe-ga-ky-nghi-le/index.html,blog/thue-xe/,,no,no-external,blog/thue-xe/; /,none,yes,MotoAI Editorial,,,0,,,
BA-0399,B08,EV,PLANNED,xe máy điện cho người mới cho khách du lịch,Xe điện / xe máy điện; xe máy điện cho người mới cho khách du lịch,informational-product,xe Máy Điện Cho Người Mới Cho Khách du Lịch,xe-may-dien-cho-nguoi-moi-cho-khach-du-lich,blog/xe-dien/xe-may-dien-cho-nguoi-moi-cho-khach-du-lich/index.html,blog/xe-dien/,,no,no-external,blog/xe-dien/; /,none,yes,MotoAI Editorial,,,0,,,
BA-0400,B08,GUIDE,PLANNED,chở hành lý khi thuê xe cho người mới,Hướng dẫn / thủ tục; chở hành lý khi thuê xe cho người mới,informational,Chở Hành lý Khi Thuê xe Cho Người Mới,cho-hanh-ly-khi-thue-xe-cho-nguoi-moi,blog/huong-dan/cho-hanh-ly-khi-thue-xe-cho-nguoi-moi/index.html,blog/huong-dan/,,no,no-external,blog/huong-dan/; /,none,yes,MotoAI Editorial,,,0,,,
BA-0401,B09,SAFE,PLANNED,xe cộ phía trước và khoảng cách an toàn cho du khách,An toàn / pháp lý; xe cộ phía trước và khoảng cách an toàn cho du khách,informational-legal,xe cộ Phía Trước và Khoảng Cách an Toàn Cho du Khách,xe-co-phia-truoc-va-khoang-cach-an-toan-cho-du-khach,blog/an-toan/xe-co-phia-truoc-va-khoang-cach-an-toan-cho-du-khach/index.html,blog/an-toan/,,yes,legal-gate,blog/an-toan/; /,none,no,MotoAI Editorial,,,0,,,legal-gate: CLAIM->SUBJECT->CONDITION->RULE->VERSION->PRIMARY SOURCE required
BA-0402,B09,LOCAL,PLANNED,đống đa và xe máy hai ngày một đêm,Địa phương / du lịch; đống đa và xe máy hai ngày một đêm,local-informational,Đống đa và xe Máy Hai Ngày Một Đêm,dong-da-va-xe-may-hai-ngay-mot-dem,blog/dia-phuong/dong-da-va-xe-may-hai-ngay-mot-dem/index.html,blog/dia-phuong/,Đống đa,no,no-external,blog/dia-phuong/; /,none,yes,MotoAI Editorial,,,0,,,
BA-0403,B09,APP,PLANNED,web app và app native khác gì nhau năm 2026,App & Ứng dụng; web app và app native khác gì nhau năm 2026,informational-product,Web App và App Native Khác gì Nhau Năm 2026,web-app-va-app-native-khac-gi-nhau-nam-2026,blog/app/web-app-va-app-native-khac-gi-nhau-nam-2026/index.html,blog/app/,,no,no-external,blog/app/; /,none,yes,MotoAI Editorial,,,0,,,
BA-0404,B09,RENT,PLANNED,thuê xe 50cc kỳ nghĩ lễ,Thuê xe máy; thuê xe 50cc kỳ nghĩ lễ,commercial-informational,Thuê xe 50cc kỳ Nghĩ lễ,thue-xe-50cc-ky-nghi-le,blog/thue-xe/thue-xe-50cc-ky-nghi-le/index.html,blog/thue-xe/,,no,no-external,blog/thue-xe/; /,none,yes,MotoAI Editorial,,,0,,,
BA-0405,B09,EV,PLANNED,xe điện an toàn không cho khách du lịch,Xe điện / xe máy điện; xe điện an toàn không cho khách du lịch,informational-product,xe Điện an Toàn Không Cho Khách du Lịch,xe-dien-an-toan-khong-cho-khach-du-lich,blog/xe-dien/xe-dien-an-toan-khong-cho-khach-du-lich/index.html,blog/xe-dien/,,no,no-external,blog/xe-dien/; /,none,yes,MotoAI Editorial,,,0,,,
BA-0406,B09,GUIDE,PLANNED,đi hai người trên xe thuê cho người mới,Hướng dẫn / thủ tục; đi hai người trên xe thuê cho người mới,informational,đi Hai Người Trên xe Thuê Cho Người Mới,di-hai-nguoi-tren-xe-thue-cho-nguoi-moi,blog/huong-dan/di-hai-nguoi-tren-xe-thue-cho-nguoi-moi/index.html,blog/huong-dan/,,no,no-external,blog/huong-dan/; /,none,yes,MotoAI Editorial,,,0,,,
BA-0407,B09,SAFE,PLANNED,làn đường và quy tắc nhường cho du khách,An toàn / pháp lý; làn đường và quy tắc nhường cho du khách,informational-legal,Làn Đường và Quy Tắc Nhường Cho du Khách,lan-duong-va-quy-tac-nhuong-cho-du-khach,blog/an-toan/lan-duong-va-quy-tac-nhuong-cho-du-khach/index.html,blog/an-toan/,,yes,legal-gate,blog/an-toan/; /,none,no,MotoAI Editorial,,,0,,,legal-gate: CLAIM->SUBJECT->CONDITION->RULE->VERSION->PRIMARY SOURCE required
BA-0408,B09,LOCAL,PLANNED,thanh xuân đường đi hai ngày một đêm,Địa phương / du lịch; thanh xuân đường đi hai ngày một đêm,local-informational,Thanh Xuân Đường đi Hai Ngày Một Đêm,thanh-xuan-duong-di-hai-ngay-mot-dem,blog/dia-phuong/thanh-xuan-duong-di-hai-ngay-mot-dem/index.html,blog/dia-phuong/,Thanh Xuân,no,no-external,blog/dia-phuong/; /,none,yes,MotoAI Editorial,,,0,,,
BA-0409,B09,APP,PLANNED,đặt xe bằng ứng dụng năm 2026,App & Ứng dụng; đặt xe bằng ứng dụng năm 2026,informational-product,Đặt xe Bằng Ứng Dụng Năm 2026,dat-xe-bang-ung-dung-nam-2026,blog/app/dat-xe-bang-ung-dung-nam-2026/index.html,blog/app/,,no,no-external,blog/app/; /,none,yes,MotoAI Editorial,,,0,,,
BA-0410,B09,RENT,PLANNED,thuê honda vision kỳ nghĩ lễ,Thuê xe máy; thuê honda vision kỳ nghĩ lễ,commercial-informational,Thuê Honda Vision kỳ Nghĩ lễ,thue-honda-vision-ky-nghi-le,blog/thue-xe/thue-honda-vision-ky-nghi-le/index.html,blog/thue-xe/,,no,no-external,blog/thue-xe/; /,none,yes,MotoAI Editorial,,,0,,,
BA-0411,B09,EV,PLANNED,bảo dưỡng xe điện cho khách du lịch,Xe điện / xe máy điện; bảo dưỡng xe điện cho khách du lịch,informational-product,Bảo Dưỡng xe Điện Cho Khách du Lịch,bao-duong-xe-dien-cho-khach-du-lich,blog/xe-dien/bao-duong-xe-dien-cho-khach-du-lich/index.html,blog/xe-dien/,,no,no-external,blog/xe-dien/; /,none,yes,MotoAI Editorial,,,0,,,
BA-0412,B09,GUIDE,PLANNED,bản đồ và định vị khi thuê xe cho người mới,Hướng dẫn / thủ tục; bản đồ và định vị khi thuê xe cho người mới,informational,Bản đồ và Định vị Khi Thuê xe Cho Người Mới,ban-do-va-dinh-vi-khi-thue-xe-cho-nguoi-moi,blog/huong-dan/ban-do-va-dinh-vi-khi-thue-xe-cho-nguoi-moi/index.html,blog/huong-dan/,,no,no-external,blog/huong-dan/; /,none,yes,MotoAI Editorial,,,0,,,
BA-0413,B09,SAFE,PLANNED,đèn đỏ và camera phạt nguội cho du khách,An toàn / pháp lý; đèn đỏ và camera phạt nguội cho du khách,informational-legal,Đèn đỏ và Camera Phạt Nguội Cho du Khách,den-do-va-camera-phat-nguoi-cho-du-khach,blog/an-toan/den-do-va-camera-phat-nguoi-cho-du-khach/index.html,blog/an-toan/,,yes,legal-gate,blog/an-toan/; /,none,no,MotoAI Editorial,,,0,,,legal-gate: CLAIM->SUBJECT->CONDITION->RULE->VERSION->PRIMARY SOURCE required
BA-0414,B09,LOCAL,PLANNED,hai bà trưng hành trình hai ngày một đêm,Địa phương / du lịch; hai bà trưng hành trình hai ngày một đêm,local-informational,Hai bà Trưng Hành Trình Hai Ngày Một Đêm,hai-ba-trung-hanh-trinh-hai-ngay-mot-dem,blog/dia-phuong/hai-ba-trung-hanh-trinh-hai-ngay-mot-dem/index.html,blog/dia-phuong/,Hai bà Trưng,no,no-external,blog/dia-phuong/; /,none,yes,MotoAI Editorial,,,0,,,
BA-0415,B09,APP,PLANNED,privacy và xử lý cục bộ trong app thuê xe năm 2026,App & Ứng dụng; privacy và xử lý cục bộ trong app thuê xe năm 2026,informational-product,Privacy và xử lý Cục bộ Trong App Thuê xe Năm 2026,privacy-va-xu-ly-cuc-bo-trong-app-thue-xe-nam-2026,blog/app/privacy-va-xu-ly-cuc-bo-trong-app-thue-xe-nam-2026/index.html,blog/app/,,no,no-external,blog/app/; /,none,yes,MotoAI Editorial,,,0,,,
BA-0416,B09,RENT,PLANNED,thuê honda air blade kỳ nghĩ lễ,Thuê xe máy; thuê honda air blade kỳ nghĩ lễ,commercial-informational,Thuê Honda Air Blade kỳ Nghĩ lễ,thue-honda-air-blade-ky-nghi-le,blog/thue-xe/thue-honda-air-blade-ky-nghi-le/index.html,blog/thue-xe/,,no,no-external,blog/thue-xe/; /,none,yes,MotoAI Editorial,,,0,,,
BA-0417,B09,EV,PLANNED,xe điện khi mưa cho khách du lịch,Xe điện / xe máy điện; xe điện khi mưa cho khách du lịch,informational-product,xe Điện Khi Mưa Cho Khách du Lịch,xe-dien-khi-mua-cho-khach-du-lich,blog/xe-dien/xe-dien-khi-mua-cho-khach-du-lich/index.html,blog/xe-dien/,,no,no-external,blog/xe-dien/; /,none,yes,MotoAI Editorial,,,0,,,
BA-0418,B09,GUIDE,PLANNED,ứng dụng bản đồ cho người thuê xe cho người mới,Hướng dẫn / thủ tục; ứng dụng bản đồ cho người thuê xe cho người mới,informational,Ứng Dụng Bản đồ Cho Người Thuê xe Cho Người Mới,ung-dung-ban-do-cho-nguoi-thue-xe-cho-nguoi-moi,blog/huong-dan/ung-dung-ban-do-cho-nguoi-thue-xe-cho-nguoi-moi/index.html,blog/huong-dan/,,no,no-external,blog/huong-dan/; /,none,yes,MotoAI Editorial,,,0,,,
BA-0419,B09,SAFE,PLANNED,đi ngược chiều hậu quả cho du khách,An toàn / pháp lý; đi ngược chiều hậu quả cho du khách,informational-legal,đi Ngược Chiều Hậu Quả Cho du Khách,di-nguoc-chieu-hau-qua-cho-du-khach,blog/an-toan/di-nguoc-chieu-hau-qua-cho-du-khach/index.html,blog/an-toan/,,yes,legal-gate,blog/an-toan/; /,none,no,MotoAI Editorial,,,0,,,legal-gate: CLAIM->SUBJECT->CONDITION->RULE->VERSION->PRIMARY SOURCE required
BA-0420,B09,LOCAL,PLANNED,gia lâm và long biên hai ngày một đêm,Địa phương / du lịch; gia lâm và long biên hai ngày một đêm,local-informational,Gia Lâm và Long Biên Hai Ngày Một Đêm,gia-lam-va-long-bien-hai-ngay-mot-dem,blog/dia-phuong/gia-lam-va-long-bien-hai-ngay-mot-dem/index.html,blog/dia-phuong/,Long Biên,no,no-external,blog/dia-phuong/; /,none,yes,MotoAI Editorial,,,0,,,
BA-0421,B09,APP,PLANNED,app thuê xe cho khách du lịch năm 2026,App & Ứng dụng; app thuê xe cho khách du lịch năm 2026,informational-product,App Thuê xe Cho Khách du Lịch Năm 2026,app-thue-xe-cho-khach-du-lich-nam-2026,blog/app/app-thue-xe-cho-khach-du-lich-nam-2026/index.html,blog/app/,,no,no-external,blog/app/; /,none,yes,MotoAI Editorial,,,0,,,
BA-0422,B09,RENT,PLANNED,thuê wave alpha kỳ nghĩ lễ,Thuê xe máy; thuê wave alpha kỳ nghĩ lễ,commercial-informational,Thuê Wave Alpha kỳ Nghĩ lễ,thue-wave-alpha-ky-nghi-le,blog/thue-xe/thue-wave-alpha-ky-nghi-le/index.html,blog/thue-xe/,,no,no-external,blog/thue-xe/; /,none,yes,MotoAI Editorial,,,0,,,
BA-0423,B09,EV,PLANNED,đi xe điện đường dài cho khách du lịch,Xe điện / xe máy điện; đi xe điện đường dài cho khách du lịch,informational-product,đi xe Điện Đường Dài Cho Khách du Lịch,di-xe-dien-duong-dai-cho-khach-du-lich,blog/xe-dien/di-xe-dien-duong-dai-cho-khach-du-lich/index.html,blog/xe-dien/,,no,no-external,blog/xe-dien/; /,none,yes,MotoAI Editorial,,,0,,,
BA-0424,B09,GUIDE,PLANNED,kỹ năng lái xe an toàn cơ bản cho người mới,Hướng dẫn / thủ tục; kỹ năng lái xe an toàn cơ bản cho người mới,informational,kỹ Năng Lái xe an Toàn cơ Bản Cho Người Mới,ky-nang-lai-xe-an-toan-co-ban-cho-nguoi-moi,blog/huong-dan/ky-nang-lai-xe-an-toan-co-ban-cho-nguoi-moi/index.html,blog/huong-dan/,,no,no-external,blog/huong-dan/; /,none,yes,MotoAI Editorial,,,0,,,
BA-0425,B09,SAFE,PLANNED,điện thoại khi lái xe cho du khách,An toàn / pháp lý; điện thoại khi lái xe cho du khách,informational-legal,Điện Thoại Khi Lái xe Cho du Khách,dien-thoai-khi-lai-xe-cho-du-khach,blog/an-toan/dien-thoai-khi-lai-xe-cho-du-khach/index.html,blog/an-toan/,,yes,legal-gate,blog/an-toan/; /,none,no,MotoAI Editorial,,,0,,,legal-gate: CLAIM->SUBJECT->CONDITION->RULE->VERSION->PRIMARY SOURCE required
BA-0426,B09,LOCAL,PLANNED,sông hồng và cầu long biên hai ngày một đêm,Địa phương / du lịch; sông hồng và cầu long biên hai ngày một đêm,local-informational,Sông Hồng và Cầu Long Biên Hai Ngày Một Đêm,song-hong-va-cau-long-bien-hai-ngay-mot-dem,blog/dia-phuong/song-hong-va-cau-long-bien-hai-ngay-mot-dem/index.html,blog/dia-phuong/,Long Biên,no,no-external,blog/dia-phuong/; /,none,yes,MotoAI Editorial,,,0,,,
BA-0427,B09,APP,PLANNED,ứng dụng thuê xe máy hoạt động ra sao năm 2026,App & Ứng dụng; ứng dụng thuê xe máy hoạt động ra sao năm 2026,informational-product,Ứng Dụng Thuê xe Máy Hoạt Động ra Sao Năm 2026,ung-dung-thue-xe-may-hoat-dong-ra-sao-nam-2026,blog/app/ung-dung-thue-xe-may-hoat-dong-ra-sao-nam-2026/index.html,blog/app/,,no,no-external,blog/app/; /,none,yes,MotoAI Editorial,,,0,,,
BA-0428,B09,RENT,PLANNED,thuê xe hạng nhẹ kỳ nghĩ lễ,Thuê xe máy; thuê xe hạng nhẹ kỳ nghĩ lễ,commercial-informational,Thuê xe Hạng Nhẹ kỳ Nghĩ lễ,thue-xe-hang-nhe-ky-nghi-le,blog/thue-xe/thue-xe-hang-nhe-ky-nghi-le/index.html,blog/thue-xe/,,no,no-external,blog/thue-xe/; /,none,yes,MotoAI Editorial,,,0,,,
BA-0429,B09,EV,PLANNED,xe điện trong phố cho khách du lịch,Xe điện / xe máy điện; xe điện trong phố cho khách du lịch,informational-product,xe Điện Trong Phố Cho Khách du Lịch,xe-dien-trong-pho-cho-khach-du-lich,blog/xe-dien/xe-dien-trong-pho-cho-khach-du-lich/index.html,blog/xe-dien/,,no,no-external,blog/xe-dien/; /,none,yes,MotoAI Editorial,,,0,,,
BA-0430,B09,GUIDE,PLANNED,chạy xe số cho người mới cho người mới,Hướng dẫn / thủ tục; chạy xe số cho người mới cho người mới,informational,Chạy xe số Cho Người Mới Cho Người Mới,chay-xe-so-cho-nguoi-moi-cho-nguoi-moi,blog/huong-dan/chay-xe-so-cho-nguoi-moi-cho-nguoi-moi/index.html,blog/huong-dan/,,no,no-external,blog/huong-dan/; /,none,yes,MotoAI Editorial,,,0,,,
BA-0431,B09,SAFE,PLANNED,chở trẻ em trên xe máy cho du khách,An toàn / pháp lý; chở trẻ em trên xe máy cho du khách,informational-legal,Chở Trẻ em Trên xe Máy Cho du Khách,cho-tre-em-tren-xe-may-cho-du-khach,blog/an-toan/cho-tre-em-tren-xe-may-cho-du-khach/index.html,blog/an-toan/,,yes,legal-gate,blog/an-toan/; /,none,no,MotoAI Editorial,,,0,,,legal-gate: CLAIM->SUBJECT->CONDITION->RULE->VERSION->PRIMARY SOURCE required
BA-0432,B09,LOCAL,PLANNED,chợ long biên đêm hai ngày một đêm,Địa phương / du lịch; chợ long biên đêm hai ngày một đêm,local-informational,Chợ Long Biên Đêm Hai Ngày Một Đêm,cho-long-bien-dem-hai-ngay-mot-dem,blog/dia-phuong/cho-long-bien-dem-hai-ngay-mot-dem/index.html,blog/dia-phuong/,Long Biên,no,no-external,blog/dia-phuong/; /,none,yes,MotoAI Editorial,,,0,,,
BA-0433,B09,APP,PLANNED,trợ lý thuê xe máy là gì năm 2026,App & Ứng dụng; trợ lý thuê xe máy là gì năm 2026,informational-product,Trợ lý Thuê xe Máy là gì Năm 2026,tro-ly-thue-xe-may-la-gi-nam-2026,blog/app/tro-ly-thue-xe-may-la-gi-nam-2026/index.html,blog/app/,,no,no-external,blog/app/; /,none,yes,MotoAI Editorial,,,0,,,
BA-0434,B09,RENT,PLANNED,so sánh giá các loại xe máy cho thuê kỳ nghĩ lễ,Thuê xe máy; so sánh giá các loại xe máy cho thuê kỳ nghĩ lễ,commercial-informational,so Sánh Giá Các Loại xe Máy Cho Thuê kỳ Nghĩ lễ,so-sanh-gia-cac-loai-xe-may-cho-thue-ky-nghi-le,blog/thue-xe/so-sanh-gia-cac-loai-xe-may-cho-thue-ky-nghi-le/index.html,blog/thue-xe/,,no,no-external,blog/thue-xe/; /,none,yes,MotoAI Editorial,,,0,,,
BA-0435,B09,EV,PLANNED,xe điện chở hai người cho khách du lịch,Xe điện / xe máy điện; xe điện chở hai người cho khách du lịch,informational-product,xe Điện Chở Hai Người Cho Khách du Lịch,xe-dien-cho-hai-nguoi-cho-khach-du-lich,blog/xe-dien/xe-dien-cho-hai-nguoi-cho-khach-du-lich/index.html,blog/xe-dien/,,no,no-external,blog/xe-dien/; /,none,yes,MotoAI Editorial,,,0,,,
BA-0436,B09,GUIDE,PLANNED,chạy xe ga lần đầu cho người mới,Hướng dẫn / thủ tục; chạy xe ga lần đầu cho người mới,informational,Chạy xe ga Lần Đầu Cho Người Mới,chay-xe-ga-lan-dau-cho-nguoi-moi,blog/huong-dan/chay-xe-ga-lan-dau-cho-nguoi-moi/index.html,blog/huong-dan/,,no,no-external,blog/huong-dan/; /,none,yes,MotoAI Editorial,,,0,,,
BA-0437,B09,SAFE,PLANNED,quy định mũ bảo hiểm trẻ em cho du khách,An toàn / pháp lý; quy định mũ bảo hiểm trẻ em cho du khách,informational-legal,Quy Định mũ Bảo Hiểm Trẻ em Cho du Khách,quy-dinh-mu-bao-hiem-tre-em-cho-du-khach,blog/an-toan/quy-dinh-mu-bao-hiem-tre-em-cho-du-khach/index.html,blog/an-toan/,,yes,legal-gate,blog/an-toan/; /,none,no,MotoAI Editorial,,,0,,,legal-gate: CLAIM->SUBJECT->CONDITION->RULE->VERSION->PRIMARY SOURCE required
BA-0438,B09,LOCAL,PLANNED,phố cổ ẩm thực xe máy hai ngày một đêm,Địa phương / du lịch; phố cổ ẩm thực xe máy hai ngày một đêm,local-informational,Phố cổ ẩm Thực xe Máy Hai Ngày Một Đêm,pho-co-am-thuc-xe-may-hai-ngay-mot-dem,blog/dia-phuong/pho-co-am-thuc-xe-may-hai-ngay-mot-dem/index.html,blog/dia-phuong/,Phố cổ,no,no-external,blog/dia-phuong/; /,none,yes,MotoAI Editorial,,,0,,,
BA-0439,B09,APP,PLANNED,tìm xe máy thuê bằng ứng dụng năm 2026,App & Ứng dụng; tìm xe máy thuê bằng ứng dụng năm 2026,informational-product,Tìm xe Máy Thuê Bằng Ứng Dụng Năm 2026,tim-xe-may-thue-bang-ung-dung-nam-2026,blog/app/tim-xe-may-thue-bang-ung-dung-nam-2026/index.html,blog/app/,,no,no-external,blog/app/; /,none,yes,MotoAI Editorial,,,0,,,
BA-0440,B09,RENT,PLANNED,cọc thuê xe máy bao nhiêu kỳ nghĩ lễ,Thuê xe máy; cọc thuê xe máy bao nhiêu kỳ nghĩ lễ,commercial-informational,Cọc Thuê xe Máy Bao Nhiêu kỳ Nghĩ lễ,coc-thue-xe-may-bao-nhieu-ky-nghi-le,blog/thue-xe/coc-thue-xe-may-bao-nhieu-ky-nghi-le/index.html,blog/thue-xe/,,no,no-external,blog/thue-xe/; /,none,yes,MotoAI Editorial,,,0,,,
BA-0441,B09,EV,PLANNED,vận tốc xe máy điện cho khách du lịch,Xe điện / xe máy điện; vận tốc xe máy điện cho khách du lịch,informational-product,Vận Tốc xe Máy Điện Cho Khách du Lịch,van-toc-xe-may-dien-cho-khach-du-lich,blog/xe-dien/van-toc-xe-may-dien-cho-khach-du-lich/index.html,blog/xe-dien/,,no,no-external,blog/xe-dien/; /,none,yes,MotoAI Editorial,,,0,,,
BA-0442,B09,GUIDE,PLANNED,chạy xe điện lần đầu cho người mới,Hướng dẫn / thủ tục; chạy xe điện lần đầu cho người mới,informational,Chạy xe Điện Lần Đầu Cho Người Mới,chay-xe-dien-lan-dau-cho-nguoi-moi,blog/huong-dan/chay-xe-dien-lan-dau-cho-nguoi-moi/index.html,blog/huong-dan/,,no,no-external,blog/huong-dan/; /,none,yes,MotoAI Editorial,,,0,,,
BA-0443,B09,SAFE,PLANNED,đeo nón đúng cách cho du khách,An toàn / pháp lý; đeo nón đúng cách cho du khách,informational-legal,Đeo Nón Đúng Cách Cho du Khách,deo-non-dung-cach-cho-du-khach,blog/an-toan/deo-non-dung-cach-cho-du-khach/index.html,blog/an-toan/,,yes,legal-gate,blog/an-toan/; /,none,no,MotoAI Editorial,,,0,,,legal-gate: CLAIM->SUBJECT->CONDITION->RULE->VERSION->PRIMARY SOURCE required
BA-0444,B09,LOCAL,PLANNED,hồ gươm ban đêm hai ngày một đêm,Địa phương / du lịch; hồ gươm ban đêm hai ngày một đêm,local-informational,hồ Gươm Ban Đêm Hai Ngày Một Đêm,ho-guom-ban-dem-hai-ngay-mot-dem,blog/dia-phuong/ho-guom-ban-dem-hai-ngay-mot-dem/index.html,blog/dia-phuong/,Hà Nội (khu vực),no,no-external,blog/dia-phuong/; /,none,yes,MotoAI Editorial,,,0,,,
BA-0445,B09,APP,PLANNED,so sánh cách thuê xe truyền thống và qua app năm 2026,App & Ứng dụng; so sánh cách thuê xe truyền thống và qua app năm 2026,informational-product,so Sánh Cách Thuê xe Truyền Thống và Qua App Năm 2026,so-sanh-cach-thue-xe-truyen-thong-va-qua-app-nam-2026,blog/app/so-sanh-cach-thue-xe-truyen-thong-va-qua-app-nam-2026/index.html,blog/app/,,no,no-external,blog/app/; /,none,yes,MotoAI Editorial,,,0,,,
BA-0446,B09,RENT,PLANNED,nhận xe thuê cần gì kỳ nghĩ lễ,Thuê xe máy; nhận xe thuê cần gì kỳ nghĩ lễ,commercial-informational,Nhận xe Thuê Cần gì kỳ Nghĩ lễ,nhan-xe-thue-can-gi-ky-nghi-le,blog/thue-xe/nhan-xe-thue-can-gi-ky-nghi-le/index.html,blog/thue-xe/,,no,no-external,blog/thue-xe/; /,none,yes,MotoAI Editorial,,,0,,,
BA-0447,B09,EV,PLANNED,đăng ký thuê xe điện cho khách du lịch,Xe điện / xe máy điện; đăng ký thuê xe điện cho khách du lịch,informational-product,Đăng ký Thuê xe Điện Cho Khách du Lịch,dang-ky-thue-xe-dien-cho-khach-du-lich,blog/xe-dien/dang-ky-thue-xe-dien-cho-khach-du-lich/index.html,blog/xe-dien/,,no,no-external,blog/xe-dien/; /,none,yes,MotoAI Editorial,,,0,,,
BA-0448,B09,GUIDE,PLANNED,đỗ xe ở hà nội cho người mới,Hướng dẫn / thủ tục; đỗ xe ở hà nội cho người mới,informational,đỗ xe ở hà Nội Cho Người Mới,do-xe-o-ha-noi-cho-nguoi-moi,blog/huong-dan/do-xe-o-ha-noi-cho-nguoi-moi/index.html,blog/huong-dan/,,no,no-external,blog/huong-dan/; /,none,yes,MotoAI Editorial,,,0,,,
BA-0449,B09,SAFE,PLANNED,thuốc và lái xe cho du khách,An toàn / pháp lý; thuốc và lái xe cho du khách,informational-legal,Thuốc và Lái xe Cho du Khách,thuoc-va-lai-xe-cho-du-khach,blog/an-toan/thuoc-va-lai-xe-cho-du-khach/index.html,blog/an-toan/,,yes,legal-gate,blog/an-toan/; /,none,no,MotoAI Editorial,,,0,,,legal-gate: CLAIM->SUBJECT->CONDITION->RULE->VERSION->PRIMARY SOURCE required
BA-0450,B09,LOCAL,PLANNED,ven đê sông hồng hai ngày một đêm,Địa phương / du lịch; ven đê sông hồng hai ngày một đêm,local-informational,Ven đê Sông Hồng Hai Ngày Một Đêm,ven-de-song-hong-hai-ngay-mot-dem,blog/dia-phuong/ven-de-song-hong-hai-ngay-mot-dem/index.html,blog/dia-phuong/,Hà Nội (khu vực),no,no-external,blog/dia-phuong/; /,none,yes,MotoAI Editorial,,,0,,,
BA-0451,B10,APP,PLANNED,ứng dụng web thuê xe máy năm 2026,App & Ứng dụng; ứng dụng web thuê xe máy năm 2026,informational-product,Ứng Dụng Web Thuê xe Máy Năm 2026,ung-dung-web-thue-xe-may-nam-2026,blog/app/ung-dung-web-thue-xe-may-nam-2026/index.html,blog/app/,,no,no-external,blog/app/; /,none,yes,MotoAI Editorial,,,0,,,
BA-0452,B10,RENT,PLANNED,trả xe thuê đúng giờ kỳ nghĩ lễ,Thuê xe máy; trả xe thuê đúng giờ kỳ nghĩ lễ,commercial-informational,Trả xe Thuê Đúng Giờ kỳ Nghĩ lễ,tra-xe-thue-dung-gio-ky-nghi-le,blog/thue-xe/tra-xe-thue-dung-gio-ky-nghi-le/index.html,blog/thue-xe/,,no,no-external,blog/thue-xe/; /,none,yes,MotoAI Editorial,,,0,,,
BA-0453,B10,EV,PLANNED,cọc khi thuê xe điện cho khách du lịch,Xe điện / xe máy điện; cọc khi thuê xe điện cho khách du lịch,informational-product,Cọc Khi Thuê xe Điện Cho Khách du Lịch,coc-khi-thue-xe-dien-cho-khach-du-lich,blog/xe-dien/coc-khi-thue-xe-dien-cho-khach-du-lich/index.html,blog/xe-dien/,,no,no-external,blog/xe-dien/; /,none,yes,MotoAI Editorial,,,0,,,
BA-0454,B10,GUIDE,PLANNED,luật đỗ xe phố cổ cho người mới,Hướng dẫn / thủ tục; luật đỗ xe phố cổ cho người mới,informational,Luật đỗ xe Phố cổ Cho Người Mới,luat-do-xe-pho-co-cho-nguoi-moi,blog/huong-dan/luat-do-xe-pho-co-cho-nguoi-moi/index.html,blog/huong-dan/,,no,no-external,blog/huong-dan/; /,none,yes,MotoAI Editorial,,,0,,,
BA-0455,B10,SAFE,PLANNED,mệt mỏi khi lái đường dài cho du khách,An toàn / pháp lý; mệt mỏi khi lái đường dài cho du khách,informational-legal,Mệt Mỏi Khi Lái Đường Dài Cho du Khách,met-moi-khi-lai-duong-dai-cho-du-khach,blog/an-toan/met-moi-khi-lai-duong-dai-cho-du-khach/index.html,blog/an-toan/,,yes,legal-gate,blog/an-toan/; /,none,no,MotoAI Editorial,,,0,,,legal-gate: CLAIM->SUBJECT->CONDITION->RULE->VERSION->PRIMARY SOURCE required
BA-0456,B10,LOCAL,PLANNED,cột cờ hoàng thành hai ngày một đêm,Địa phương / du lịch; cột cờ hoàng thành hai ngày một đêm,local-informational,Cột cờ Hoàng Thành Hai Ngày Một Đêm,cot-co-hoang-thanh-hai-ngay-mot-dem,blog/dia-phuong/cot-co-hoang-thanh-hai-ngay-mot-dem/index.html,blog/dia-phuong/,Hà Nội (khu vực),no,no-external,blog/dia-phuong/; /,none,yes,MotoAI Editorial,,,0,,,
BA-0457,B10,APP,PLANNED,công cụ tính giá thuê xe máy online năm 2026,App & Ứng dụng; công cụ tính giá thuê xe máy online năm 2026,informational-product,Công cụ Tính Giá Thuê xe Máy Online Năm 2026,cong-cu-tinh-gia-thue-xe-may-online-nam-2026,blog/app/cong-cu-tinh-gia-thue-xe-may-online-nam-2026/index.html,blog/app/,,no,no-external,blog/app/; /,none,yes,MotoAI Editorial,,,0,,,
BA-0458,B10,RENT,PLANNED,phí trễ hạn khi thuê xe kỳ nghĩ lễ,Thuê xe máy; phí trễ hạn khi thuê xe kỳ nghĩ lễ,commercial-informational,Phí Trễ Hạn Khi Thuê xe kỳ Nghĩ lễ,phi-tre-han-khi-thue-xe-ky-nghi-le,blog/thue-xe/phi-tre-han-khi-thue-xe-ky-nghi-le/index.html,blog/thue-xe/,,no,no-external,blog/thue-xe/; /,none,yes,MotoAI Editorial,,,0,,,
BA-0459,B10,EV,PLANNED,so sánh các dòng xe điện cho thuê cho khách du lịch,Xe điện / xe máy điện; so sánh các dòng xe điện cho thuê cho khách du lịch,informational-product,so Sánh Các Dòng xe Điện Cho Thuê Cho Khách du Lịch,so-sanh-cac-dong-xe-dien-cho-thue-cho-khach-du-lich,blog/xe-dien/so-sanh-cac-dong-xe-dien-cho-thue-cho-khach-du-lich/index.html,blog/xe-dien/,,no,no-external,blog/xe-dien/; /,none,yes,MotoAI Editorial,,,0,,,
BA-0460,B10,GUIDE,PLANNED,trộm cắp xe và xe thuê cho người mới,Hướng dẫn / thủ tục; trộm cắp xe và xe thuê cho người mới,informational,Trộm Cắp xe và xe Thuê Cho Người Mới,trom-cap-xe-va-xe-thue-cho-nguoi-moi,blog/huong-dan/trom-cap-xe-va-xe-thue-cho-nguoi-moi/index.html,blog/huong-dan/,,no,no-external,blog/huong-dan/; /,none,yes,MotoAI Editorial,,,0,,,
BA-0461,B10,SAFE,PLANNED,đi nhóm an toàn cho du khách,An toàn / pháp lý; đi nhóm an toàn cho du khách,informational-legal,đi Nhóm an Toàn Cho du Khách,di-nhom-an-toan-cho-du-khach,blog/an-toan/di-nhom-an-toan-cho-du-khach/index.html,blog/an-toan/,,yes,legal-gate,blog/an-toan/; /,none,no,MotoAI Editorial,,,0,,,legal-gate: CLAIM->SUBJECT->CONDITION->RULE->VERSION->PRIMARY SOURCE required
BA-0462,B10,LOCAL,PLANNED,lăng chủ tích qua phố hai ngày một đêm,Địa phương / du lịch; lăng chủ tích qua phố hai ngày một đêm,local-informational,Lăng Chủ Tích Qua Phố Hai Ngày Một Đêm,lang-chu-tich-qua-pho-hai-ngay-mot-dem,blog/dia-phuong/lang-chu-tich-qua-pho-hai-ngay-mot-dem/index.html,blog/dia-phuong/,Hà Nội (khu vực),no,no-external,blog/dia-phuong/; /,none,yes,MotoAI Editorial,,,0,,,
BA-0463,B10,APP,PLANNED,hỏi đáp với Agent thuê xe năm 2026,App & Ứng dụng; hỏi đáp với Agent thuê xe năm 2026,informational-product,Hỏi Đáp Với Agent Thuê xe Năm 2026,hoi-dap-voi-agent-thue-xe-nam-2026,blog/app/hoi-dap-voi-agent-thue-xe-nam-2026/index.html,blog/app/,,no,no-external,blog/app/; /,none,yes,MotoAI Editorial,,,0,,,
BA-0464,B10,RENT,PLANNED,kiểm tra xe trước khi nhận kỳ nghĩ lễ,Thuê xe máy; kiểm tra xe trước khi nhận kỳ nghĩ lễ,commercial-informational,Kiểm Tra xe Trước Khi Nhận kỳ Nghĩ lễ,kiem-tra-xe-truoc-khi-nhan-ky-nghi-le,blog/thue-xe/kiem-tra-xe-truoc-khi-nhan-ky-nghi-le/index.html,blog/thue-xe/,,no,no-external,blog/thue-xe/; /,none,yes,MotoAI Editorial,,,0,,,
BA-0465,B10,EV,PLANNED,thuê xe điện cho khách du lịch cho khách du lịch,Xe điện / xe máy điện; thuê xe điện cho khách du lịch cho khách du lịch,informational-product,Thuê xe Điện Cho Khách du Lịch Cho Khách du Lịch,thue-xe-dien-cho-khach-du-lich-cho-khach-du-lich,blog/xe-dien/thue-xe-dien-cho-khach-du-lich-cho-khach-du-lich/index.html,blog/xe-dien/,,no,no-external,blog/xe-dien/; /,none,yes,MotoAI Editorial,,,0,,,
BA-0466,B10,GUIDE,PLANNED,khoá xe khi thuê cho người mới,Hướng dẫn / thủ tục; khoá xe khi thuê cho người mới,informational,Khoá xe Khi Thuê Cho Người Mới,khoa-xe-khi-thue-cho-nguoi-moi,blog/huong-dan/khoa-xe-khi-thue-cho-nguoi-moi/index.html,blog/huong-dan/,,no,no-external,blog/huong-dan/; /,none,yes,MotoAI Editorial,,,0,,,
BA-0467,B10,SAFE,PLANNED,bão và xe máy cho du khách,An toàn / pháp lý; bão và xe máy cho du khách,informational-legal,Bão và xe Máy Cho du Khách,bao-va-xe-may-cho-du-khach,blog/an-toan/bao-va-xe-may-cho-du-khach/index.html,blog/an-toan/,,yes,legal-gate,blog/an-toan/; /,none,no,MotoAI Editorial,,,0,,,legal-gate: CLAIM->SUBJECT->CONDITION->RULE->VERSION->PRIMARY SOURCE required
BA-0468,B10,LOCAL,PLANNED,bảo tàng hà nội hành trình hai ngày một đêm,Địa phương / du lịch; bảo tàng hà nội hành trình hai ngày một đêm,local-informational,Bảo Tàng hà Nội Hành Trình Hai Ngày Một Đêm,bao-tang-ha-noi-hanh-trinh-hai-ngay-mot-dem,blog/dia-phuong/bao-tang-ha-noi-hanh-trinh-hai-ngay-mot-dem/index.html,blog/dia-phuong/,hà Nội,no,no-external,blog/dia-phuong/; /,none,yes,MotoAI Editorial,,,0,,,
BA-0469,B10,APP,PLANNED,cách hỏi giá xe nhanh bằng chatbot năm 2026,App & Ứng dụng; cách hỏi giá xe nhanh bằng chatbot năm 2026,informational-product,Cách Hỏi Giá xe Nhanh Bằng Chatbot Năm 2026,cach-hoi-gia-xe-nhanh-bang-chatbot-nam-2026,blog/app/cach-hoi-gia-xe-nhanh-bang-chatbot-nam-2026/index.html,blog/app/,,no,no-external,blog/app/; /,none,yes,MotoAI Editorial,,,0,,,
BA-0470,B10,RENT,PLANNED,điều kiện thuê xe máy ở hà nội kỳ nghĩ lễ,Thuê xe máy; điều kiện thuê xe máy ở hà nội kỳ nghĩ lễ,commercial-informational,Điều Kiện Thuê xe Máy ở hà Nội kỳ Nghĩ lễ,dieu-kien-thue-xe-may-o-ha-noi-ky-nghi-le,blog/thue-xe/dieu-kien-thue-xe-may-o-ha-noi-ky-nghi-le/index.html,blog/thue-xe/,,no,no-external,blog/thue-xe/; /,none,yes,MotoAI Editorial,,,0,,,
BA-0471,B10,EV,PLANNED,cách giữ pin bền khi thuê xe điện cho khách du lịch,Xe điện / xe máy điện; cách giữ pin bền khi thuê xe điện cho khách du lịch,informational-product,Cách Giữ Pin Bền Khi Thuê xe Điện Cho Khách du Lịch,cach-giu-pin-ben-khi-thue-xe-dien-cho-khach-du-lich,blog/xe-dien/cach-giu-pin-ben-khi-thue-xe-dien-cho-khach-du-lich/index.html,blog/xe-dien/,,no,no-external,blog/xe-dien/; /,none,yes,MotoAI Editorial,,,0,,,
BA-0472,B10,GUIDE,PLANNED,sửa xe nhỏ khi đang thuê cho người mới,Hướng dẫn / thủ tục; sửa xe nhỏ khi đang thuê cho người mới,informational,Sửa xe Nhỏ Khi Đang Thuê Cho Người Mới,sua-xe-nho-khi-dang-thue-cho-nguoi-moi,blog/huong-dan/sua-xe-nho-khi-dang-thue-cho-nguoi-moi/index.html,blog/huong-dan/,,no,no-external,blog/huong-dan/; /,none,yes,MotoAI Editorial,,,0,,,
BA-0473,B10,SAFE,PLANNED,ngập nước và xe máy cho du khách,An toàn / pháp lý; ngập nước và xe máy cho du khách,informational-legal,Ngập Nước và xe Máy Cho du Khách,ngap-nuoc-va-xe-may-cho-du-khach,blog/an-toan/ngap-nuoc-va-xe-may-cho-du-khach/index.html,blog/an-toan/,,yes,legal-gate,blog/an-toan/; /,none,no,MotoAI Editorial,,,0,,,legal-gate: CLAIM->SUBJECT->CONDITION->RULE->VERSION->PRIMARY SOURCE required
BA-0474,B10,LOCAL,PLANNED,phố sách hà nội hai ngày một đêm,Địa phương / du lịch; phố sách hà nội hai ngày một đêm,local-informational,Phố Sách hà Nội Hai Ngày Một Đêm,pho-sach-ha-noi-hai-ngay-mot-dem,blog/dia-phuong/pho-sach-ha-noi-hai-ngay-mot-dem/index.html,blog/dia-phuong/,hà Nội,no,no-external,blog/dia-phuong/; /,none,yes,MotoAI Editorial,,,0,,,
BA-0475,B10,APP,PLANNED,gợi ý chọn xe máy phù hợp năm 2026,App & Ứng dụng; gợi ý chọn xe máy phù hợp năm 2026,informational-product,Gợi ý Chọn xe Máy Phù Hợp Năm 2026,goi-y-chon-xe-may-phu-hop-nam-2026,blog/app/goi-y-chon-xe-may-phu-hop-nam-2026/index.html,blog/app/,,no,no-external,blog/app/; /,none,yes,MotoAI Editorial,,,0,,,
BA-0476,B10,RENT,PLANNED,thuê xe không bằng lái được không kỳ nghĩ lễ,Thuê xe máy; thuê xe không bằng lái được không kỳ nghĩ lễ,commercial-informational,Thuê xe Không Bằng Lái Được Không kỳ Nghĩ lễ,thue-xe-khong-bang-lai-duoc-khong-ky-nghi-le,blog/thue-xe/thue-xe-khong-bang-lai-duoc-khong-ky-nghi-le/index.html,blog/thue-xe/,,no,no-external,blog/thue-xe/; /,none,yes,MotoAI Editorial,,,0,,,
BA-0477,B10,EV,PLANNED,hết pin giữa đường phải làm gì cho khách du lịch,Xe điện / xe máy điện; hết pin giữa đường phải làm gì cho khách du lịch,informational-product,Hết Pin Giữa Đường Phải Làm gì Cho Khách du Lịch,het-pin-giua-duong-phai-lam-gi-cho-khach-du-lich,blog/xe-dien/het-pin-giua-duong-phai-lam-gi-cho-khach-du-lich/index.html,blog/xe-dien/,,no,no-external,blog/xe-dien/; /,none,yes,MotoAI Editorial,,,0,,,
BA-0478,B10,GUIDE,PLANNED,gặp cảnh sát giao thông với xe thuê cho người mới,Hướng dẫn / thủ tục; gặp cảnh sát giao thông với xe thuê cho người mới,informational,Gặp Cảnh Sát Giao Thông Với xe Thuê Cho Người Mới,gap-canh-sat-giao-thong-voi-xe-thue-cho-nguoi-moi,blog/huong-dan/gap-canh-sat-giao-thong-voi-xe-thue-cho-nguoi-moi/index.html,blog/huong-dan/,,no,no-external,blog/huong-dan/; /,none,yes,MotoAI Editorial,,,0,,,
BA-0479,B10,SAFE,PLANNED,trộm xe và phòng ngừa cho du khách,An toàn / pháp lý; trộm xe và phòng ngừa cho du khách,informational-legal,Trộm xe và Phòng Ngừa Cho du Khách,trom-xe-va-phong-ngua-cho-du-khach,blog/an-toan/trom-xe-va-phong-ngua-cho-du-khach/index.html,blog/an-toan/,,yes,legal-gate,blog/an-toan/; /,none,no,MotoAI Editorial,,,0,,,legal-gate: CLAIM->SUBJECT->CONDITION->RULE->VERSION->PRIMARY SOURCE required
BA-0480,B10,LOCAL,PLANNED,nhà thờ lớn hà nội hai ngày một đêm,Địa phương / du lịch; nhà thờ lớn hà nội hai ngày một đêm,local-informational,Nhà Thờ Lớn hà Nội Hai Ngày Một Đêm,nha-tho-lon-ha-noi-hai-ngay-mot-dem,blog/dia-phuong/nha-tho-lon-ha-noi-hai-ngay-mot-dem/index.html,blog/dia-phuong/,hà Nội,no,no-external,blog/dia-phuong/; /,none,yes,MotoAI Editorial,,,0,,,
BA-0481,B10,APP,PLANNED,tính chi phí thuê xe theo ngày tuần tháng năm 2026,App & Ứng dụng; tính chi phí thuê xe theo ngày tuần tháng năm 2026,informational-product,Tính Chi Phí Thuê xe Theo Ngày Tuần Tháng Năm 2026,tinh-chi-phi-thue-xe-theo-ngay-tuan-thang-nam-2026,blog/app/tinh-chi-phi-thue-xe-theo-ngay-tuan-thang-nam-2026/index.html,blog/app/,,no,no-external,blog/app/; /,none,yes,MotoAI Editorial,,,0,,,
BA-0482,B10,RENT,PLANNED,bằng lái a1 và thuê xe máy kỳ nghĩ lễ,Thuê xe máy; bằng lái a1 và thuê xe máy kỳ nghĩ lễ,commercial-informational,Bằng Lái a1 và Thuê xe Máy kỳ Nghĩ lễ,bang-lai-a1-va-thue-xe-may-ky-nghi-le,blog/thue-xe/bang-lai-a1-va-thue-xe-may-ky-nghi-le/index.html,blog/thue-xe/,,no,no-external,blog/thue-xe/; /,none,yes,MotoAI Editorial,,,0,,,
BA-0483,B10,EV,PLANNED,trạm đổi pin cho khách du lịch,Xe điện / xe máy điện; trạm đổi pin cho khách du lịch,informational-product,Trạm Đổi Pin Cho Khách du Lịch,tram-doi-pin-cho-khach-du-lich,blog/xe-dien/tram-doi-pin-cho-khach-du-lich/index.html,blog/xe-dien/,,no,no-external,blog/xe-dien/; /,none,yes,MotoAI Editorial,,,0,,,
BA-0484,B10,GUIDE,PLANNED,giấy tờ người nước ngoài thuê xe cho người mới,Hướng dẫn / thủ tục; giấy tờ người nước ngoài thuê xe cho người mới,informational,Giấy tờ Người Nước Ngoài Thuê xe Cho Người Mới,giay-to-nguoi-nuoc-ngoai-thue-xe-cho-nguoi-moi,blog/huong-dan/giay-to-nguoi-nuoc-ngoai-thue-xe-cho-nguoi-moi/index.html,blog/huong-dan/,,no,no-external,blog/huong-dan/; /,none,yes,MotoAI Editorial,,,0,,,
BA-0485,B10,SAFE,PLANNED,camera phạt nguội khi thuê xe cho du khách,An toàn / pháp lý; camera phạt nguội khi thuê xe cho du khách,informational-legal,Camera Phạt Nguội Khi Thuê xe Cho du Khách,camera-phat-nguoi-khi-thue-xe-cho-du-khach,blog/an-toan/camera-phat-nguoi-khi-thue-xe-cho-du-khach/index.html,blog/an-toan/,,yes,legal-gate,blog/an-toan/; /,none,no,MotoAI Editorial,,,0,,,legal-gate: CLAIM->SUBJECT->CONDITION->RULE->VERSION->PRIMARY SOURCE required
BA-0486,B10,LOCAL,PLANNED,làng gốm bát tràng hai ngày một đêm,Địa phương / du lịch; làng gốm bát tràng hai ngày một đêm,local-informational,Làng Gốm Bát Tràng Hai Ngày Một Đêm,lang-gom-bat-trang-hai-ngay-mot-dem,blog/dia-phuong/lang-gom-bat-trang-hai-ngay-mot-dem/index.html,blog/dia-phuong/,Hà Nội (khu vực),no,no-external,blog/dia-phuong/; /,none,yes,MotoAI Editorial,,,0,,,
BA-0487,B10,APP,PLANNED,ứng dụng tìm xe máy giá tốt năm 2026,App & Ứng dụng; ứng dụng tìm xe máy giá tốt năm 2026,informational-product,Ứng Dụng Tìm xe Máy Giá Tốt Năm 2026,ung-dung-tim-xe-may-gia-tot-nam-2026,blog/app/ung-dung-tim-xe-may-gia-tot-nam-2026/index.html,blog/app/,,no,no-external,blog/app/; /,none,yes,MotoAI Editorial,,,0,,,
BA-0488,B10,RENT,PLANNED,người nước ngoài thuê xe máy việt nam kỳ nghĩ lễ,Thuê xe máy; người nước ngoài thuê xe máy việt nam kỳ nghĩ lễ,commercial-informational,Người Nước Ngoài Thuê xe Máy Việt Nam kỳ Nghĩ lễ,nguoi-nuoc-ngoai-thue-xe-may-viet-nam-ky-nghi-le,blog/thue-xe/nguoi-nuoc-ngoai-thue-xe-may-viet-nam-ky-nghi-le/index.html,blog/thue-xe/,,no,no-external,blog/thue-xe/; /,none,yes,MotoAI Editorial,,,0,,,
BA-0489,B10,EV,PLANNED,app theo dõi pin xe điện cho khách du lịch,Xe điện / xe máy điện; app theo dõi pin xe điện cho khách du lịch,informational-product,App Theo Dõi Pin xe Điện Cho Khách du Lịch,app-theo-doi-pin-xe-dien-cho-khach-du-lich,blog/xe-dien/app-theo-doi-pin-xe-dien-cho-khach-du-lich/index.html,blog/xe-dien/,,no,no-external,blog/xe-dien/; /,none,yes,MotoAI Editorial,,,0,,,
BA-0490,B10,GUIDE,PLANNED,dịch công chứng giấy tờ thuê xe cho người mới,Hướng dẫn / thủ tục; dịch công chứng giấy tờ thuê xe cho người mới,informational,Dịch Công Chứng Giấy tờ Thuê xe Cho Người Mới,dich-cong-chung-giay-to-thue-xe-cho-nguoi-moi,blog/huong-dan/dich-cong-chung-giay-to-thue-xe-cho-nguoi-moi/index.html,blog/huong-dan/,,no,no-external,blog/huong-dan/; /,none,yes,MotoAI Editorial,,,0,,,
BA-0491,B10,SAFE,PLANNED,phạt nguội và xe thuê cho du khách,An toàn / pháp lý; phạt nguội và xe thuê cho du khách,informational-legal,Phạt Nguội và xe Thuê Cho du Khách,phat-nguoi-va-xe-thue-cho-du-khach,blog/an-toan/phat-nguoi-va-xe-thue-cho-du-khach/index.html,blog/an-toan/,,yes,legal-gate,blog/an-toan/; /,none,no,MotoAI Editorial,,,0,,,legal-gate: CLAIM->SUBJECT->CONDITION->RULE->VERSION->PRIMARY SOURCE required
BA-0492,B10,LOCAL,PLANNED,bát tràng gốm xe máy hai ngày một đêm,Địa phương / du lịch; bát tràng gốm xe máy hai ngày một đêm,local-informational,Bát Tràng Gốm xe Máy Hai Ngày Một Đêm,bat-trang-gom-xe-may-hai-ngay-mot-dem,blog/dia-phuong/bat-trang-gom-xe-may-hai-ngay-mot-dem/index.html,blog/dia-phuong/,Hà Nội (khu vực),no,no-external,blog/dia-phuong/; /,none,yes,MotoAI Editorial,,,0,,,
BA-0493,B10,APP,PLANNED,app hỗ trợ thủ tục thuê xe năm 2026,App & Ứng dụng; app hỗ trợ thủ tục thuê xe năm 2026,informational-product,App hỗ Trợ Thủ Tục Thuê xe Năm 2026,app-ho-tro-thu-tuc-thue-xe-nam-2026,blog/app/app-ho-tro-thu-tuc-thue-xe-nam-2026/index.html,blog/app/,,no,no-external,blog/app/; /,none,yes,MotoAI Editorial,,,0,,,
BA-0494,B10,RENT,PLANNED,khách du lịch thuê xe máy kỳ nghĩ lễ,Thuê xe máy; khách du lịch thuê xe máy kỳ nghĩ lễ,commercial-informational,Khách du Lịch Thuê xe Máy kỳ Nghĩ lễ,khach-du-lich-thue-xe-may-ky-nghi-le,blog/thue-xe/khach-du-lich-thue-xe-may-ky-nghi-le/index.html,blog/thue-xe/,,no,no-external,blog/thue-xe/; /,none,yes,MotoAI Editorial,,,0,,,
BA-0495,B10,EV,PLANNED,ứng dụng tìm chỗ sạc xe cho khách du lịch,Xe điện / xe máy điện; ứng dụng tìm chỗ sạc xe cho khách du lịch,informational-product,Ứng Dụng Tìm Chỗ Sạc xe Cho Khách du Lịch,ung-dung-tim-cho-sac-xe-cho-khach-du-lich,blog/xe-dien/ung-dung-tim-cho-sac-xe-cho-khach-du-lich/index.html,blog/xe-dien/,,no,no-external,blog/xe-dien/; /,none,yes,MotoAI Editorial,,,0,,,
BA-0496,B10,GUIDE,PLANNED,thuê xe cho người dưới 18 tuổi cho người mới,Hướng dẫn / thủ tục; thuê xe cho người dưới 18 tuổi cho người mới,informational,Thuê xe Cho Người Dưới 18 Tuổi Cho Người Mới,thue-xe-cho-nguoi-duoi-18-tuoi-cho-nguoi-moi,blog/huong-dan/thue-xe-cho-nguoi-duoi-18-tuoi-cho-nguoi-moi/index.html,blog/huong-dan/,,no,no-external,blog/huong-dan/; /,none,yes,MotoAI Editorial,,,0,,,
BA-0497,B10,SAFE,PLANNED,ai chịu phạt khi đi xe thuê cho du khách,An toàn / pháp lý; ai chịu phạt khi đi xe thuê cho du khách,informational-legal,ai Chịu Phạt Khi đi xe Thuê Cho du Khách,ai-chiu-phat-khi-di-xe-thue-cho-du-khach,blog/an-toan/ai-chiu-phat-khi-di-xe-thue-cho-du-khach/index.html,blog/an-toan/,,yes,legal-gate,blog/an-toan/; /,none,no,MotoAI Editorial,,,0,,,legal-gate: CLAIM->SUBJECT->CONDITION->RULE->VERSION->PRIMARY SOURCE required
BA-0498,B10,LOCAL,PLANNED,đường đồng by bike hai ngày một đêm,Địa phương / du lịch; đường đồng by bike hai ngày một đêm,local-informational,Đường Đồng by Bike Hai Ngày Một Đêm,duong-dong-by-bike-hai-ngay-mot-dem,blog/dia-phuong/duong-dong-by-bike-hai-ngay-mot-dem/index.html,blog/dia-phuong/,Hà Nội (khu vực),no,no-external,blog/dia-phuong/; /,none,yes,MotoAI Editorial,,,0,,,
BA-0499,B10,APP,PLANNED,công cụ chọn xe theo kinh nghiệm lái năm 2026,App & Ứng dụng; công cụ chọn xe theo kinh nghiệm lái năm 2026,informational-product,Công cụ Chọn xe Theo Kinh Nghiệm Lái Năm 2026,cong-cu-chon-xe-theo-kinh-nghiem-lai-nam-2026,blog/app/cong-cu-chon-xe-theo-kinh-nghiem-lai-nam-2026/index.html,blog/app/,,no,no-external,blog/app/; /,none,yes,MotoAI Editorial,,,0,,,
BA-0500,B10,RENT,PLANNED,thuê xe cho người cao tuổi kỳ nghĩ lễ,Thuê xe máy; thuê xe cho người cao tuổi kỳ nghĩ lễ,commercial-informational,Thuê xe Cho Người Cao Tuổi kỳ Nghĩ lễ,thue-xe-cho-nguoi-cao-tuoi-ky-nghi-le,blog/thue-xe/thue-xe-cho-nguoi-cao-tuoi-ky-nghi-le/index.html,blog/thue-xe/,,no,no-external,blog/thue-xe/; /,none,yes,MotoAI Editorial,,,0,,,
BA-0501,B11,EV,PLANNED,công cụ ước tính quãng đường xe điện cho khách du lịch,Xe điện / xe máy điện; công cụ ước tính quãng đường xe điện cho khách du lịch,informational-product,Công cụ Ước Tính Quãng Đường xe Điện Cho Khách du Lịch,cong-cu-uoc-tinh-quang-duong-xe-dien-cho-khach-du-lich,blog/xe-dien/cong-cu-uoc-tinh-quang-duong-xe-dien-cho-khach-du-lich/index.html,blog/xe-dien/,,no,no-external,blog/xe-dien/; /,none,yes,MotoAI Editorial,,,0,,,
BA-0502,B11,GUIDE,PLANNED,thuê xe cần người bảo lãnh không cho người mới,Hướng dẫn / thủ tục; thuê xe cần người bảo lãnh không cho người mới,informational,Thuê xe Cần Người Bảo Lãnh Không Cho Người Mới,thue-xe-can-nguoi-bao-lanh-khong-cho-nguoi-moi,blog/huong-dan/thue-xe-can-nguoi-bao-lanh-khong-cho-nguoi-moi/index.html,blog/huong-dan/,,no,no-external,blog/huong-dan/; /,none,yes,MotoAI Editorial,,,0,,,
BA-0503,B11,SAFE,PLANNED,cầm đồ xe máy đúng luật cho du khách,An toàn / pháp lý; cầm đồ xe máy đúng luật cho du khách,informational-legal,Cầm đồ xe Máy Đúng Luật Cho du Khách,cam-do-xe-may-dung-luat-cho-du-khach,blog/an-toan/cam-do-xe-may-dung-luat-cho-du-khach/index.html,blog/an-toan/,,yes,legal-gate,blog/an-toan/; /,none,no,MotoAI Editorial,,,0,,,legal-gate: CLAIM->SUBJECT->CONDITION->RULE->VERSION->PRIMARY SOURCE required
BA-0504,B11,LOCAL,PLANNED,văn giang ev and bikes hai ngày một đêm,Địa phương / du lịch; văn giang ev and bikes hai ngày một đêm,local-informational,Văn Giang ev And Bikes Hai Ngày Một Đêm,van-giang-ev-and-bikes-hai-ngay-mot-dem,blog/dia-phuong/van-giang-ev-and-bikes-hai-ngay-mot-dem/index.html,blog/dia-phuong/,Hà Nội (khu vực),no,no-external,blog/dia-phuong/; /,none,yes,MotoAI Editorial,,,0,,,
BA-0505,B11,APP,PLANNED,chatbot thuê xe máy có đáng tin không năm 2026,App & Ứng dụng; chatbot thuê xe máy có đáng tin không năm 2026,informational-product,Chatbot Thuê xe Máy có Đáng Tin Không Năm 2026,chatbot-thue-xe-may-co-dang-tin-khong-nam-2026,blog/app/chatbot-thue-xe-may-co-dang-tin-khong-nam-2026/index.html,blog/app/,,no,no-external,blog/app/; /,none,yes,MotoAI Editorial,,,0,,,
BA-0506,B11,RENT,PLANNED,thuê xe hai người kỳ nghĩ lễ,Thuê xe máy; thuê xe hai người kỳ nghĩ lễ,commercial-informational,Thuê xe Hai Người kỳ Nghĩ lễ,thue-xe-hai-nguoi-ky-nghi-le,blog/thue-xe/thue-xe-hai-nguoi-ky-nghi-le/index.html,blog/thue-xe/,,no,no-external,blog/thue-xe/; /,none,yes,MotoAI Editorial,,,0,,,
BA-0507,B11,EV,PLANNED,xe điện và mùi môi trường cho khách du lịch,Xe điện / xe máy điện; xe điện và mùi môi trường cho khách du lịch,informational-product,xe Điện và Mùi Môi Trường Cho Khách du Lịch,xe-dien-va-mui-moi-truong-cho-khach-du-lich,blog/xe-dien/xe-dien-va-mui-moi-truong-cho-khach-du-lich/index.html,blog/xe-dien/,,no,no-external,blog/xe-dien/; /,none,yes,MotoAI Editorial,,,0,,,
BA-0508,B11,GUIDE,PLANNED,thời gian nhận xe sớm cho người mới,Hướng dẫn / thủ tục; thời gian nhận xe sớm cho người mới,informational,Thời Gian Nhận xe Sớm Cho Người Mới,thoi-gian-nhan-xe-som-cho-nguoi-moi,blog/huong-dan/thoi-gian-nhan-xe-som-cho-nguoi-moi/index.html,blog/huong-dan/,,no,no-external,blog/huong-dan/; /,none,yes,MotoAI Editorial,,,0,,,
BA-0509,B11,SAFE,PLANNED,mua bán xe máy giấy tờ cho du khách,An toàn / pháp lý; mua bán xe máy giấy tờ cho du khách,informational-legal,Mua Bán xe Máy Giấy tờ Cho du Khách,mua-ban-xe-may-giay-to-cho-du-khach,blog/an-toan/mua-ban-xe-may-giay-to-cho-du-khach/index.html,blog/an-toan/,,yes,legal-gate,blog/an-toan/; /,none,no,MotoAI Editorial,,,0,,,legal-gate: CLAIM->SUBJECT->CONDITION->RULE->VERSION->PRIMARY SOURCE required
BA-0510,B11,LOCAL,PLANNED,chùa và Hà Nội hai ngày một đêm,Địa phương / du lịch; chùa và Hà Nội hai ngày một đêm,local-informational,Chùa và Hà Nội Hai Ngày Một Đêm,chua-va-ha-noi-hai-ngay-mot-dem,blog/dia-phuong/chua-va-ha-noi-hai-ngay-mot-dem/index.html,blog/dia-phuong/,Hà Nội (khu vực),no,no-external,blog/dia-phuong/; /,none,yes,MotoAI Editorial,,,0,,,
BA-0511,B11,APP,PLANNED,xử lý dữ liệu cá nhân khi thuê xe online năm 2026,App & Ứng dụng; xử lý dữ liệu cá nhân khi thuê xe online năm 2026,informational-product,xử lý dữ Liệu cá Nhân Khi Thuê xe Online Năm 2026,xu-ly-du-lieu-ca-nhan-khi-thue-xe-online-nam-2026,blog/app/xu-ly-du-lieu-ca-nhan-khi-thue-xe-online-nam-2026/index.html,blog/app/,,no,no-external,blog/app/; /,none,yes,MotoAI Editorial,,,0,,,
BA-0512,B11,RENT,PLANNED,chở người thân trên xe thuê kỳ nghĩ lễ,Thuê xe máy; chở người thân trên xe thuê kỳ nghĩ lễ,commercial-informational,Chở Người Thân Trên xe Thuê kỳ Nghĩ lễ,cho-nguoi-than-tren-xe-thue-ky-nghi-le,blog/thue-xe/cho-nguoi-than-tren-xe-thue-ky-nghi-le/index.html,blog/thue-xe/,,no,no-external,blog/thue-xe/; /,none,yes,MotoAI Editorial,,,0,,,
BA-0513,B11,EV,PLANNED,xe điện giảm tiếng ồn phố cho khách du lịch,Xe điện / xe máy điện; xe điện giảm tiếng ồn phố cho khách du lịch,informational-product,xe Điện Giảm Tiếng ồn Phố Cho Khách du Lịch,xe-dien-giam-tieng-on-pho-cho-khach-du-lich,blog/xe-dien/xe-dien-giam-tieng-on-pho-cho-khach-du-lich/index.html,blog/xe-dien/,,no,no-external,blog/xe-dien/; /,none,yes,MotoAI Editorial,,,0,,,
BA-0514,B11,GUIDE,PLANNED,nhận xe ban đêm cho người mới,Hướng dẫn / thủ tục; nhận xe ban đêm cho người mới,informational,Nhận xe Ban Đêm Cho Người Mới,nhan-xe-ban-dem-cho-nguoi-moi,blog/huong-dan/nhan-xe-ban-dem-cho-nguoi-moi/index.html,blog/huong-dan/,,no,no-external,blog/huong-dan/; /,none,yes,MotoAI Editorial,,,0,,,
BA-0515,B11,SAFE,PLANNED,kiểm định xe máy cho du khách,An toàn / pháp lý; kiểm định xe máy cho du khách,informational-legal,Kiểm Định xe Máy Cho du Khách,kiem-dinh-xe-may-cho-du-khach,blog/an-toan/kiem-dinh-xe-may-cho-du-khach/index.html,blog/an-toan/,,yes,legal-gate,blog/an-toan/; /,none,no,MotoAI Editorial,,,0,,,legal-gate: CLAIM->SUBJECT->CONDITION->RULE->VERSION->PRIMARY SOURCE required
BA-0516,B11,LOCAL,PLANNED,đền nguyễn cần bằng xe hai ngày một đêm,Địa phương / du lịch; đền nguyễn cần bằng xe hai ngày một đêm,local-informational,Đền Nguyễn Cần Bằng xe Hai Ngày Một Đêm,den-nguyen-can-bang-xe-hai-ngay-mot-dem,blog/dia-phuong/den-nguyen-can-bang-xe-hai-ngay-mot-dem/index.html,blog/dia-phuong/,Hà Nội (khu vực),no,no-external,blog/dia-phuong/; /,none,yes,MotoAI Editorial,,,0,,,
BA-0517,B11,APP,PLANNED,kịch bản dùng app thuê xe cho người mới năm 2026,App & Ứng dụng; kịch bản dùng app thuê xe cho người mới năm 2026,informational-product,Kịch Bản Dùng App Thuê xe Cho Người Mới Năm 2026,kich-ban-dung-app-thue-xe-cho-nguoi-moi-nam-2026,blog/app/kich-ban-dung-app-thue-xe-cho-nguoi-moi-nam-2026/index.html,blog/app/,,no,no-external,blog/app/; /,none,yes,MotoAI Editorial,,,0,,,
BA-0518,B11,RENT,PLANNED,đi phố cổ bằng xe máy thuê kỳ nghĩ lễ,Thuê xe máy; đi phố cổ bằng xe máy thuê kỳ nghĩ lễ,commercial-informational,đi Phố cổ Bằng xe Máy Thuê kỳ Nghĩ lễ,di-pho-co-bang-xe-may-thue-ky-nghi-le,blog/thue-xe/di-pho-co-bang-xe-may-thue-ky-nghi-le/index.html,blog/thue-xe/,,no,no-external,blog/thue-xe/; /,none,yes,MotoAI Editorial,,,0,,,
BA-0519,B11,EV,PLANNED,chính sách khuyến khích xe điện cho khách du lịch,Xe điện / xe máy điện; chính sách khuyến khích xe điện cho khách du lịch,informational-product,Chính Sách Khuyến Khích xe Điện Cho Khách du Lịch,chinh-sach-khuyen-khich-xe-dien-cho-khach-du-lich,blog/xe-dien/chinh-sach-khuyen-khich-xe-dien-cho-khach-du-lich/index.html,blog/xe-dien/,,no,no-external,blog/xe-dien/; /,none,yes,MotoAI Editorial,,,0,,,
BA-0520,B11,GUIDE,PLANNED,giao xe tại khách sạn cho người mới,Hướng dẫn / thủ tục; giao xe tại khách sạn cho người mới,informational,Giao xe Tại Khách Sạn Cho Người Mới,giao-xe-tai-khach-san-cho-nguoi-moi,blog/huong-dan/giao-xe-tai-khach-san-cho-nguoi-moi/index.html,blog/huong-dan/,,no,no-external,blog/huong-dan/; /,none,yes,MotoAI Editorial,,,0,,,
BA-0521,B11,SAFE,PLANNED,thuế và phí xe máy cá nhân cho du khách,An toàn / pháp lý; thuế và phí xe máy cá nhân cho du khách,informational-legal,Thuế và Phí xe Máy cá Nhân Cho du Khách,thue-va-phi-xe-may-ca-nhan-cho-du-khach,blog/an-toan/thue-va-phi-xe-may-ca-nhan-cho-du-khach/index.html,blog/an-toan/,,yes,legal-gate,blog/an-toan/; /,none,no,MotoAI Editorial,,,0,,,legal-gate: CLAIM->SUBJECT->CONDITION->RULE->VERSION->PRIMARY SOURCE required
BA-0522,B11,LOCAL,PLANNED,quảng đi long biên view hai ngày một đêm,Địa phương / du lịch; quảng đi long biên view hai ngày một đêm,local-informational,Quảng đi Long Biên View Hai Ngày Một Đêm,quang-di-long-bien-view-hai-ngay-mot-dem,blog/dia-phuong/quang-di-long-bien-view-hai-ngay-mot-dem/index.html,blog/dia-phuong/,Long Biên,no,no-external,blog/dia-phuong/; /,none,yes,MotoAI Editorial,,,0,,,
BA-0523,B11,APP,PLANNED,so sánh ứng dụng thuê xe máy điện và xe xăng năm 2026,App & Ứng dụng; so sánh ứng dụng thuê xe máy điện và xe xăng năm 2026,informational-product,so Sánh Ứng Dụng Thuê xe Máy Điện và xe Xăng Năm 2026,so-sanh-ung-dung-thue-xe-may-dien-va-xe-xang-nam-2026,blog/app/so-sanh-ung-dung-thue-xe-may-dien-va-xe-xang-nam-2026/index.html,blog/app/,,no,no-external,blog/app/; /,none,yes,MotoAI Editorial,,,0,,,
BA-0524,B11,RENT,PLANNED,thuê xe dài ngày giá tốt kỳ nghĩ lễ,Thuê xe máy; thuê xe dài ngày giá tốt kỳ nghĩ lễ,commercial-informational,Thuê xe Dài Ngày Giá Tốt kỳ Nghĩ lễ,thue-xe-dai-ngay-gia-tot-ky-nghi-le,blog/thue-xe/thue-xe-dai-ngay-gia-tot-ky-nghi-le/index.html,blog/thue-xe/,,no,no-external,blog/thue-xe/; /,none,yes,MotoAI Editorial,,,0,,,
BA-0525,B11,EV,PLANNED,xe điện hết hạn pin cho khách du lịch,Xe điện / xe máy điện; xe điện hết hạn pin cho khách du lịch,informational-product,xe Điện Hết Hạn Pin Cho Khách du Lịch,xe-dien-het-han-pin-cho-khach-du-lich,blog/xe-dien/xe-dien-het-han-pin-cho-khach-du-lich/index.html,blog/xe-dien/,,no,no-external,blog/xe-dien/; /,none,yes,MotoAI Editorial,,,0,,,
BA-0526,B11,GUIDE,PLANNED,giao xe tại sân bay nội bài cho người mới,Hướng dẫn / thủ tục; giao xe tại sân bay nội bài cho người mới,informational,Giao xe Tại Sân Bay Nội Bài Cho Người Mới,giao-xe-tai-san-bay-noi-bai-cho-nguoi-moi,blog/huong-dan/giao-xe-tai-san-bay-noi-bai-cho-nguoi-moi/index.html,blog/huong-dan/,,no,no-external,blog/huong-dan/; /,none,yes,MotoAI Editorial,,,0,,,
BA-0527,B11,SAFE,PLANNED,tránh app thuê xe lừa đảo cho du khách,An toàn / pháp lý; tránh app thuê xe lừa đảo cho du khách,informational-legal,Tránh App Thuê xe Lừa Đảo Cho du Khách,tranh-app-thue-xe-lua-dao-cho-du-khach,blog/an-toan/tranh-app-thue-xe-lua-dao-cho-du-khach/index.html,blog/an-toan/,,yes,legal-gate,blog/an-toan/; /,none,no,MotoAI Editorial,,,0,,,legal-gate: CLAIM->SUBJECT->CONDITION->RULE->VERSION->PRIMARY SOURCE required
BA-0528,B11,LOCAL,PLANNED,hoàng hôn hồ tây hai ngày một đêm,Địa phương / du lịch; hoàng hôn hồ tây hai ngày một đêm,local-informational,Hoàng Hôn hồ Tây Hai Ngày Một Đêm,hoang-hon-ho-tay-hai-ngay-mot-dem,blog/dia-phuong/hoang-hon-ho-tay-hai-ngay-mot-dem/index.html,blog/dia-phuong/,hồ Tây,no,no-external,blog/dia-phuong/; /,none,yes,MotoAI Editorial,,,0,,,
BA-0529,B11,APP,PLANNED,ứng dụng thuê xe không cần tải năm 2026,App & Ứng dụng; ứng dụng thuê xe không cần tải năm 2026,informational-product,Ứng Dụng Thuê xe Không Cần Tải Năm 2026,ung-dung-thue-xe-khong-can-tai-nam-2026,blog/app/ung-dung-thue-xe-khong-can-tai-nam-2026/index.html,blog/app/,,no,no-external,blog/app/; /,none,yes,MotoAI Editorial,,,0,,,
BA-0530,B11,RENT,PLANNED,ưu đãi thuê xe dài hạn kỳ nghĩ lễ,Thuê xe máy; ưu đãi thuê xe dài hạn kỳ nghĩ lễ,commercial-informational,ưu Đãi Thuê xe Dài Hạn kỳ Nghĩ lễ,uu-dai-thue-xe-dai-han-ky-nghi-le,blog/thue-xe/uu-dai-thue-xe-dai-han-ky-nghi-le/index.html,blog/thue-xe/,,no,no-external,blog/thue-xe/; /,none,yes,MotoAI Editorial,,,0,,,
BA-0531,B11,EV,PLANNED,thuê xe điện ban đêm cho khách du lịch,Xe điện / xe máy điện; thuê xe điện ban đêm cho khách du lịch,informational-product,Thuê xe Điện Ban Đêm Cho Khách du Lịch,thue-xe-dien-ban-dem-cho-khach-du-lich,blog/xe-dien/thue-xe-dien-ban-dem-cho-khach-du-lich/index.html,blog/xe-dien/,,no,no-external,blog/xe-dien/; /,none,yes,MotoAI Editorial,,,0,,,
BA-0532,B11,GUIDE,PLANNED,thuê xe và check-in khách sạn cho người mới,Hướng dẫn / thủ tục; thuê xe và check-in khách sạn cho người mới,informational,Thuê xe và Check-in Khách Sạn Cho Người Mới,thue-xe-va-check-in-khach-san-cho-nguoi-moi,blog/huong-dan/thue-xe-va-check-in-khach-san-cho-nguoi-moi/index.html,blog/huong-dan/,,no,no-external,blog/huong-dan/; /,none,yes,MotoAI Editorial,,,0,,,
BA-0533,B11,SAFE,PLANNED,nhận diện hợp đồng thuê xe hợp pháp cho du khách,An toàn / pháp lý; nhận diện hợp đồng thuê xe hợp pháp cho du khách,informational-legal,Nhận Diện Hợp Đồng Thuê xe Hợp Pháp Cho du Khách,nhan-dien-hop-dong-thue-xe-hop-phap-cho-du-khach,blog/an-toan/nhan-dien-hop-dong-thue-xe-hop-phap-cho-du-khach/index.html,blog/an-toan/,,yes,legal-gate,blog/an-toan/; /,none,no,MotoAI Editorial,,,0,,,legal-gate: CLAIM->SUBJECT->CONDITION->RULE->VERSION->PRIMARY SOURCE required
BA-0534,B11,LOCAL,PLANNED,chạy buổi sáng hồ gươm hai ngày một đêm,Địa phương / du lịch; chạy buổi sáng hồ gươm hai ngày một đêm,local-informational,Chạy Buổi Sáng hồ Gươm Hai Ngày Một Đêm,chay-buoi-sang-ho-guom-hai-ngay-mot-dem,blog/dia-phuong/chay-buoi-sang-ho-guom-hai-ngay-mot-dem/index.html,blog/dia-phuong/,Hà Nội (khu vực),no,no-external,blog/dia-phuong/; /,none,yes,MotoAI Editorial,,,0,,,
BA-0535,B11,APP,PLANNED,rental assistant là gì năm 2026,App & Ứng dụng; rental assistant là gì năm 2026,informational-product,Rental Assistant là gì Năm 2026,rental-assistant-la-gi-nam-2026,blog/app/rental-assistant-la-gi-nam-2026/index.html,blog/app/,,no,no-external,blog/app/; /,none,yes,MotoAI Editorial,,,0,,,
BA-0536,B11,RENT,PLANNED,mùa cao điểm thuê xe máy kỳ nghĩ lễ,Thuê xe máy; mùa cao điểm thuê xe máy kỳ nghĩ lễ,commercial-informational,Mùa Cao Điểm Thuê xe Máy kỳ Nghĩ lễ,mua-cao-diem-thue-xe-may-ky-nghi-le,blog/thue-xe/mua-cao-diem-thue-xe-may-ky-nghi-le/index.html,blog/thue-xe/,,no,no-external,blog/thue-xe/; /,none,yes,MotoAI Editorial,,,0,,,
BA-0537,B11,EV,PLANNED,xe điện và thời tiết lạnh cho khách du lịch,Xe điện / xe máy điện; xe điện và thời tiết lạnh cho khách du lịch,informational-product,xe Điện và Thời Tiết Lạnh Cho Khách du Lịch,xe-dien-va-thoi-tiet-lanh-cho-khach-du-lich,blog/xe-dien/xe-dien-va-thoi-tiet-lanh-cho-khach-du-lich/index.html,blog/xe-dien/,,no,no-external,blog/xe-dien/; /,none,yes,MotoAI Editorial,,,0,,,
BA-0538,B11,GUIDE,PLANNED,lên kế hoạch hành trình với agent cho người mới,Hướng dẫn / thủ tục; lên kế hoạch hành trình với agent cho người mới,informational,Lên kế Hoạch Hành Trình Với Agent Cho Người Mới,len-ke-hoach-hanh-trinh-voi-agent-cho-nguoi-moi,blog/huong-dan/len-ke-hoach-hanh-trinh-voi-agent-cho-nguoi-moi/index.html,blog/huong-dan/,,no,no-external,blog/huong-dan/; /,none,yes,MotoAI Editorial,,,0,,,
BA-0539,B11,SAFE,PLANNED,quyền của người thuê xe cho du khách,An toàn / pháp lý; quyền của người thuê xe cho du khách,informational-legal,Quyền Của Người Thuê xe Cho du Khách,quyen-cua-nguoi-thue-xe-cho-du-khach,blog/an-toan/quyen-cua-nguoi-thue-xe-cho-du-khach/index.html,blog/an-toan/,,yes,legal-gate,blog/an-toan/; /,none,no,MotoAI Editorial,,,0,,,legal-gate: CLAIM->SUBJECT->CONDITION->RULE->VERSION->PRIMARY SOURCE required
BA-0540,B11,LOCAL,PLANNED,cà phê phố cổ hai ngày một đêm,Địa phương / du lịch; cà phê phố cổ hai ngày một đêm,local-informational,cà Phê Phố cổ Hai Ngày Một Đêm,ca-phe-pho-co-hai-ngay-mot-dem,blog/dia-phuong/ca-phe-pho-co-hai-ngay-mot-dem/index.html,blog/dia-phuong/,Phố cổ,no,no-external,blog/dia-phuong/; /,none,yes,MotoAI Editorial,,,0,,,
BA-0541,B11,APP,PLANNED,agent chọn xe giúp bạn năm 2026,App & Ứng dụng; agent chọn xe giúp bạn năm 2026,informational-product,Agent Chọn xe Giúp Bạn Năm 2026,agent-chon-xe-giup-ban-nam-2026,blog/app/agent-chon-xe-giup-ban-nam-2026/index.html,blog/app/,,no,no-external,blog/app/; /,none,yes,MotoAI Editorial,,,0,,,
BA-0542,B11,RENT,PLANNED,đặt xe trước hay đến trực tiếp kỳ nghĩ lễ,Thuê xe máy; đặt xe trước hay đến trực tiếp kỳ nghĩ lễ,commercial-informational,Đặt xe Trước Hay Đến Trực Tiếp kỳ Nghĩ lễ,dat-xe-truoc-hay-den-truc-tiep-ky-nghi-le,blog/thue-xe/dat-xe-truoc-hay-den-truc-tiep-ky-nghi-le/index.html,blog/thue-xe/,,no,no-external,blog/thue-xe/; /,none,yes,MotoAI Editorial,,,0,,,
BA-0543,B11,EV,PLANNED,xe điện và đường dốc cho khách du lịch,Xe điện / xe máy điện; xe điện và đường dốc cho khách du lịch,informational-product,xe Điện và Đường Dốc Cho Khách du Lịch,xe-dien-va-duong-doc-cho-khach-du-lich,blog/xe-dien/xe-dien-va-duong-doc-cho-khach-du-lich/index.html,blog/xe-dien/,,no,no-external,blog/xe-dien/; /,none,yes,MotoAI Editorial,,,0,,,
BA-0544,B11,GUIDE,PLANNED,tính lộ trình thuê xe theo ngày cho người mới,Hướng dẫn / thủ tục; tính lộ trình thuê xe theo ngày cho người mới,informational,Tính lộ Trình Thuê xe Theo Ngày Cho Người Mới,tinh-lo-trinh-thue-xe-theo-ngay-cho-nguoi-moi,blog/huong-dan/tinh-lo-trinh-thue-xe-theo-ngay-cho-nguoi-moi/index.html,blog/huong-dan/,,no,no-external,blog/huong-dan/; /,none,yes,MotoAI Editorial,,,0,,,
BA-0545,B11,SAFE,PLANNED,nghĩa vụ của bên cho thuê cho du khách,An toàn / pháp lý; nghĩa vụ của bên cho thuê cho du khách,informational-legal,Nghĩa vụ Của Bên Cho Thuê Cho du Khách,nghia-vu-cua-ben-cho-thue-cho-du-khach,blog/an-toan/nghia-vu-cua-ben-cho-thue-cho-du-khach/index.html,blog/an-toan/,,yes,legal-gate,blog/an-toan/; /,none,no,MotoAI Editorial,,,0,,,legal-gate: CLAIM->SUBJECT->CONDITION->RULE->VERSION->PRIMARY SOURCE required
BA-0546,B11,LOCAL,PLANNED,cà phê trứng và xe máy hai ngày một đêm,Địa phương / du lịch; cà phê trứng và xe máy hai ngày một đêm,local-informational,cà Phê Trứng và xe Máy Hai Ngày Một Đêm,ca-phe-trung-va-xe-may-hai-ngay-mot-dem,blog/dia-phuong/ca-phe-trung-va-xe-may-hai-ngay-mot-dem/index.html,blog/dia-phuong/,Hà Nội (khu vực),no,no-external,blog/dia-phuong/; /,none,yes,MotoAI Editorial,,,0,,,
BA-0547,B11,APP,PLANNED,đặt cọc và ứng dụng thuê xe năm 2026,App & Ứng dụng; đặt cọc và ứng dụng thuê xe năm 2026,informational-product,Đặt Cọc và Ứng Dụng Thuê xe Năm 2026,dat-coc-va-ung-dung-thue-xe-nam-2026,blog/app/dat-coc-va-ung-dung-thue-xe-nam-2026/index.html,blog/app/,,no,no-external,blog/app/; /,none,yes,MotoAI Editorial,,,0,,,
BA-0548,B11,RENT,PLANNED,liên hệ đặt xe nhanh kỳ nghĩ lễ,Thuê xe máy; liên hệ đặt xe nhanh kỳ nghĩ lễ,commercial-informational,Liên hệ Đặt xe Nhanh kỳ Nghĩ lễ,lien-he-dat-xe-nhanh-ky-nghi-le,blog/thue-xe/lien-he-dat-xe-nhanh-ky-nghi-le/index.html,blog/thue-xe/,,no,no-external,blog/thue-xe/; /,none,yes,MotoAI Editorial,,,0,,,
BA-0549,B11,EV,PLANNED,lốp xe điện cho khách du lịch,Xe điện / xe máy điện; lốp xe điện cho khách du lịch,informational-product,Lốp xe Điện Cho Khách du Lịch,lop-xe-dien-cho-khach-du-lich,blog/xe-dien/lop-xe-dien-cho-khach-du-lich/index.html,blog/xe-dien/,,no,no-external,blog/xe-dien/; /,none,yes,MotoAI Editorial,,,0,,,
BA-0550,B11,GUIDE,PLANNED,đi chợ bằng xe thuê cho người mới,Hướng dẫn / thủ tục; đi chợ bằng xe thuê cho người mới,informational,đi Chợ Bằng xe Thuê Cho Người Mới,di-cho-bang-xe-thue-cho-nguoi-moi,blog/huong-dan/di-cho-bang-xe-thue-cho-nguoi-moi/index.html,blog/huong-dan/,,no,no-external,blog/huong-dan/; /,none,yes,MotoAI Editorial,,,0,,,
BA-0551,B12,SAFE,PLANNED,khiển nại dịch vụ thuê xe cho du khách,An toàn / pháp lý; khiển nại dịch vụ thuê xe cho du khách,informational-legal,Khiển Nại Dịch vụ Thuê xe Cho du Khách,khien-nai-dich-vu-thue-xe-cho-du-khach,blog/an-toan/khien-nai-dich-vu-thue-xe-cho-du-khach/index.html,blog/an-toan/,,yes,legal-gate,blog/an-toan/; /,none,no,MotoAI Editorial,,,0,,,legal-gate: CLAIM->SUBJECT->CONDITION->RULE->VERSION->PRIMARY SOURCE required
BA-0552,B12,LOCAL,PLANNED,bánh cuốn và hành trình hai ngày một đêm,Địa phương / du lịch; bánh cuốn và hành trình hai ngày một đêm,local-informational,Bánh Cuốn và Hành Trình Hai Ngày Một Đêm,banh-cuon-va-hanh-trinh-hai-ngay-mot-dem,blog/dia-phuong/banh-cuon-va-hanh-trinh-hai-ngay-mot-dem/index.html,blog/dia-phuong/,Hà Nội (khu vực),no,no-external,blog/dia-phuong/; /,none,yes,MotoAI Editorial,,,0,,,
BA-0553,B12,APP,PLANNED,nhận xe khi đặt qua ứng dụng năm 2026,App & Ứng dụng; nhận xe khi đặt qua ứng dụng năm 2026,informational-product,Nhận xe Khi Đặt Qua Ứng Dụng Năm 2026,nhan-xe-khi-dat-qua-ung-dung-nam-2026,blog/app/nhan-xe-khi-dat-qua-ung-dung-nam-2026/index.html,blog/app/,,no,no-external,blog/app/; /,none,yes,MotoAI Editorial,,,0,,,
BA-0554,B12,RENT,PLANNED,xác nhận giá trước khi đặt kỳ nghĩ lễ,Thuê xe máy; xác nhận giá trước khi đặt kỳ nghĩ lễ,commercial-informational,Xác Nhận Giá Trước Khi Đặt kỳ Nghĩ lễ,xac-nhan-gia-truoc-khi-dat-ky-nghi-le,blog/thue-xe/xac-nhan-gia-truoc-khi-dat-ky-nghi-le/index.html,blog/thue-xe/,,no,no-external,blog/thue-xe/; /,none,yes,MotoAI Editorial,,,0,,,
BA-0555,B12,EV,PLANNED,phanh xe máy điện cho khách du lịch,Xe điện / xe máy điện; phanh xe máy điện cho khách du lịch,informational-product,Phanh xe Máy Điện Cho Khách du Lịch,phanh-xe-may-dien-cho-khach-du-lich,blog/xe-dien/phanh-xe-may-dien-cho-khach-du-lich/index.html,blog/xe-dien/,,no,no-external,blog/xe-dien/; /,none,yes,MotoAI Editorial,,,0,,,
BA-0556,B12,GUIDE,PLANNED,mua sắm và chở đồ cho người mới,Hướng dẫn / thủ tục; mua sắm và chở đồ cho người mới,informational,Mua Sắm và Chở đồ Cho Người Mới,mua-sam-va-cho-do-cho-nguoi-moi,blog/huong-dan/mua-sam-va-cho-do-cho-nguoi-moi/index.html,blog/huong-dan/,,no,no-external,blog/huong-dan/; /,none,yes,MotoAI Editorial,,,0,,,
BA-0557,B12,SAFE,PLANNED,bảo vệ dữ liệu cá nhân khi thuê xe cho du khách,An toàn / pháp lý; bảo vệ dữ liệu cá nhân khi thuê xe cho du khách,informational-legal,Bảo vệ dữ Liệu cá Nhân Khi Thuê xe Cho du Khách,bao-ve-du-lieu-ca-nhan-khi-thue-xe-cho-du-khach,blog/an-toan/bao-ve-du-lieu-ca-nhan-khi-thue-xe-cho-du-khach/index.html,blog/an-toan/,,yes,legal-gate,blog/an-toan/; /,none,no,MotoAI Editorial,,,0,,,legal-gate: CLAIM->SUBJECT->CONDITION->RULE->VERSION->PRIMARY SOURCE required
BA-0558,B12,LOCAL,PLANNED,phở bò và hành trình sáng hai ngày một đêm,Địa phương / du lịch; phở bò và hành trình sáng hai ngày một đêm,local-informational,Phở bò và Hành Trình Sáng Hai Ngày Một Đêm,pho-bo-va-hanh-trinh-sang-hai-ngay-mot-dem,blog/dia-phuong/pho-bo-va-hanh-trinh-sang-hai-ngay-mot-dem/index.html,blog/dia-phuong/,Hà Nội (khu vực),no,no-external,blog/dia-phuong/; /,none,yes,MotoAI Editorial,,,0,,,
BA-0559,B12,APP,PLANNED,hủy lịch thuê xe qua app năm 2026,App & Ứng dụng; hủy lịch thuê xe qua app năm 2026,informational-product,Hủy Lịch Thuê xe Qua App Năm 2026,huy-lich-thue-xe-qua-app-nam-2026,blog/app/huy-lich-thue-xe-qua-app-nam-2026/index.html,blog/app/,,no,no-external,blog/app/; /,none,yes,MotoAI Editorial,,,0,,,
BA-0560,B12,RENT,PLANNED,xe thuê có bảo hiểm không kỳ nghĩ lễ,Thuê xe máy; xe thuê có bảo hiểm không kỳ nghĩ lễ,commercial-informational,xe Thuê có Bảo Hiểm Không kỳ Nghĩ lễ,xe-thue-co-bao-hiem-khong-ky-nghi-le,blog/thue-xe/xe-thue-co-bao-hiem-khong-ky-nghi-le/index.html,blog/thue-xe/,,no,no-external,blog/thue-xe/; /,none,yes,MotoAI Editorial,,,0,,,
BA-0561,B12,EV,PLANNED,hộp số xe điện cho khách du lịch,Xe điện / xe máy điện; hộp số xe điện cho khách du lịch,informational-product,Hộp số xe Điện Cho Khách du Lịch,hop-so-xe-dien-cho-khach-du-lich,blog/xe-dien/hop-so-xe-dien-cho-khach-du-lich/index.html,blog/xe-dien/,,no,no-external,blog/xe-dien/; /,none,yes,MotoAI Editorial,,,0,,,
BA-0562,B12,GUIDE,PLANNED,ăn uống và lái xe an toàn cho người mới,Hướng dẫn / thủ tục; ăn uống và lái xe an toàn cho người mới,informational,ăn Uống và Lái xe an Toàn Cho Người Mới,an-uong-va-lai-xe-an-toan-cho-nguoi-moi,blog/huong-dan/an-uong-va-lai-xe-an-toan-cho-nguoi-moi/index.html,blog/huong-dan/,,no,no-external,blog/huong-dan/; /,none,yes,MotoAI Editorial,,,0,,,
BA-0563,B12,SAFE,PLANNED,an toàn khi thanh toán cọc cho du khách,An toàn / pháp lý; an toàn khi thanh toán cọc cho du khách,informational-legal,an Toàn Khi Thanh Toán Cọc Cho du Khách,an-toan-khi-thanh-toan-coc-cho-du-khach,blog/an-toan/an-toan-khi-thanh-toan-coc-cho-du-khach/index.html,blog/an-toan/,,yes,legal-gate,blog/an-toan/; /,none,no,MotoAI Editorial,,,0,,,legal-gate: CLAIM->SUBJECT->CONDITION->RULE->VERSION->PRIMARY SOURCE required
BA-0564,B12,LOCAL,PLANNED,chợ hoa quận tám hai ngày một đêm,Địa phương / du lịch; chợ hoa quận tám hai ngày một đêm,local-informational,Chợ Hoa Quận Tám Hai Ngày Một Đêm,cho-hoa-quan-tam-hai-ngay-mot-dem,blog/dia-phuong/cho-hoa-quan-tam-hai-ngay-mot-dem/index.html,blog/dia-phuong/,Hà Nội (khu vực),no,no-external,blog/dia-phuong/; /,none,yes,MotoAI Editorial,,,0,,,
BA-0565,B12,APP,PLANNED,app thuê xe cho người nước ngoài năm 2026,App & Ứng dụng; app thuê xe cho người nước ngoài năm 2026,informational-product,App Thuê xe Cho Người Nước Ngoài Năm 2026,app-thue-xe-cho-nguoi-nuoc-ngoai-nam-2026,blog/app/app-thue-xe-cho-nguoi-nuoc-ngoai-nam-2026/index.html,blog/app/,,no,no-external,blog/app/; /,none,yes,MotoAI Editorial,,,0,,,
BA-0566,B12,RENT,PLANNED,hỏng xe giữa đường khi thuê kỳ nghĩ lễ,Thuê xe máy; hỏng xe giữa đường khi thuê kỳ nghĩ lễ,commercial-informational,Hỏng xe Giữa Đường Khi Thuê kỳ Nghĩ lễ,hong-xe-giua-duong-khi-thue-ky-nghi-le,blog/thue-xe/hong-xe-giua-duong-khi-thue-ky-nghi-le/index.html,blog/thue-xe/,,no,no-external,blog/thue-xe/; /,none,yes,MotoAI Editorial,,,0,,,
BA-0567,B12,EV,PLANNED,chìa khóa xe điện thông minh cho khách du lịch,Xe điện / xe máy điện; chìa khóa xe điện thông minh cho khách du lịch,informational-product,Chìa Khóa xe Điện Thông Minh Cho Khách du Lịch,chia-khoa-xe-dien-thong-minh-cho-khach-du-lich,blog/xe-dien/chia-khoa-xe-dien-thong-minh-cho-khach-du-lich/index.html,blog/xe-dien/,,no,no-external,blog/xe-dien/; /,none,yes,MotoAI Editorial,,,0,,,
BA-0568,B12,GUIDE,PLANNED,trời mưa thuê xe máy cho người mới,Hướng dẫn / thủ tục; trời mưa thuê xe máy cho người mới,informational,Trời Mưa Thuê xe Máy Cho Người Mới,troi-mua-thue-xe-may-cho-nguoi-moi,blog/huong-dan/troi-mua-thue-xe-may-cho-nguoi-moi/index.html,blog/huong-dan/,,no,no-external,blog/huong-dan/; /,none,yes,MotoAI Editorial,,,0,,,
BA-0569,B12,SAFE,PLANNED,luật giao thông đường bộ cơ bản cho người mới,An toàn / pháp lý; luật giao thông đường bộ cơ bản cho người mới,informational-legal,Luật Giao Thông Đường bộ cơ Bản Cho Người Mới,luat-giao-thong-duong-bo-co-ban-cho-nguoi-moi,blog/an-toan/luat-giao-thong-duong-bo-co-ban-cho-nguoi-moi/index.html,blog/an-toan/,,yes,legal-gate,blog/an-toan/; /,none,no,MotoAI Editorial,,,0,,,legal-gate: CLAIM->SUBJECT->CONDITION->RULE->VERSION->PRIMARY SOURCE required
BA-0570,B12,LOCAL,PLANNED,chùa một cột hà nội hai ngày một đêm,Địa phương / du lịch; chùa một cột hà nội hai ngày một đêm,local-informational,Chùa Một Cột hà Nội Hai Ngày Một Đêm,chua-mot-cot-ha-noi-hai-ngay-mot-dem,blog/dia-phuong/chua-mot-cot-ha-noi-hai-ngay-mot-dem/index.html,blog/dia-phuong/,hà Nội,no,no-external,blog/dia-phuong/; /,none,yes,MotoAI Editorial,,,0,,,
BA-0571,B12,APP,PLANNED,ứng dụng thuê xe tiếng Anh năm 2026,App & Ứng dụng; ứng dụng thuê xe tiếng Anh năm 2026,informational-product,Ứng Dụng Thuê xe Tiếng Anh Năm 2026,ung-dung-thue-xe-tieng-anh-nam-2026,blog/app/ung-dung-thue-xe-tieng-anh-nam-2026/index.html,blog/app/,,no,no-external,blog/app/; /,none,yes,MotoAI Editorial,,,0,,,
BA-0572,B12,RENT,PLANNED,hỗ trợ khi xe thuê gặp sự cố kỳ nghĩ lễ,Thuê xe máy; hỗ trợ khi xe thuê gặp sự cố kỳ nghĩ lễ,commercial-informational,hỗ Trợ Khi xe Thuê Gặp sự cố kỳ Nghĩ lễ,ho-tro-khi-xe-thue-gap-su-co-ky-nghi-le,blog/thue-xe/ho-tro-khi-xe-thue-gap-su-co-ky-nghi-le/index.html,blog/thue-xe/,,no,no-external,blog/thue-xe/; /,none,yes,MotoAI Editorial,,,0,,,
BA-0573,B12,EV,PLANNED,app mở khóa xe điện cho khách du lịch,Xe điện / xe máy điện; app mở khóa xe điện cho khách du lịch,informational-product,App mở Khóa xe Điện Cho Khách du Lịch,app-mo-khoa-xe-dien-cho-khach-du-lich,blog/xe-dien/app-mo-khoa-xe-dien-cho-khach-du-lich/index.html,blog/xe-dien/,,no,no-external,blog/xe-dien/; /,none,yes,MotoAI Editorial,,,0,,,
BA-0574,B12,GUIDE,PLANNED,mùa đông thuê xe hà nội cho người mới,Hướng dẫn / thủ tục; mùa đông thuê xe hà nội cho người mới,informational,Mùa Đông Thuê xe hà Nội Cho Người Mới,mua-dong-thue-xe-ha-noi-cho-nguoi-moi,blog/huong-dan/mua-dong-thue-xe-ha-noi-cho-nguoi-moi/index.html,blog/huong-dan/,,no,no-external,blog/huong-dan/; /,none,yes,MotoAI Editorial,,,0,,,
BA-0575,B12,SAFE,PLANNED,nồng độ cồn khi lái xe cho người mới,An toàn / pháp lý; nồng độ cồn khi lái xe cho người mới,informational-legal,Nồng độ Cồn Khi Lái xe Cho Người Mới,nong-do-con-khi-lai-xe-cho-nguoi-moi,blog/an-toan/nong-do-con-khi-lai-xe-cho-nguoi-moi/index.html,blog/an-toan/,,yes,legal-gate,blog/an-toan/; /,none,no,MotoAI Editorial,,,0,,,legal-gate: CLAIM->SUBJECT->CONDITION->RULE->VERSION->PRIMARY SOURCE required
BA-0576,B12,LOCAL,PLANNED,cầu nhật tân hoàng hôn hai ngày một đêm,Địa phương / du lịch; cầu nhật tân hoàng hôn hai ngày một đêm,local-informational,Cầu Nhật Tân Hoàng Hôn Hai Ngày Một Đêm,cau-nhat-tan-hoang-hon-hai-ngay-mot-dem,blog/dia-phuong/cau-nhat-tan-hoang-hon-hai-ngay-mot-dem/index.html,blog/dia-phuong/,Hà Nội (khu vực),no,no-external,blog/dia-phuong/; /,none,yes,MotoAI Editorial,,,0,,,
BA-0577,B12,APP,PLANNED,kết nối Zalo với ứng dụng thuê xe năm 2026,App & Ứng dụng; kết nối Zalo với ứng dụng thuê xe năm 2026,informational-product,Kết Nối Zalo Với Ứng Dụng Thuê xe Năm 2026,ket-noi-zalo-voi-ung-dung-thue-xe-nam-2026,blog/app/ket-noi-zalo-voi-ung-dung-thue-xe-nam-2026/index.html,blog/app/,,no,no-external,blog/app/; /,none,yes,MotoAI Editorial,,,0,,,
BA-0578,B12,RENT,PLANNED,thuê xe giao tận nơi kỳ nghĩ lễ,Thuê xe máy; thuê xe giao tận nơi kỳ nghĩ lễ,commercial-informational,Thuê xe Giao Tận Nơi kỳ Nghĩ lễ,thue-xe-giao-tan-noi-ky-nghi-le,blog/thue-xe/thue-xe-giao-tan-noi-ky-nghi-le/index.html,blog/thue-xe/,,no,no-external,blog/thue-xe/; /,none,yes,MotoAI Editorial,,,0,,,
BA-0579,B12,EV,PLANNED,cửa hàng cho thuê xe điện cho khách du lịch,Xe điện / xe máy điện; cửa hàng cho thuê xe điện cho khách du lịch,informational-product,Cửa Hàng Cho Thuê xe Điện Cho Khách du Lịch,cua-hang-cho-thue-xe-dien-cho-khach-du-lich,blog/xe-dien/cua-hang-cho-thue-xe-dien-cho-khach-du-lich/index.html,blog/xe-dien/,,no,no-external,blog/xe-dien/; /,none,yes,MotoAI Editorial,,,0,,,
BA-0580,B12,GUIDE,PLANNED,nắng nóng và lái xe cho người mới,Hướng dẫn / thủ tục; nắng nóng và lái xe cho người mới,informational,Nắng Nóng và Lái xe Cho Người Mới,nang-nong-va-lai-xe-cho-nguoi-moi,blog/huong-dan/nang-nong-va-lai-xe-cho-nguoi-moi/index.html,blog/huong-dan/,,no,no-external,blog/huong-dan/; /,none,yes,MotoAI Editorial,,,0,,,
BA-0581,B12,SAFE,PLANNED,mũ bảo hiểm chuẩn cho người mới,An toàn / pháp lý; mũ bảo hiểm chuẩn cho người mới,informational-legal,mũ Bảo Hiểm Chuẩn Cho Người Mới,mu-bao-hiem-chuan-cho-nguoi-moi,blog/an-toan/mu-bao-hiem-chuan-cho-nguoi-moi/index.html,blog/an-toan/,,yes,legal-gate,blog/an-toan/; /,none,no,MotoAI Editorial,,,0,,,legal-gate: CLAIM->SUBJECT->CONDITION->RULE->VERSION->PRIMARY SOURCE required
BA-0582,B12,LOCAL,PLANNED,đường 5 và ngoại ô hai ngày một đêm,Địa phương / du lịch; đường 5 và ngoại ô hai ngày một đêm,local-informational,Đường 5 và Ngoại ô Hai Ngày Một Đêm,duong-5-va-ngoai-o-hai-ngay-mot-dem,blog/dia-phuong/duong-5-va-ngoai-o-hai-ngay-mot-dem/index.html,blog/dia-phuong/,Hà Nội (khu vực),no,no-external,blog/dia-phuong/; /,none,yes,MotoAI Editorial,,,0,,,
BA-0583,B12,APP,PLANNED,gọi điện từ ứng dụng thuê xe năm 2026,App & Ứng dụng; gọi điện từ ứng dụng thuê xe năm 2026,informational-product,Gọi Điện từ Ứng Dụng Thuê xe Năm 2026,goi-dien-tu-ung-dung-thue-xe-nam-2026,blog/app/goi-dien-tu-ung-dung-thue-xe-nam-2026/index.html,blog/app/,,no,no-external,blog/app/; /,none,yes,MotoAI Editorial,,,0,,,
BA-0584,B12,RENT,PLANNED,phí giao xe thuê kỳ nghĩ lễ,Thuê xe máy; phí giao xe thuê kỳ nghĩ lễ,commercial-informational,Phí Giao xe Thuê kỳ Nghĩ lễ,phi-giao-xe-thue-ky-nghi-le,blog/thue-xe/phi-giao-xe-thue-ky-nghi-le/index.html,blog/thue-xe/,,no,no-external,blog/thue-xe/; /,none,yes,MotoAI Editorial,,,0,,,
BA-0585,B12,EV,PLANNED,dịch vụ sửa xe điện cho khách du lịch,Xe điện / xe máy điện; dịch vụ sửa xe điện cho khách du lịch,informational-product,Dịch vụ Sửa xe Điện Cho Khách du Lịch,dich-vu-sua-xe-dien-cho-khach-du-lich,blog/xe-dien/dich-vu-sua-xe-dien-cho-khach-du-lich/index.html,blog/xe-dien/,,no,no-external,blog/xe-dien/; /,none,yes,MotoAI Editorial,,,0,,,
BA-0586,B12,GUIDE,PLANNED,đi đường trường bằng xe thuê cho người mới,Hướng dẫn / thủ tục; đi đường trường bằng xe thuê cho người mới,informational,đi Đường Trường Bằng xe Thuê Cho Người Mới,di-duong-truong-bang-xe-thue-cho-nguoi-moi,blog/huong-dan/di-duong-truong-bang-xe-thue-cho-nguoi-moi/index.html,blog/huong-dan/,,no,no-external,blog/huong-dan/; /,none,yes,MotoAI Editorial,,,0,,,
BA-0587,B12,SAFE,PLANNED,tốc độ cho phép trong phố cho người mới,An toàn / pháp lý; tốc độ cho phép trong phố cho người mới,informational-legal,Tốc độ Cho Phép Trong Phố Cho Người Mới,toc-do-cho-phep-trong-pho-cho-nguoi-moi,blog/an-toan/toc-do-cho-phep-trong-pho-cho-nguoi-moi/index.html,blog/an-toan/,,yes,legal-gate,blog/an-toan/; /,none,no,MotoAI Editorial,,,0,,,legal-gate: CLAIM->SUBJECT->CONDITION->RULE->VERSION->PRIMARY SOURCE required
BA-0588,B12,LOCAL,PLANNED,soc son và co loa hai ngày một đêm,Địa phương / du lịch; soc son và co loa hai ngày một đêm,local-informational,Soc Son và co Loa Hai Ngày Một Đêm,soc-son-va-co-loa-hai-ngay-mot-dem,blog/dia-phuong/soc-son-va-co-loa-hai-ngay-mot-dem/index.html,blog/dia-phuong/,Hà Nội (khu vực),no,no-external,blog/dia-phuong/; /,none,yes,MotoAI Editorial,,,0,,,
BA-0589,B12,APP,PLANNED,kinh nghiệm dùng trợ lý thuê xe lần đầu năm 2026,App & Ứng dụng; kinh nghiệm dùng trợ lý thuê xe lần đầu năm 2026,informational-product,Kinh Nghiệm Dùng Trợ lý Thuê xe Lần Đầu Năm 2026,kinh-nghiem-dung-tro-ly-thue-xe-lan-dau-nam-2026,blog/app/kinh-nghiem-dung-tro-ly-thue-xe-lan-dau-nam-2026/index.html,blog/app/,,no,no-external,blog/app/; /,none,yes,MotoAI Editorial,,,0,,,
BA-0590,B12,RENT,PLANNED,thuê xe ở ga tàu sân bay kỳ nghĩ lễ,Thuê xe máy; thuê xe ở ga tàu sân bay kỳ nghĩ lễ,commercial-informational,Thuê xe ở ga Tàu Sân Bay kỳ Nghĩ lễ,thue-xe-o-ga-tau-san-bay-ky-nghi-le,blog/thue-xe/thue-xe-o-ga-tau-san-bay-ky-nghi-le/index.html,blog/thue-xe/,,no,no-external,blog/thue-xe/; /,none,yes,MotoAI Editorial,,,0,,,
BA-0591,B12,EV,PLANNED,kiểm tra xe điện trước khi thuê cho khách du lịch,Xe điện / xe máy điện; kiểm tra xe điện trước khi thuê cho khách du lịch,informational-product,Kiểm Tra xe Điện Trước Khi Thuê Cho Khách du Lịch,kiem-tra-xe-dien-truoc-khi-thue-cho-khach-du-lich,blog/xe-dien/kiem-tra-xe-dien-truoc-khi-thue-cho-khach-du-lich/index.html,blog/xe-dien/,,no,no-external,blog/xe-dien/; /,none,yes,MotoAI Editorial,,,0,,,
BA-0592,B12,GUIDE,PLANNED,đèo dốc và xe máy thuê cho người mới,Hướng dẫn / thủ tục; đèo dốc và xe máy thuê cho người mới,informational,Đèo Dốc và xe Máy Thuê Cho Người Mới,deo-doc-va-xe-may-thue-cho-nguoi-moi,blog/huong-dan/deo-doc-va-xe-may-thue-cho-nguoi-moi/index.html,blog/huong-dan/,,no,no-external,blog/huong-dan/; /,none,yes,MotoAI Editorial,,,0,,,
BA-0593,B12,SAFE,PLANNED,đi xe không giấy phép cho người mới,An toàn / pháp lý; đi xe không giấy phép cho người mới,informational-legal,đi xe Không Giấy Phép Cho Người Mới,di-xe-khong-giay-phep-cho-nguoi-moi,blog/an-toan/di-xe-khong-giay-phep-cho-nguoi-moi/index.html,blog/an-toan/,,yes,legal-gate,blog/an-toan/; /,none,no,MotoAI Editorial,,,0,,,legal-gate: CLAIM->SUBJECT->CONDITION->RULE->VERSION->PRIMARY SOURCE required
BA-0594,B12,LOCAL,PLANNED,ba vì cuối tuần hai ngày một đêm,Địa phương / du lịch; ba vì cuối tuần hai ngày một đêm,local-informational,ba vì Cuối Tuần Hai Ngày Một Đêm,ba-vi-cuoi-tuan-hai-ngay-mot-dem,blog/dia-phuong/ba-vi-cuoi-tuan-hai-ngay-mot-dem/index.html,blog/dia-phuong/,Hà Nội (khu vực),no,no-external,blog/dia-phuong/; /,none,yes,MotoAI Editorial,,,0,,,
BA-0595,B12,APP,PLANNED,ứng dụng thuê xe trên điện thoại cũ năm 2026,App & Ứng dụng; ứng dụng thuê xe trên điện thoại cũ năm 2026,informational-product,Ứng Dụng Thuê xe Trên Điện Thoại cũ Năm 2026,ung-dung-thue-xe-tren-dien-thoai-cu-nam-2026,blog/app/ung-dung-thue-xe-tren-dien-thoai-cu-nam-2026/index.html,blog/app/,,no,no-external,blog/app/; /,none,yes,MotoAI Editorial,,,0,,,
BA-0596,B12,RENT,PLANNED,so sánh thuê xe máy và taxi kỳ nghĩ lễ,Thuê xe máy; so sánh thuê xe máy và taxi kỳ nghĩ lễ,commercial-informational,so Sánh Thuê xe Máy và Taxi kỳ Nghĩ lễ,so-sanh-thue-xe-may-va-taxi-ky-nghi-le,blog/thue-xe/so-sanh-thue-xe-may-va-taxi-ky-nghi-le/index.html,blog/thue-xe/,,no,no-external,blog/thue-xe/; /,none,yes,MotoAI Editorial,,,0,,,
BA-0597,B12,EV,PLANNED,quy trình trả xe điện cho khách du lịch,Xe điện / xe máy điện; quy trình trả xe điện cho khách du lịch,informational-product,Quy Trình Trả xe Điện Cho Khách du Lịch,quy-trinh-tra-xe-dien-cho-khach-du-lich,blog/xe-dien/quy-trinh-tra-xe-dien-cho-khach-du-lich/index.html,blog/xe-dien/,,no,no-external,blog/xe-dien/; /,none,yes,MotoAI Editorial,,,0,,,
BA-0598,B12,GUIDE,PLANNED,đường vành đai hà nội cho người mới,Hướng dẫn / thủ tục; đường vành đai hà nội cho người mới,informational,Đường Vành Đai hà Nội Cho Người Mới,duong-vanh-dai-ha-noi-cho-nguoi-moi,blog/huong-dan/duong-vanh-dai-ha-noi-cho-nguoi-moi/index.html,blog/huong-dan/,,no,no-external,blog/huong-dan/; /,none,yes,MotoAI Editorial,,,0,,,
BA-0599,B12,SAFE,PLANNED,bằng lái a1 a2 khác gì cho người mới,An toàn / pháp lý; bằng lái a1 a2 khác gì cho người mới,informational-legal,Bằng Lái a1 a2 Khác gì Cho Người Mới,bang-lai-a1-a2-khac-gi-cho-nguoi-moi,blog/an-toan/bang-lai-a1-a2-khac-gi-cho-nguoi-moi/index.html,blog/an-toan/,,yes,legal-gate,blog/an-toan/; /,none,no,MotoAI Editorial,,,0,,,legal-gate: CLAIM->SUBJECT->CONDITION->RULE->VERSION->PRIMARY SOURCE required
BA-0600,B12,LOCAL,PLANNED,thạch thất và sơn tây hai ngày một đêm,Địa phương / du lịch; thạch thất và sơn tây hai ngày một đêm,local-informational,Thạch Thất và Sơn Tây Hai Ngày Một Đêm,thach-that-va-son-tay-hai-ngay-mot-dem,blog/dia-phuong/thach-that-va-son-tay-hai-ngay-mot-dem/index.html,blog/dia-phuong/,Hà Nội (khu vực),no,no-external,blog/dia-phuong/; /,none,yes,MotoAI Editorial,,,0,,,
BA-0601,B13,APP,PLANNED,app thuê xe không cần tài khoản năm 2026,App & Ứng dụng; app thuê xe không cần tài khoản năm 2026,informational-product,App Thuê xe Không Cần Tài Khoản Năm 2026,app-thue-xe-khong-can-tai-khoan-nam-2026,blog/app/app-thue-xe-khong-can-tai-khoan-nam-2026/index.html,blog/app/,,no,no-external,blog/app/; /,none,yes,MotoAI Editorial,,,0,,,
BA-0602,B13,RENT,PLANNED,thuê xe máy hay đi grab kỳ nghĩ lễ,Thuê xe máy; thuê xe máy hay đi grab kỳ nghĩ lễ,commercial-informational,Thuê xe Máy Hay đi Grab kỳ Nghĩ lễ,thue-xe-may-hay-di-grab-ky-nghi-le,blog/thue-xe/thue-xe-may-hay-di-grab-ky-nghi-le/index.html,blog/thue-xe/,,no,no-external,blog/thue-xe/; /,none,yes,MotoAI Editorial,,,0,,,
BA-0603,B13,EV,PLANNED,pin chảy khi không dùng cho khách du lịch,Xe điện / xe máy điện; pin chảy khi không dùng cho khách du lịch,informational-product,Pin Chảy Khi Không Dùng Cho Khách du Lịch,pin-chay-khi-khong-dung-cho-khach-du-lich,blog/xe-dien/pin-chay-khi-khong-dung-cho-khach-du-lich/index.html,blog/xe-dien/,,no,no-external,blog/xe-dien/; /,none,yes,MotoAI Editorial,,,0,,,
BA-0604,B13,GUIDE,PLANNED,trả xe đúng giờ để tránh phí cho người mới,Hướng dẫn / thủ tục; trả xe đúng giờ để tránh phí cho người mới,informational,Trả xe Đúng Giờ để Tránh Phí Cho Người Mới,tra-xe-dung-gio-de-tranh-phi-cho-nguoi-moi,blog/huong-dan/tra-xe-dung-gio-de-tranh-phi-cho-nguoi-moi/index.html,blog/huong-dan/,,no,no-external,blog/huong-dan/; /,none,yes,MotoAI Editorial,,,0,,,
BA-0605,B13,SAFE,PLANNED,người nước ngoài lái xe ở việt nam cho người mới,An toàn / pháp lý; người nước ngoài lái xe ở việt nam cho người mới,informational-legal,Người Nước Ngoài Lái xe ở Việt Nam Cho Người Mới,nguoi-nuoc-ngoai-lai-xe-o-viet-nam-cho-nguoi-moi,blog/an-toan/nguoi-nuoc-ngoai-lai-xe-o-viet-nam-cho-nguoi-moi/index.html,blog/an-toan/,,yes,legal-gate,blog/an-toan/; /,none,no,MotoAI Editorial,,,0,,,legal-gate: CLAIM->SUBJECT->CONDITION->RULE->VERSION->PRIMARY SOURCE required
BA-0606,B13,LOCAL,PLANNED,hòa bình đường trường hai ngày một đêm,Địa phương / du lịch; hòa bình đường trường hai ngày một đêm,local-informational,Hòa Bình Đường Trường Hai Ngày Một Đêm,hoa-binh-duong-truong-hai-ngay-mot-dem,blog/dia-phuong/hoa-binh-duong-truong-hai-ngay-mot-dem/index.html,blog/dia-phuong/,Hà Nội (khu vực),no,no-external,blog/dia-phuong/; /,none,yes,MotoAI Editorial,,,0,,,
BA-0607,B13,APP,PLANNED,trợ lý ảo tư vấn thuê xe máy năm 2026,App & Ứng dụng; trợ lý ảo tư vấn thuê xe máy năm 2026,informational-product,Trợ lý ảo tư Vấn Thuê xe Máy Năm 2026,tro-ly-ao-tu-van-thue-xe-may-nam-2026,blog/app/tro-ly-ao-tu-van-thue-xe-may-nam-2026/index.html,blog/app/,,no,no-external,blog/app/; /,none,yes,MotoAI Editorial,,,0,,,
BA-0608,B13,RENT,PLANNED,khoảng chi phí đi lại khi thuê xe kỳ nghĩ lễ,Thuê xe máy; khoảng chi phí đi lại khi thuê xe kỳ nghĩ lễ,commercial-informational,Khoảng Chi Phí đi Lại Khi Thuê xe kỳ Nghĩ lễ,khoang-chi-phi-di-lai-khi-thue-xe-ky-nghi-le,blog/thue-xe/khoang-chi-phi-di-lai-khi-thue-xe-ky-nghi-le/index.html,blog/thue-xe/,,no,no-external,blog/thue-xe/; /,none,yes,MotoAI Editorial,,,0,,,
BA-0609,B13,EV,PLANNED,bảo quản xe điện mùa mưa cho khách du lịch,Xe điện / xe máy điện; bảo quản xe điện mùa mưa cho khách du lịch,informational-product,Bảo Quản xe Điện Mùa Mưa Cho Khách du Lịch,bao-quan-xe-dien-mua-mua-cho-khach-du-lich,blog/xe-dien/bao-quan-xe-dien-mua-mua-cho-khach-du-lich/index.html,blog/xe-dien/,,no,no-external,blog/xe-dien/; /,none,yes,MotoAI Editorial,,,0,,,
BA-0610,B13,GUIDE,PLANNED,đánh giá cửa hàng sau khi thuê cho người mới,Hướng dẫn / thủ tục; đánh giá cửa hàng sau khi thuê cho người mới,informational,Đánh Giá Cửa Hàng Sau Khi Thuê Cho Người Mới,danh-gia-cua-hang-sau-khi-thue-cho-nguoi-moi,blog/huong-dan/danh-gia-cua-hang-sau-khi-thue-cho-nguoi-moi/index.html,blog/huong-dan/,,no,no-external,blog/huong-dan/; /,none,yes,MotoAI Editorial,,,0,,,
BA-0611,B13,SAFE,PLANNED,idp và bằng lái quốc tế cho người mới,An toàn / pháp lý; idp và bằng lái quốc tế cho người mới,informational-legal,Idp và Bằng Lái Quốc tế Cho Người Mới,idp-va-bang-lai-quoc-te-cho-nguoi-moi,blog/an-toan/idp-va-bang-lai-quoc-te-cho-nguoi-moi/index.html,blog/an-toan/,,yes,legal-gate,blog/an-toan/; /,none,no,MotoAI Editorial,,,0,,,legal-gate: CLAIM->SUBJECT->CONDITION->RULE->VERSION->PRIMARY SOURCE required
BA-0612,B13,LOCAL,PLANNED,tam đảo bằng xe máy hai ngày một đêm,Địa phương / du lịch; tam đảo bằng xe máy hai ngày một đêm,local-informational,Tam Đảo Bằng xe Máy Hai Ngày Một Đêm,tam-dao-bang-xe-may-hai-ngay-mot-dem,blog/dia-phuong/tam-dao-bang-xe-may-hai-ngay-mot-dem/index.html,blog/dia-phuong/,Hà Nội (khu vực),no,no-external,blog/dia-phuong/; /,none,yes,MotoAI Editorial,,,0,,,
BA-0613,B13,APP,PLANNED,cách ứng dụng hiểu câu hỏi về giá xe năm 2026,App & Ứng dụng; cách ứng dụng hiểu câu hỏi về giá xe năm 2026,informational-product,Cách Ứng Dụng Hiểu Câu Hỏi về Giá xe Năm 2026,cach-ung-dung-hieu-cau-hoi-ve-gia-xe-nam-2026,blog/app/cach-ung-dung-hieu-cau-hoi-ve-gia-xe-nam-2026/index.html,blog/app/,,no,no-external,blog/app/; /,none,yes,MotoAI Editorial,,,0,,,
BA-0614,B13,RENT,PLANNED,bảng giá thuê xe tham khảo kỳ nghĩ lễ,Thuê xe máy; bảng giá thuê xe tham khảo kỳ nghĩ lễ,commercial-informational,Bảng Giá Thuê xe Tham Khảo kỳ Nghĩ lễ,bang-gia-thue-xe-tham-khao-ky-nghi-le,blog/thue-xe/bang-gia-thue-xe-tham-khao-ky-nghi-le/index.html,blog/thue-xe/,,no,no-external,blog/thue-xe/; /,none,yes,MotoAI Editorial,,,0,,,
BA-0615,B13,EV,PLANNED,xe điện cho thành phố nhỏ cho khách du lịch,Xe điện / xe máy điện; xe điện cho thành phố nhỏ cho khách du lịch,informational-product,xe Điện Cho Thành Phố Nhỏ Cho Khách du Lịch,xe-dien-cho-thanh-pho-nho-cho-khach-du-lich,blog/xe-dien/xe-dien-cho-thanh-pho-nho-cho-khach-du-lich/index.html,blog/xe-dien/,,no,no-external,blog/xe-dien/; /,none,yes,MotoAI Editorial,,,0,,,
BA-0616,B13,GUIDE,PLANNED,thủ tục thuê xe máy cho khách nước ngoài,Hướng dẫn / thủ tục; thủ tục thuê xe máy cho khách nước ngoài,informational,Thủ Tục Thuê xe Máy Cho Khách Nước Ngoài,thu-tuc-thue-xe-may-cho-khach-nuoc-ngoai,blog/huong-dan/thu-tuc-thue-xe-may-cho-khach-nuoc-ngoai/index.html,blog/huong-dan/,,no,no-external,blog/huong-dan/; /,none,yes,MotoAI Editorial,,,0,,,
BA-0617,B13,SAFE,PLANNED,bảo hiểm khi thuê xe máy cho người mới,An toàn / pháp lý; bảo hiểm khi thuê xe máy cho người mới,informational-legal,Bảo Hiểm Khi Thuê xe Máy Cho Người Mới,bao-hiem-khi-thue-xe-may-cho-nguoi-moi,blog/an-toan/bao-hiem-khi-thue-xe-may-cho-nguoi-moi/index.html,blog/an-toan/,,yes,legal-gate,blog/an-toan/; /,none,no,MotoAI Editorial,,,0,,,legal-gate: CLAIM->SUBJECT->CONDITION->RULE->VERSION->PRIMARY SOURCE required
BA-0618,B13,LOCAL,PLANNED,mộc châu hành trình dài hai ngày một đêm,Địa phương / du lịch; mộc châu hành trình dài hai ngày một đêm,local-informational,Mộc Châu Hành Trình Dài Hai Ngày Một Đêm,moc-chau-hanh-trinh-dai-hai-ngay-mot-dem,blog/dia-phuong/moc-chau-hanh-trinh-dai-hai-ngay-mot-dem/index.html,blog/dia-phuong/,Hà Nội (khu vực),no,no-external,blog/dia-phuong/; /,none,yes,MotoAI Editorial,,,0,,,
BA-0619,B13,APP,PLANNED,tìm hiểu hybrid search trong ứng dụng thuê xe năm 2026,App & Ứng dụng; tìm hiểu hybrid search trong ứng dụng thuê xe năm 2026,informational-product,Tìm Hiểu Hybrid Search Trong Ứng Dụng Thuê xe Năm 2026,tim-hieu-hybrid-search-trong-ung-dung-thue-xe-nam-2026,blog/app/tim-hieu-hybrid-search-trong-ung-dung-thue-xe-nam-2026/index.html,blog/app/,,no,no-external,blog/app/; /,none,yes,MotoAI Editorial,,,0,,,
BA-0620,B13,RENT,PLANNED,cách đọc bảng giá thuê xe kỳ nghĩ lễ,Thuê xe máy; cách đọc bảng giá thuê xe kỳ nghĩ lễ,commercial-informational,Cách Đọc Bảng Giá Thuê xe kỳ Nghĩ lễ,cach-doc-bang-gia-thue-xe-ky-nghi-le,blog/thue-xe/cach-doc-bang-gia-thue-xe-ky-nghi-le/index.html,blog/thue-xe/,,no,no-external,blog/thue-xe/; /,none,yes,MotoAI Editorial,,,0,,,
BA-0621,B13,EV,PLANNED,tương lai xe điện cho thuê cho khách du lịch,Xe điện / xe máy điện; tương lai xe điện cho thuê cho khách du lịch,informational-product,Tương Lai xe Điện Cho Thuê Cho Khách du Lịch,tuong-lai-xe-dien-cho-thue-cho-khach-du-lich,blog/xe-dien/tuong-lai-xe-dien-cho-thue-cho-khach-du-lich/index.html,blog/xe-dien/,,no,no-external,blog/xe-dien/; /,none,yes,MotoAI Editorial,,,0,,,
BA-0622,B13,GUIDE,PLANNED,giấy tờ cần khi thuê xe cho khách nước ngoài,Hướng dẫn / thủ tục; giấy tờ cần khi thuê xe cho khách nước ngoài,informational,Giấy tờ Cần Khi Thuê xe Cho Khách Nước Ngoài,giay-to-can-khi-thue-xe-cho-khach-nuoc-ngoai,blog/huong-dan/giay-to-can-khi-thue-xe-cho-khach-nuoc-ngoai/index.html,blog/huong-dan/,,no,no-external,blog/huong-dan/; /,none,yes,MotoAI Editorial,,,0,,,
BA-0623,B13,SAFE,PLANNED,trách nhiệm khi tai nạn với xe thuê cho người mới,An toàn / pháp lý; trách nhiệm khi tai nạn với xe thuê cho người mới,informational-legal,Trách Nhiệm Khi Tai Nạn Với xe Thuê Cho Người Mới,trach-nhiem-khi-tai-nan-voi-xe-thue-cho-nguoi-moi,blog/an-toan/trach-nhiem-khi-tai-nan-voi-xe-thue-cho-nguoi-moi/index.html,blog/an-toan/,,yes,legal-gate,blog/an-toan/; /,none,no,MotoAI Editorial,,,0,,,legal-gate: CLAIM->SUBJECT->CONDITION->RULE->VERSION->PRIMARY SOURCE required
BA-0624,B13,LOCAL,PLANNED,ninh bình cuối tuần xe máy hai ngày một đêm,Địa phương / du lịch; ninh bình cuối tuần xe máy hai ngày một đêm,local-informational,Ninh Bình Cuối Tuần xe Máy Hai Ngày Một Đêm,ninh-binh-cuoi-tuan-xe-may-hai-ngay-mot-dem,blog/dia-phuong/ninh-binh-cuoi-tuan-xe-may-hai-ngay-mot-dem/index.html,blog/dia-phuong/,Hà Nội (khu vực),no,no-external,blog/dia-phuong/; /,none,yes,MotoAI Editorial,,,0,,,
BA-0625,B13,APP,PLANNED,ai trả lời trong ứng dụng thuê xe năm 2026,App & Ứng dụng; ai trả lời trong ứng dụng thuê xe năm 2026,informational-product,ai Trả Lời Trong Ứng Dụng Thuê xe Năm 2026,ai-tra-loi-trong-ung-dung-thue-xe-nam-2026,blog/app/ai-tra-loi-trong-ung-dung-thue-xe-nam-2026/index.html,blog/app/,,no,no-external,blog/app/; /,none,yes,MotoAI Editorial,,,0,,,
BA-0626,B13,RENT,PLANNED,giá thuê thay đổi theo mùa không kỳ nghĩ lễ,Thuê xe máy; giá thuê thay đổi theo mùa không kỳ nghĩ lễ,commercial-informational,Giá Thuê Thay Đổi Theo Mùa Không kỳ Nghĩ lễ,gia-thue-thay-doi-theo-mua-khong-ky-nghi-le,blog/thue-xe/gia-thue-thay-doi-theo-mua-khong-ky-nghi-le/index.html,blog/thue-xe/,,no,no-external,blog/thue-xe/; /,none,yes,MotoAI Editorial,,,0,,,
BA-0627,B13,EV,PLANNED,app thuê xe điện giá tốt,Xe điện / xe máy điện; app thuê xe điện giá tốt,informational-product,App Thuê xe Điện Giá Tốt,app-thue-xe-dien-gia-tot,blog/xe-dien/app-thue-xe-dien-gia-tot/index.html,blog/xe-dien/,,no,no-external,blog/xe-dien/; /,none,yes,MotoAI Editorial,,,0,,,
BA-0628,B13,GUIDE,PLANNED,hướng dẫn đặt xe nhanh cho khách nước ngoài,Hướng dẫn / thủ tục; hướng dẫn đặt xe nhanh cho khách nước ngoài,informational,Hướng Dẫn Đặt xe Nhanh Cho Khách Nước Ngoài,huong-dan-dat-xe-nhanh-cho-khach-nuoc-ngoai,blog/huong-dan/huong-dan-dat-xe-nhanh-cho-khach-nuoc-ngoai/index.html,blog/huong-dan/,,no,no-external,blog/huong-dan/; /,none,yes,MotoAI Editorial,,,0,,,
BA-0629,B13,SAFE,PLANNED,thủ tục khi va chạm nhẹ cho người mới,An toàn / pháp lý; thủ tục khi va chạm nhẹ cho người mới,informational-legal,Thủ Tục Khi va Chạm Nhẹ Cho Người Mới,thu-tuc-khi-va-cham-nhe-cho-nguoi-moi,blog/an-toan/thu-tuc-khi-va-cham-nhe-cho-nguoi-moi/index.html,blog/an-toan/,,yes,legal-gate,blog/an-toan/; /,none,no,MotoAI Editorial,,,0,,,legal-gate: CLAIM->SUBJECT->CONDITION->RULE->VERSION->PRIMARY SOURCE required
BA-0630,B13,LOCAL,PLANNED,hạ long đường quốc lộ hai ngày một đêm,Địa phương / du lịch; hạ long đường quốc lộ hai ngày một đêm,local-informational,hạ Long Đường Quốc lộ Hai Ngày Một Đêm,ha-long-duong-quoc-lo-hai-ngay-mot-dem,blog/dia-phuong/ha-long-duong-quoc-lo-hai-ngay-mot-dem/index.html,blog/dia-phuong/,Hà Nội (khu vực),no,no-external,blog/dia-phuong/; /,none,yes,MotoAI Editorial,,,0,,,
BA-0631,B13,APP,PLANNED,chính sách dữ liệu của ứng dụng thuê xe năm 2026,App & Ứng dụng; chính sách dữ liệu của ứng dụng thuê xe năm 2026,informational-product,Chính Sách dữ Liệu Của Ứng Dụng Thuê xe Năm 2026,chinh-sach-du-lieu-cua-ung-dung-thue-xe-nam-2026,blog/app/chinh-sach-du-lieu-cua-ung-dung-thue-xe-nam-2026/index.html,blog/app/,,no,no-external,blog/app/; /,none,yes,MotoAI Editorial,,,0,,,
BA-0632,B13,RENT,PLANNED,thuê xe cho công việc giao hàng kỳ nghĩ lễ,Thuê xe máy; thuê xe cho công việc giao hàng kỳ nghĩ lễ,commercial-informational,Thuê xe Cho Công Việc Giao Hàng kỳ Nghĩ lễ,thue-xe-cho-cong-viec-giao-hang-ky-nghi-le,blog/thue-xe/thue-xe-cho-cong-viec-giao-hang-ky-nghi-le/index.html,blog/thue-xe/,,no,no-external,blog/thue-xe/; /,none,yes,MotoAI Editorial,,,0,,,
BA-0633,B13,EV,PLANNED,ứng dụng thuê xe máy điện giá tốt,Xe điện / xe máy điện; ứng dụng thuê xe máy điện giá tốt,informational-product,Ứng Dụng Thuê xe Máy Điện Giá Tốt,ung-dung-thue-xe-may-dien-gia-tot,blog/xe-dien/ung-dung-thue-xe-may-dien-gia-tot/index.html,blog/xe-dien/,,no,no-external,blog/xe-dien/; /,none,yes,MotoAI Editorial,,,0,,,
BA-0634,B13,GUIDE,PLANNED,quy trình nhận xe cho khách nước ngoài,Hướng dẫn / thủ tục; quy trình nhận xe cho khách nước ngoài,informational,Quy Trình Nhận xe Cho Khách Nước Ngoài,quy-trinh-nhan-xe-cho-khach-nuoc-ngoai,blog/huong-dan/quy-trinh-nhan-xe-cho-khach-nuoc-ngoai/index.html,blog/huong-dan/,,no,no-external,blog/huong-dan/; /,none,yes,MotoAI Editorial,,,0,,,
BA-0635,B13,SAFE,PLANNED,gọi cảnh sát khi tai nạn cho người mới,An toàn / pháp lý; gọi cảnh sát khi tai nạn cho người mới,informational-legal,Gọi Cảnh Sát Khi Tai Nạn Cho Người Mới,goi-canh-sat-khi-tai-nan-cho-nguoi-moi,blog/an-toan/goi-canh-sat-khi-tai-nan-cho-nguoi-moi/index.html,blog/an-toan/,,yes,legal-gate,blog/an-toan/; /,none,no,MotoAI Editorial,,,0,,,legal-gate: CLAIM->SUBJECT->CONDITION->RULE->VERSION->PRIMARY SOURCE required
BA-0636,B13,LOCAL,PLANNED,cửa lò ven biển hai ngày một đêm,Địa phương / du lịch; cửa lò ven biển hai ngày một đêm,local-informational,Cửa lò Ven Biển Hai Ngày Một Đêm,cua-lo-ven-bien-hai-ngay-mot-dem,blog/dia-phuong/cua-lo-ven-bien-hai-ngay-mot-dem/index.html,blog/dia-phuong/,Hà Nội (khu vực),no,no-external,blog/dia-phuong/; /,none,yes,MotoAI Editorial,,,0,,,
BA-0637,B13,APP,PLANNED,câu hỏi thường gặp về app thuê xe năm 2026,App & Ứng dụng; câu hỏi thường gặp về app thuê xe năm 2026,informational-product,Câu Hỏi Thường Gặp về App Thuê xe Năm 2026,cau-hoi-thuong-gap-ve-app-thue-xe-nam-2026,blog/app/cau-hoi-thuong-gap-ve-app-thue-xe-nam-2026/index.html,blog/app/,,no,no-external,blog/app/; /,none,yes,MotoAI Editorial,,,0,,,
BA-0638,B13,RENT,PLANNED,thuê xe chạy dịch vụ kỳ nghĩ lễ,Thuê xe máy; thuê xe chạy dịch vụ kỳ nghĩ lễ,commercial-informational,Thuê xe Chạy Dịch vụ kỳ Nghĩ lễ,thue-xe-chay-dich-vu-ky-nghi-le,blog/thue-xe/thue-xe-chay-dich-vu-ky-nghi-le/index.html,blog/thue-xe/,,no,no-external,blog/thue-xe/; /,none,yes,MotoAI Editorial,,,0,,,
BA-0639,B13,EV,PLANNED,chọn xe điện phù hợp giá tốt,Xe điện / xe máy điện; chọn xe điện phù hợp giá tốt,informational-product,Chọn xe Điện Phù Hợp Giá Tốt,chon-xe-dien-phu-hop-gia-tot,blog/xe-dien/chon-xe-dien-phu-hop-gia-tot/index.html,blog/xe-dien/,,no,no-external,blog/xe-dien/; /,none,yes,MotoAI Editorial,,,0,,,
BA-0640,B13,GUIDE,PLANNED,quy trình trả xe cho khách nước ngoài,Hướng dẫn / thủ tục; quy trình trả xe cho khách nước ngoài,informational,Quy Trình Trả xe Cho Khách Nước Ngoài,quy-trinh-tra-xe-cho-khach-nuoc-ngoai,blog/huong-dan/quy-trinh-tra-xe-cho-khach-nuoc-ngoai/index.html,blog/huong-dan/,,no,no-external,blog/huong-dan/; /,none,yes,MotoAI Editorial,,,0,,,
BA-0641,B13,SAFE,PLANNED,khám sức khỏe lái xe cho người mới,An toàn / pháp lý; khám sức khỏe lái xe cho người mới,informational-legal,Khám Sức Khỏe Lái xe Cho Người Mới,kham-suc-khoe-lai-xe-cho-nguoi-moi,blog/an-toan/kham-suc-khoe-lai-xe-cho-nguoi-moi/index.html,blog/an-toan/,,yes,legal-gate,blog/an-toan/; /,none,no,MotoAI Editorial,,,0,,,legal-gate: CLAIM->SUBJECT->CONDITION->RULE->VERSION->PRIMARY SOURCE required
BA-0642,B13,LOCAL,PLANNED,thanh hóa và xe đường dài hai ngày một đêm,Địa phương / du lịch; thanh hóa và xe đường dài hai ngày một đêm,local-informational,Thanh Hóa và xe Đường Dài Hai Ngày Một Đêm,thanh-hoa-va-xe-duong-dai-hai-ngay-mot-dem,blog/dia-phuong/thanh-hoa-va-xe-duong-dai-hai-ngay-mot-dem/index.html,blog/dia-phuong/,Hà Nội (khu vực),no,no-external,blog/dia-phuong/; /,none,yes,MotoAI Editorial,,,0,,,
BA-0643,B13,APP,PLANNED,dùng ứng dụng thuê xe khi đi du lịch Hà Nội năm 2026,App & Ứng dụng; dùng ứng dụng thuê xe khi đi du lịch Hà Nội năm 2026,informational-product,Dùng Ứng Dụng Thuê xe Khi đi du Lịch Hà Nội Năm 2026,dung-ung-dung-thue-xe-khi-di-du-lich-ha-noi-nam-2026,blog/app/dung-ung-dung-thue-xe-khi-di-du-lich-ha-noi-nam-2026/index.html,blog/app/,,no,no-external,blog/app/; /,none,yes,MotoAI Editorial,,,0,,,
BA-0644,B13,RENT,PLANNED,chọn xe theo mục đích sử dụng kỳ nghĩ lễ,Thuê xe máy; chọn xe theo mục đích sử dụng kỳ nghĩ lễ,commercial-informational,Chọn xe Theo Mục Đích sử Dụng kỳ Nghĩ lễ,chon-xe-theo-muc-dich-su-dung-ky-nghi-le,blog/thue-xe/chon-xe-theo-muc-dich-su-dung-ky-nghi-le/index.html,blog/thue-xe/,,no,no-external,blog/thue-xe/; /,none,yes,MotoAI Editorial,,,0,,,
BA-0645,B13,EV,PLANNED,thuê xe điện theo ngày giá tốt,Xe điện / xe máy điện; thuê xe điện theo ngày giá tốt,informational-product,Thuê xe Điện Theo Ngày Giá Tốt,thue-xe-dien-theo-ngay-gia-tot,blog/xe-dien/thue-xe-dien-theo-ngay-gia-tot/index.html,blog/xe-dien/,,no,no-external,blog/xe-dien/; /,none,yes,MotoAI Editorial,,,0,,,
BA-0646,B13,GUIDE,PLANNED,kiểm tra xe khi nhận cho khách nước ngoài,Hướng dẫn / thủ tục; kiểm tra xe khi nhận cho khách nước ngoài,informational,Kiểm Tra xe Khi Nhận Cho Khách Nước Ngoài,kiem-tra-xe-khi-nhan-cho-khach-nuoc-ngoai,blog/huong-dan/kiem-tra-xe-khi-nhan-cho-khach-nuoc-ngoai/index.html,blog/huong-dan/,,no,no-external,blog/huong-dan/; /,none,yes,MotoAI Editorial,,,0,,,
BA-0647,B13,SAFE,PLANNED,đèn xe và an toàn đêm cho người mới,An toàn / pháp lý; đèn xe và an toàn đêm cho người mới,informational-legal,Đèn xe và an Toàn Đêm Cho Người Mới,den-xe-va-an-toan-dem-cho-nguoi-moi,blog/an-toan/den-xe-va-an-toan-dem-cho-nguoi-moi/index.html,blog/an-toan/,,yes,legal-gate,blog/an-toan/; /,none,no,MotoAI Editorial,,,0,,,legal-gate: CLAIM->SUBJECT->CONDITION->RULE->VERSION->PRIMARY SOURCE required
BA-0648,B13,LOCAL,PLANNED,tràng an ride hai ngày một đêm,Địa phương / du lịch; tràng an ride hai ngày một đêm,local-informational,Tràng an Ride Hai Ngày Một Đêm,trang-an-ride-hai-ngay-mot-dem,blog/dia-phuong/trang-an-ride-hai-ngay-mot-dem/index.html,blog/dia-phuong/,Hà Nội (khu vực),no,no-external,blog/dia-phuong/; /,none,yes,MotoAI Editorial,,,0,,,
BA-0649,B13,APP,PLANNED,lộ trình tính năng của ứng dụng thuê xe máy năm 2026,App & Ứng dụng; lộ trình tính năng của ứng dụng thuê xe máy năm 2026,informational-product,lộ Trình Tính Năng Của Ứng Dụng Thuê xe Máy Năm 2026,lo-trinh-tinh-nang-cua-ung-dung-thue-xe-may-nam-2026,blog/app/lo-trinh-tinh-nang-cua-ung-dung-thue-xe-may-nam-2026/index.html,blog/app/,,no,no-external,blog/app/; /,none,yes,MotoAI Editorial,,,0,,,
BA-0650,B13,RENT,PLANNED,thuê xe số hay xe ga cho người mới kỳ nghĩ lễ,Thuê xe máy; thuê xe số hay xe ga cho người mới kỳ nghĩ lễ,commercial-informational,Thuê xe số Hay xe ga Cho Người Mới kỳ Nghĩ lễ,thue-xe-so-hay-xe-ga-cho-nguoi-moi-ky-nghi-le,blog/thue-xe/thue-xe-so-hay-xe-ga-cho-nguoi-moi-ky-nghi-le/index.html,blog/thue-xe/,,no,no-external,blog/thue-xe/; /,none,yes,MotoAI Editorial,,,0,,,
BA-0651,B14,EV,PLANNED,thuê xe điện dài ngày giá tốt,Xe điện / xe máy điện; thuê xe điện dài ngày giá tốt,informational-product,Thuê xe Điện Dài Ngày Giá Tốt,thue-xe-dien-dai-ngay-gia-tot,blog/xe-dien/thue-xe-dien-dai-ngay-gia-tot/index.html,blog/xe-dien/,,no,no-external,blog/xe-dien/; /,none,yes,MotoAI Editorial,,,0,,,
BA-0652,B14,GUIDE,PLANNED,hợp đồng thuê xe cần những gì cho khách nước ngoài,Hướng dẫn / thủ tục; hợp đồng thuê xe cần những gì cho khách nước ngoài,informational,Hợp Đồng Thuê xe Cần Những gì Cho Khách Nước Ngoài,hop-dong-thue-xe-can-nhung-gi-cho-khach-nuoc-ngoai,blog/huong-dan/hop-dong-thue-xe-can-nhung-gi-cho-khach-nuoc-ngoai/index.html,blog/huong-dan/,,no,no-external,blog/huong-dan/; /,none,yes,MotoAI Editorial,,,0,,,
BA-0653,B14,SAFE,PLANNED,kỹ năng phanh gấp cho người mới,An toàn / pháp lý; kỹ năng phanh gấp cho người mới,informational-legal,kỹ Năng Phanh Gấp Cho Người Mới,ky-nang-phanh-gap-cho-nguoi-moi,blog/an-toan/ky-nang-phanh-gap-cho-nguoi-moi/index.html,blog/an-toan/,,yes,legal-gate,blog/an-toan/; /,none,no,MotoAI Editorial,,,0,,,legal-gate: CLAIM->SUBJECT->CONDITION->RULE->VERSION->PRIMARY SOURCE required
BA-0654,B14,LOCAL,PLANNED,bái đính xe máy hai ngày một đêm,Địa phương / du lịch; bái đính xe máy hai ngày một đêm,local-informational,Bái Đính xe Máy Hai Ngày Một Đêm,bai-dinh-xe-may-hai-ngay-mot-dem,blog/dia-phuong/bai-dinh-xe-may-hai-ngay-mot-dem/index.html,blog/dia-phuong/,Hà Nội (khu vực),no,no-external,blog/dia-phuong/; /,none,yes,MotoAI Editorial,,,0,,,
BA-0655,B14,APP,PLANNED,ứng dụng thuê xe và khách vãng lai năm 2026,App & Ứng dụng; ứng dụng thuê xe và khách vãng lai năm 2026,informational-product,Ứng Dụng Thuê xe và Khách Vãng Lai Năm 2026,ung-dung-thue-xe-va-khach-vang-lai-nam-2026,blog/app/ung-dung-thue-xe-va-khach-vang-lai-nam-2026/index.html,blog/app/,,no,no-external,blog/app/; /,none,yes,MotoAI Editorial,,,0,,,
BA-0656,B14,RENT,PLANNED,xe nào tiết kiệm xăng khi thuê kỳ nghĩ lễ,Thuê xe máy; xe nào tiết kiệm xăng khi thuê kỳ nghĩ lễ,commercial-informational,xe Nào Tiết Kiệm Xăng Khi Thuê kỳ Nghĩ lễ,xe-nao-tiet-kiem-xang-khi-thue-ky-nghi-le,blog/thue-xe/xe-nao-tiet-kiem-xang-khi-thue-ky-nghi-le/index.html,blog/thue-xe/,,no,no-external,blog/thue-xe/; /,none,yes,MotoAI Editorial,,,0,,,
BA-0657,B14,EV,PLANNED,pin của xe máy điện giá tốt,Xe điện / xe máy điện; pin của xe máy điện giá tốt,informational-product,Pin Của xe Máy Điện Giá Tốt,pin-cua-xe-may-dien-gia-tot,blog/xe-dien/pin-cua-xe-may-dien-gia-tot/index.html,blog/xe-dien/,,no,no-external,blog/xe-dien/; /,none,yes,MotoAI Editorial,,,0,,,
BA-0658,B14,GUIDE,PLANNED,đặt cọc thế nào cho khách nước ngoài,Hướng dẫn / thủ tục; đặt cọc thế nào cho khách nước ngoài,informational,Đặt Cọc Thế Nào Cho Khách Nước Ngoài,dat-coc-the-nao-cho-khach-nuoc-ngoai,blog/huong-dan/dat-coc-the-nao-cho-khach-nuoc-ngoai/index.html,blog/huong-dan/,,no,no-external,blog/huong-dan/; /,none,yes,MotoAI Editorial,,,0,,,
BA-0659,B14,SAFE,PLANNED,gương chiếu hậu an toàn cho người mới,An toàn / pháp lý; gương chiếu hậu an toàn cho người mới,informational-legal,Gương Chiếu Hậu an Toàn Cho Người Mới,guong-chieu-hau-an-toan-cho-nguoi-moi,blog/an-toan/guong-chieu-hau-an-toan-cho-nguoi-moi/index.html,blog/an-toan/,,yes,legal-gate,blog/an-toan/; /,none,no,MotoAI Editorial,,,0,,,legal-gate: CLAIM->SUBJECT->CONDITION->RULE->VERSION->PRIMARY SOURCE required
BA-0660,B14,LOCAL,PLANNED,cúc phương weekend hai ngày một đêm,Địa phương / du lịch; cúc phương weekend hai ngày một đêm,local-informational,Cúc Phương Weekend Hai Ngày Một Đêm,cuc-phuong-weekend-hai-ngay-mot-dem,blog/dia-phuong/cuc-phuong-weekend-hai-ngay-mot-dem/index.html,blog/dia-phuong/,Hà Nội (khu vực),no,no-external,blog/dia-phuong/; /,none,yes,MotoAI Editorial,,,0,,,
BA-0661,B14,APP,PLANNED,cách gửi feedback cho ứng dụng thuê xe năm 2026,App & Ứng dụng; cách gửi feedback cho ứng dụng thuê xe năm 2026,informational-product,Cách Gửi Feedback Cho Ứng Dụng Thuê xe Năm 2026,cach-gui-feedback-cho-ung-dung-thue-xe-nam-2026,blog/app/cach-gui-feedback-cho-ung-dung-thue-xe-nam-2026/index.html,blog/app/,,no,no-external,blog/app/; /,none,yes,MotoAI Editorial,,,0,,,
BA-0662,B14,RENT,PLANNED,xe nào dễ điều khiển kỳ nghĩ lễ,Thuê xe máy; xe nào dễ điều khiển kỳ nghĩ lễ,commercial-informational,xe Nào dễ Điều Khiển kỳ Nghĩ lễ,xe-nao-de-dieu-khien-ky-nghi-le,blog/thue-xe/xe-nao-de-dieu-khien-ky-nghi-le/index.html,blog/thue-xe/,,no,no-external,blog/thue-xe/; /,none,yes,MotoAI Editorial,,,0,,,
BA-0663,B14,EV,PLANNED,phạm vi hoạt động của xe điện giá tốt,Xe điện / xe máy điện; phạm vi hoạt động của xe điện giá tốt,informational-product,Phạm vi Hoạt Động Của xe Điện Giá Tốt,pham-vi-hoat-dong-cua-xe-dien-gia-tot,blog/xe-dien/pham-vi-hoat-dong-cua-xe-dien-gia-tot/index.html,blog/xe-dien/,,no,no-external,blog/xe-dien/; /,none,yes,MotoAI Editorial,,,0,,,
BA-0664,B14,GUIDE,PLANNED,nhận lại tiền cọc cho khách nước ngoài,Hướng dẫn / thủ tục; nhận lại tiền cọc cho khách nước ngoài,informational,Nhận Lại Tiền Cọc Cho Khách Nước Ngoài,nhan-lai-tien-coc-cho-khach-nuoc-ngoai,blog/huong-dan/nhan-lai-tien-coc-cho-khach-nuoc-ngoai/index.html,blog/huong-dan/,,no,no-external,blog/huong-dan/; /,none,yes,MotoAI Editorial,,,0,,,
BA-0665,B14,SAFE,PLANNED,mưa lớn và lái xe cho người mới,An toàn / pháp lý; mưa lớn và lái xe cho người mới,informational-legal,Mưa Lớn và Lái xe Cho Người Mới,mua-lon-va-lai-xe-cho-nguoi-moi,blog/an-toan/mua-lon-va-lai-xe-cho-nguoi-moi/index.html,blog/an-toan/,,yes,legal-gate,blog/an-toan/; /,none,no,MotoAI Editorial,,,0,,,legal-gate: CLAIM->SUBJECT->CONDITION->RULE->VERSION->PRIMARY SOURCE required
BA-0666,B14,LOCAL,PLANNED,hành trình mài châu hai ngày một đêm,Địa phương / du lịch; hành trình mài châu hai ngày một đêm,local-informational,Hành Trình Mài Châu Hai Ngày Một Đêm,hanh-trinh-mai-chau-hai-ngay-mot-dem,blog/dia-phuong/hanh-trinh-mai-chau-hai-ngay-mot-dem/index.html,blog/dia-phuong/,Hà Nội (khu vực),no,no-external,blog/dia-phuong/; /,none,yes,MotoAI Editorial,,,0,,,
BA-0667,B14,APP,PLANNED,module gợi ý xe trong ứng dụng thuê xe năm 2026,App & Ứng dụng; module gợi ý xe trong ứng dụng thuê xe năm 2026,informational-product,Module Gợi ý xe Trong Ứng Dụng Thuê xe Năm 2026,module-goi-y-xe-trong-ung-dung-thue-xe-nam-2026,blog/app/module-goi-y-xe-trong-ung-dung-thue-xe-nam-2026/index.html,blog/app/,,no,no-external,blog/app/; /,none,yes,MotoAI Editorial,,,0,,,
BA-0668,B14,RENT,PLANNED,thuê xe máy cũ hay mới kỳ nghĩ lễ,Thuê xe máy; thuê xe máy cũ hay mới kỳ nghĩ lễ,commercial-informational,Thuê xe Máy cũ Hay Mới kỳ Nghĩ lễ,thue-xe-may-cu-hay-moi-ky-nghi-le,blog/thue-xe/thue-xe-may-cu-hay-moi-ky-nghi-le/index.html,blog/thue-xe/,,no,no-external,blog/thue-xe/; /,none,yes,MotoAI Editorial,,,0,,,
BA-0669,B14,EV,PLANNED,hướng dẫn sử dụng xe máy điện giá tốt,Xe điện / xe máy điện; hướng dẫn sử dụng xe máy điện giá tốt,informational-product,Hướng Dẫn sử Dụng xe Máy Điện Giá Tốt,huong-dan-su-dung-xe-may-dien-gia-tot,blog/xe-dien/huong-dan-su-dung-xe-may-dien-gia-tot/index.html,blog/xe-dien/,,no,no-external,blog/xe-dien/; /,none,yes,MotoAI Editorial,,,0,,,
BA-0670,B14,GUIDE,PLANNED,chụp ảnh xe trước khi nhận cho khách nước ngoài,Hướng dẫn / thủ tục; chụp ảnh xe trước khi nhận cho khách nước ngoài,informational,Chụp Ảnh xe Trước Khi Nhận Cho Khách Nước Ngoài,chup-anh-xe-truoc-khi-nhan-cho-khach-nuoc-ngoai,blog/huong-dan/chup-anh-xe-truoc-khi-nhan-cho-khach-nuoc-ngoai/index.html,blog/huong-dan/,,no,no-external,blog/huong-dan/; /,none,yes,MotoAI Editorial,,,0,,,
BA-0671,B14,SAFE,PLANNED,sương mù mùa đông cho người mới,An toàn / pháp lý; sương mù mùa đông cho người mới,informational-legal,Sương mù Mùa Đông Cho Người Mới,suong-mu-mua-dong-cho-nguoi-moi,blog/an-toan/suong-mu-mua-dong-cho-nguoi-moi/index.html,blog/an-toan/,,yes,legal-gate,blog/an-toan/; /,none,no,MotoAI Editorial,,,0,,,legal-gate: CLAIM->SUBJECT->CONDITION->RULE->VERSION->PRIMARY SOURCE required
BA-0672,B14,LOCAL,PLANNED,đà lạt đường xa hai ngày một đêm,Địa phương / du lịch; đà lạt đường xa hai ngày một đêm,local-informational,đà Lạt Đường xa Hai Ngày Một Đêm,da-lat-duong-xa-hai-ngay-mot-dem,blog/dia-phuong/da-lat-duong-xa-hai-ngay-mot-dem/index.html,blog/dia-phuong/,Hà Nội (khu vực),no,no-external,blog/dia-phuong/; /,none,yes,MotoAI Editorial,,,0,,,
BA-0673,B14,APP,PLANNED,tại sao nên dùng ứng dụng trước khi gọi điện năm 2026,App & Ứng dụng; tại sao nên dùng ứng dụng trước khi gọi điện năm 2026,informational-product,Tại Sao Nên Dùng Ứng Dụng Trước Khi Gọi Điện Năm 2026,tai-sao-nen-dung-ung-dung-truoc-khi-goi-dien-nam-2026,blog/app/tai-sao-nen-dung-ung-dung-truoc-khi-goi-dien-nam-2026/index.html,blog/app/,,no,no-external,blog/app/; /,none,yes,MotoAI Editorial,,,0,,,
BA-0674,B14,RENT,PLANNED,tình trạng xe tại cửa hàng kỳ nghĩ lễ,Thuê xe máy; tình trạng xe tại cửa hàng kỳ nghĩ lễ,commercial-informational,Tình Trạng xe Tại Cửa Hàng kỳ Nghĩ lễ,tinh-trang-xe-tai-cua-hang-ky-nghi-le,blog/thue-xe/tinh-trang-xe-tai-cua-hang-ky-nghi-le/index.html,blog/thue-xe/,,no,no-external,blog/thue-xe/; /,none,yes,MotoAI Editorial,,,0,,,
BA-0675,B14,EV,PLANNED,khác biệt xe điện và xe xăng giá tốt,Xe điện / xe máy điện; khác biệt xe điện và xe xăng giá tốt,informational-product,Khác Biệt xe Điện và xe Xăng Giá Tốt,khac-biet-xe-dien-va-xe-xang-gia-tot,blog/xe-dien/khac-biet-xe-dien-va-xe-xang-gia-tot/index.html,blog/xe-dien/,,no,no-external,blog/xe-dien/; /,none,yes,MotoAI Editorial,,,0,,,
BA-0676,B14,GUIDE,PLANNED,nhiên liệu khi nhận trả xe cho khách nước ngoài,Hướng dẫn / thủ tục; nhiên liệu khi nhận trả xe cho khách nước ngoài,informational,Nhiên Liệu Khi Nhận Trả xe Cho Khách Nước Ngoài,nhien-lieu-khi-nhan-tra-xe-cho-khach-nuoc-ngoai,blog/huong-dan/nhien-lieu-khi-nhan-tra-xe-cho-khach-nuoc-ngoai/index.html,blog/huong-dan/,,no,no-external,blog/huong-dan/; /,none,yes,MotoAI Editorial,,,0,,,
BA-0677,B14,SAFE,PLANNED,tầm nhìn khi lái xe cho người mới,An toàn / pháp lý; tầm nhìn khi lái xe cho người mới,informational-legal,Tầm Nhìn Khi Lái xe Cho Người Mới,tam-nhin-khi-lai-xe-cho-nguoi-moi,blog/an-toan/tam-nhin-khi-lai-xe-cho-nguoi-moi/index.html,blog/an-toan/,,yes,legal-gate,blog/an-toan/; /,none,no,MotoAI Editorial,,,0,,,legal-gate: CLAIM->SUBJECT->CONDITION->RULE->VERSION->PRIMARY SOURCE required
BA-0678,B14,LOCAL,PLANNED,huế xuyên việt hai ngày một đêm,Địa phương / du lịch; huế xuyên việt hai ngày một đêm,local-informational,Huế Xuyên Việt Hai Ngày Một Đêm,hue-xuyen-viet-hai-ngay-mot-dem,blog/dia-phuong/hue-xuyen-viet-hai-ngay-mot-dem/index.html,blog/dia-phuong/,Hà Nội (khu vực),no,no-external,blog/dia-phuong/; /,none,yes,MotoAI Editorial,,,0,,,
BA-0679,B14,APP,PLANNED,soạn câu hỏi hiệu quả cho Agent thuê xe năm 2026,App & Ứng dụng; soạn câu hỏi hiệu quả cho Agent thuê xe năm 2026,informational-product,Soạn Câu Hỏi Hiệu Quả Cho Agent Thuê xe Năm 2026,soan-cau-hoi-hieu-qua-cho-agent-thue-xe-nam-2026,blog/app/soan-cau-hoi-hieu-qua-cho-agent-thue-xe-nam-2026/index.html,blog/app/,,no,no-external,blog/app/; /,none,yes,MotoAI Editorial,,,0,,,
BA-0680,B14,RENT,PLANNED,đồngo kèm theo xe thuê kỳ nghĩ lễ,Thuê xe máy; đồngo kèm theo xe thuê kỳ nghĩ lễ,commercial-informational,Đồngo Kèm Theo xe Thuê kỳ Nghĩ lễ,dongo-kem-theo-xe-thue-ky-nghi-le,blog/thue-xe/dongo-kem-theo-xe-thue-ky-nghi-le/index.html,blog/thue-xe/,,no,no-external,blog/thue-xe/; /,none,yes,MotoAI Editorial,,,0,,,
BA-0681,B14,EV,PLANNED,sạc pin xe điện ở đâu giá tốt,Xe điện / xe máy điện; sạc pin xe điện ở đâu giá tốt,informational-product,Sạc Pin xe Điện ở Đâu Giá Tốt,sac-pin-xe-dien-o-dau-gia-tot,blog/xe-dien/sac-pin-xe-dien-o-dau-gia-tot/index.html,blog/xe-dien/,,no,no-external,blog/xe-dien/; /,none,yes,MotoAI Editorial,,,0,,,
BA-0682,B14,GUIDE,PLANNED,giao xe tận nơi thủ tục cho khách nước ngoài,Hướng dẫn / thủ tục; giao xe tận nơi thủ tục cho khách nước ngoài,informational,Giao xe Tận Nơi Thủ Tục Cho Khách Nước Ngoài,giao-xe-tan-noi-thu-tuc-cho-khach-nuoc-ngoai,blog/huong-dan/giao-xe-tan-noi-thu-tuc-cho-khach-nuoc-ngoai/index.html,blog/huong-dan/,,no,no-external,blog/huong-dan/; /,none,yes,MotoAI Editorial,,,0,,,
BA-0683,B14,SAFE,PLANNED,xe cộ phía trước và khoảng cách an toàn cho người mới,An toàn / pháp lý; xe cộ phía trước và khoảng cách an toàn cho người mới,informational-legal,xe cộ Phía Trước và Khoảng Cách an Toàn Cho Người Mới,xe-co-phia-truoc-va-khoang-cach-an-toan-cho-nguoi-moi,blog/an-toan/xe-co-phia-truoc-va-khoang-cach-an-toan-cho-nguoi-moi/index.html,blog/an-toan/,,yes,legal-gate,blog/an-toan/; /,none,no,MotoAI Editorial,,,0,,,legal-gate: CLAIM->SUBJECT->CONDITION->RULE->VERSION->PRIMARY SOURCE required
BA-0684,B14,LOCAL,PLANNED,đà nẵng hành trình bắc nam hai ngày một đêm,Địa phương / du lịch; đà nẵng hành trình bắc nam hai ngày một đêm,local-informational,đà Nẵng Hành Trình Bắc Nam Hai Ngày Một Đêm,da-nang-hanh-trinh-bac-nam-hai-ngay-mot-dem,blog/dia-phuong/da-nang-hanh-trinh-bac-nam-hai-ngay-mot-dem/index.html,blog/dia-phuong/,Hà Nội (khu vực),no,no-external,blog/dia-phuong/; /,none,yes,MotoAI Editorial,,,0,,,
BA-0685,B14,APP,PLANNED,ứng dụng thuê xe và người mới biết lái xe năm 2026,App & Ứng dụng; ứng dụng thuê xe và người mới biết lái xe năm 2026,informational-product,Ứng Dụng Thuê xe và Người Mới Biết Lái xe Năm 2026,ung-dung-thue-xe-va-nguoi-moi-biet-lai-xe-nam-2026,blog/app/ung-dung-thue-xe-va-nguoi-moi-biet-lai-xe-nam-2026/index.html,blog/app/,,no,no-external,blog/app/; /,none,yes,MotoAI Editorial,,,0,,,
BA-0686,B14,RENT,PLANNED,mũ bảo hiểm khi thuê xe kỳ nghĩ lễ,Thuê xe máy; mũ bảo hiểm khi thuê xe kỳ nghĩ lễ,commercial-informational,mũ Bảo Hiểm Khi Thuê xe kỳ Nghĩ lễ,mu-bao-hiem-khi-thue-xe-ky-nghi-le,blog/thue-xe/mu-bao-hiem-khi-thue-xe-ky-nghi-le/index.html,blog/thue-xe/,,no,no-external,blog/thue-xe/; /,none,yes,MotoAI Editorial,,,0,,,
BA-0687,B14,EV,PLANNED,thời gian sạc xe máy điện giá tốt,Xe điện / xe máy điện; thời gian sạc xe máy điện giá tốt,informational-product,Thời Gian Sạc xe Máy Điện Giá Tốt,thoi-gian-sac-xe-may-dien-gia-tot,blog/xe-dien/thoi-gian-sac-xe-may-dien-gia-tot/index.html,blog/xe-dien/,,no,no-external,blog/xe-dien/; /,none,yes,MotoAI Editorial,,,0,,,
BA-0688,B14,GUIDE,PLANNED,hủy đặt xe đúng cách cho khách nước ngoài,Hướng dẫn / thủ tục; hủy đặt xe đúng cách cho khách nước ngoài,informational,Hủy Đặt xe Đúng Cách Cho Khách Nước Ngoài,huy-dat-xe-dung-cach-cho-khach-nuoc-ngoai,blog/huong-dan/huy-dat-xe-dung-cach-cho-khach-nuoc-ngoai/index.html,blog/huong-dan/,,no,no-external,blog/huong-dan/; /,none,yes,MotoAI Editorial,,,0,,,
BA-0689,B14,SAFE,PLANNED,làn đường và quy tắc nhường cho người mới,An toàn / pháp lý; làn đường và quy tắc nhường cho người mới,informational-legal,Làn Đường và Quy Tắc Nhường Cho Người Mới,lan-duong-va-quy-tac-nhuong-cho-nguoi-moi,blog/an-toan/lan-duong-va-quy-tac-nhuong-cho-nguoi-moi/index.html,blog/an-toan/,,yes,legal-gate,blog/an-toan/; /,none,no,MotoAI Editorial,,,0,,,legal-gate: CLAIM->SUBJECT->CONDITION->RULE->VERSION->PRIMARY SOURCE required
BA-0690,B14,LOCAL,PLANNED,hội an cuối tuần hai ngày một đêm,Địa phương / du lịch; hội an cuối tuần hai ngày một đêm,local-informational,Hội an Cuối Tuần Hai Ngày Một Đêm,hoi-an-cuoi-tuan-hai-ngay-mot-dem,blog/dia-phuong/hoi-an-cuoi-tuan-hai-ngay-mot-dem/index.html,blog/dia-phuong/,Hà Nội (khu vực),no,no-external,blog/dia-phuong/; /,none,yes,MotoAI Editorial,,,0,,,
BA-0691,B14,APP,PLANNED,cảnh giác với app thuê xe giả mạo năm 2026,App & Ứng dụng; cảnh giác với app thuê xe giả mạo năm 2026,informational-product,Cảnh Giác Với App Thuê xe Giả Mạo Năm 2026,canh-giac-voi-app-thue-xe-gia-mao-nam-2026,blog/app/canh-giac-voi-app-thue-xe-gia-mao-nam-2026/index.html,blog/app/,,no,no-external,blog/app/; /,none,yes,MotoAI Editorial,,,0,,,
BA-0692,B14,RENT,PLANNED,áo mưa khi thuê xe máy kỳ nghĩ lễ,Thuê xe máy; áo mưa khi thuê xe máy kỳ nghĩ lễ,commercial-informational,áo Mưa Khi Thuê xe Máy kỳ Nghĩ lễ,ao-mua-khi-thue-xe-may-ky-nghi-le,blog/thue-xe/ao-mua-khi-thue-xe-may-ky-nghi-le/index.html,blog/thue-xe/,,no,no-external,blog/thue-xe/; /,none,yes,MotoAI Editorial,,,0,,,
BA-0693,B14,EV,PLANNED,chi phí điện khi thuê xe điện giá tốt,Xe điện / xe máy điện; chi phí điện khi thuê xe điện giá tốt,informational-product,Chi Phí Điện Khi Thuê xe Điện Giá Tốt,chi-phi-dien-khi-thue-xe-dien-gia-tot,blog/xe-dien/chi-phi-dien-khi-thue-xe-dien-gia-tot/index.html,blog/xe-dien/,,no,no-external,blog/xe-dien/; /,none,yes,MotoAI Editorial,,,0,,,
BA-0694,B14,GUIDE,PLANNED,đổi xe giữa kỳ thuê cho khách nước ngoài,Hướng dẫn / thủ tục; đổi xe giữa kỳ thuê cho khách nước ngoài,informational,Đổi xe Giữa kỳ Thuê Cho Khách Nước Ngoài,doi-xe-giua-ky-thue-cho-khach-nuoc-ngoai,blog/huong-dan/doi-xe-giua-ky-thue-cho-khach-nuoc-ngoai/index.html,blog/huong-dan/,,no,no-external,blog/huong-dan/; /,none,yes,MotoAI Editorial,,,0,,,
BA-0695,B14,SAFE,PLANNED,đèn đỏ và camera phạt nguội cho người mới,An toàn / pháp lý; đèn đỏ và camera phạt nguội cho người mới,informational-legal,Đèn đỏ và Camera Phạt Nguội Cho Người Mới,den-do-va-camera-phat-nguoi-cho-nguoi-moi,blog/an-toan/den-do-va-camera-phat-nguoi-cho-nguoi-moi/index.html,blog/an-toan/,,yes,legal-gate,blog/an-toan/; /,none,no,MotoAI Editorial,,,0,,,legal-gate: CLAIM->SUBJECT->CONDITION->RULE->VERSION->PRIMARY SOURCE required
BA-0696,B14,LOCAL,PLANNED,sài gòn đường nam hai ngày một đêm,Địa phương / du lịch; sài gòn đường nam hai ngày một đêm,local-informational,Sài Gòn Đường Nam Hai Ngày Một Đêm,sai-gon-duong-nam-hai-ngay-mot-dem,blog/dia-phuong/sai-gon-duong-nam-hai-ngay-mot-dem/index.html,blog/dia-phuong/,Hà Nội (khu vực),no,no-external,blog/dia-phuong/; /,none,yes,MotoAI Editorial,,,0,,,
BA-0697,B14,APP,PLANNED,trợ lý thuê xe xử lý câu hỏi đa ngôn ngữ năm 2026,App & Ứng dụng; trợ lý thuê xe xử lý câu hỏi đa ngôn ngữ năm 2026,informational-product,Trợ lý Thuê xe xử lý Câu Hỏi đa Ngôn Ngữ Năm 2026,tro-ly-thue-xe-xu-ly-cau-hoi-da-ngon-ngu-nam-2026,blog/app/tro-ly-thue-xe-xu-ly-cau-hoi-da-ngon-ngu-nam-2026/index.html,blog/app/,,no,no-external,blog/app/; /,none,yes,MotoAI Editorial,,,0,,,
BA-0698,B14,RENT,PLANNED,giá xe tháng cho sinh viên kỳ nghĩ lễ,Thuê xe máy; giá xe tháng cho sinh viên kỳ nghĩ lễ,commercial-informational,Giá xe Tháng Cho Sinh Viên kỳ Nghĩ lễ,gia-xe-thang-cho-sinh-vien-ky-nghi-le,blog/thue-xe/gia-xe-thang-cho-sinh-vien-ky-nghi-le/index.html,blog/thue-xe/,,no,no-external,blog/thue-xe/; /,none,yes,MotoAI Editorial,,,0,,,
BA-0699,B14,EV,PLANNED,thuê xe điện có rẻ không giá tốt,Xe điện / xe máy điện; thuê xe điện có rẻ không giá tốt,informational-product,Thuê xe Điện có rẻ Không Giá Tốt,thue-xe-dien-co-re-khong-gia-tot,blog/xe-dien/thue-xe-dien-co-re-khong-gia-tot/index.html,blog/xe-dien/,,no,no-external,blog/xe-dien/; /,none,yes,MotoAI Editorial,,,0,,,
BA-0700,B14,GUIDE,PLANNED,gia hạn thời gian thuê cho khách nước ngoài,Hướng dẫn / thủ tục; gia hạn thời gian thuê cho khách nước ngoài,informational,Gia Hạn Thời Gian Thuê Cho Khách Nước Ngoài,gia-han-thoi-gian-thue-cho-khach-nuoc-ngoai,blog/huong-dan/gia-han-thoi-gian-thue-cho-khach-nuoc-ngoai/index.html,blog/huong-dan/,,no,no-external,blog/huong-dan/; /,none,yes,MotoAI Editorial,,,0,,,
BA-0701,B15,SAFE,PLANNED,đi ngược chiều hậu quả cho người mới,An toàn / pháp lý; đi ngược chiều hậu quả cho người mới,informational-legal,đi Ngược Chiều Hậu Quả Cho Người Mới,di-nguoc-chieu-hau-qua-cho-nguoi-moi,blog/an-toan/di-nguoc-chieu-hau-qua-cho-nguoi-moi/index.html,blog/an-toan/,,yes,legal-gate,blog/an-toan/; /,none,no,MotoAI Editorial,,,0,,,legal-gate: CLAIM->SUBJECT->CONDITION->RULE->VERSION->PRIMARY SOURCE required
BA-0702,B15,LOCAL,PLANNED,mekong delta ride hai ngày một đêm,Địa phương / du lịch; mekong delta ride hai ngày một đêm,local-informational,Mekong Delta Ride Hai Ngày Một Đêm,mekong-delta-ride-hai-ngay-mot-dem,blog/dia-phuong/mekong-delta-ride-hai-ngay-mot-dem/index.html,blog/dia-phuong/,Hà Nội (khu vực),no,no-external,blog/dia-phuong/; /,none,yes,MotoAI Editorial,,,0,,,
BA-0703,B15,APP,PLANNED,tính năng tìm hiểu thủ tục trong app năm 2026,App & Ứng dụng; tính năng tìm hiểu thủ tục trong app năm 2026,informational-product,Tính Năng Tìm Hiểu Thủ Tục Trong App Năm 2026,tinh-nang-tim-hieu-thu-tuc-trong-app-nam-2026,blog/app/tinh-nang-tim-hieu-thu-tuc-trong-app-nam-2026/index.html,blog/app/,,no,no-external,blog/app/; /,none,yes,MotoAI Editorial,,,0,,,
BA-0704,B15,RENT,PLANNED,thuê xe dài hạn cho người đi làm kỳ nghĩ lễ,Thuê xe máy; thuê xe dài hạn cho người đi làm kỳ nghĩ lễ,commercial-informational,Thuê xe Dài Hạn Cho Người đi Làm kỳ Nghĩ lễ,thue-xe-dai-han-cho-nguoi-di-lam-ky-nghi-le,blog/thue-xe/thue-xe-dai-han-cho-nguoi-di-lam-ky-nghi-le/index.html,blog/thue-xe/,,no,no-external,blog/thue-xe/; /,none,yes,MotoAI Editorial,,,0,,,
BA-0705,B15,EV,PLANNED,xe điện chạy bao xa giá tốt,Xe điện / xe máy điện; xe điện chạy bao xa giá tốt,informational-product,xe Điện Chạy Bao xa Giá Tốt,xe-dien-chay-bao-xa-gia-tot,blog/xe-dien/xe-dien-chay-bao-xa-gia-tot/index.html,blog/xe-dien/,,no,no-external,blog/xe-dien/; /,none,yes,MotoAI Editorial,,,0,,,
BA-0706,B15,GUIDE,PLANNED,chở hành lý khi thuê xe cho khách nước ngoài,Hướng dẫn / thủ tục; chở hành lý khi thuê xe cho khách nước ngoài,informational,Chở Hành lý Khi Thuê xe Cho Khách Nước Ngoài,cho-hanh-ly-khi-thue-xe-cho-khach-nuoc-ngoai,blog/huong-dan/cho-hanh-ly-khi-thue-xe-cho-khach-nuoc-ngoai/index.html,blog/huong-dan/,,no,no-external,blog/huong-dan/; /,none,yes,MotoAI Editorial,,,0,,,
BA-0707,B15,SAFE,PLANNED,điện thoại khi lái xe cho người mới,An toàn / pháp lý; điện thoại khi lái xe cho người mới,informational-legal,Điện Thoại Khi Lái xe Cho Người Mới,dien-thoai-khi-lai-xe-cho-nguoi-moi,blog/an-toan/dien-thoai-khi-lai-xe-cho-nguoi-moi/index.html,blog/an-toan/,,yes,legal-gate,blog/an-toan/; /,none,no,MotoAI Editorial,,,0,,,legal-gate: CLAIM->SUBJECT->CONDITION->RULE->VERSION->PRIMARY SOURCE required
BA-0708,B15,LOCAL,PLANNED,ha giang vòng cung hai ngày một đêm,Địa phương / du lịch; ha giang vòng cung hai ngày một đêm,local-informational,ha Giang Vòng Cung Hai Ngày Một Đêm,ha-giang-vong-cung-hai-ngay-mot-dem,blog/dia-phuong/ha-giang-vong-cung-hai-ngay-mot-dem/index.html,blog/dia-phuong/,Hà Nội (khu vực),no,no-external,blog/dia-phuong/; /,none,yes,MotoAI Editorial,,,0,,,
BA-0709,B15,APP,PLANNED,quy trình tư vấn tự động chọn xe năm 2026,App & Ứng dụng; quy trình tư vấn tự động chọn xe năm 2026,informational-product,Quy Trình tư Vấn tự Động Chọn xe Năm 2026,quy-trinh-tu-van-tu-dong-chon-xe-nam-2026,blog/app/quy-trinh-tu-van-tu-dong-chon-xe-nam-2026/index.html,blog/app/,,no,no-external,blog/app/; /,none,yes,MotoAI Editorial,,,0,,,
BA-0710,B15,RENT,PLANNED,hợp đồng thuê xe máy kỳ nghĩ lễ,Thuê xe máy; hợp đồng thuê xe máy kỳ nghĩ lễ,commercial-informational,Hợp Đồng Thuê xe Máy kỳ Nghĩ lễ,hop-dong-thue-xe-may-ky-nghi-le,blog/thue-xe/hop-dong-thue-xe-may-ky-nghi-le/index.html,blog/thue-xe/,,no,no-external,blog/thue-xe/; /,none,yes,MotoAI Editorial,,,0,,,
BA-0711,B15,EV,PLANNED,xe máy điện cho người mới giá tốt,Xe điện / xe máy điện; xe máy điện cho người mới giá tốt,informational-product,xe Máy Điện Cho Người Mới Giá Tốt,xe-may-dien-cho-nguoi-moi-gia-tot,blog/xe-dien/xe-may-dien-cho-nguoi-moi-gia-tot/index.html,blog/xe-dien/,,no,no-external,blog/xe-dien/; /,none,yes,MotoAI Editorial,,,0,,,
BA-0712,B15,GUIDE,PLANNED,đi hai người trên xe thuê cho khách nước ngoài,Hướng dẫn / thủ tục; đi hai người trên xe thuê cho khách nước ngoài,informational,đi Hai Người Trên xe Thuê Cho Khách Nước Ngoài,di-hai-nguoi-tren-xe-thue-cho-khach-nuoc-ngoai,blog/huong-dan/di-hai-nguoi-tren-xe-thue-cho-khach-nuoc-ngoai/index.html,blog/huong-dan/,,no,no-external,blog/huong-dan/; /,none,yes,MotoAI Editorial,,,0,,,
BA-0713,B15,SAFE,PLANNED,chở trẻ em trên xe máy cho người mới,An toàn / pháp lý; chở trẻ em trên xe máy cho người mới,informational-legal,Chở Trẻ em Trên xe Máy Cho Người Mới,cho-tre-em-tren-xe-may-cho-nguoi-moi,blog/an-toan/cho-tre-em-tren-xe-may-cho-nguoi-moi/index.html,blog/an-toan/,,yes,legal-gate,blog/an-toan/; /,none,no,MotoAI Editorial,,,0,,,legal-gate: CLAIM->SUBJECT->CONDITION->RULE->VERSION->PRIMARY SOURCE required
BA-0714,B15,LOCAL,PLANNED,cao nguyên đá đồng văn hai ngày một đêm,Địa phương / du lịch; cao nguyên đá đồng văn hai ngày một đêm,local-informational,Cao Nguyên đá Đồng Văn Hai Ngày Một Đêm,cao-nguyen-da-dong-van-hai-ngay-mot-dem,blog/dia-phuong/cao-nguyen-da-dong-van-hai-ngay-mot-dem/index.html,blog/dia-phuong/,Hà Nội (khu vực),no,no-external,blog/dia-phuong/; /,none,yes,MotoAI Editorial,,,0,,,
BA-0715,B15,APP,PLANNED,ứng dụng hỗ trợ thuê xe theo tháng năm 2026,App & Ứng dụng; ứng dụng hỗ trợ thuê xe theo tháng năm 2026,informational-product,Ứng Dụng hỗ Trợ Thuê xe Theo Tháng Năm 2026,ung-dung-ho-tro-thue-xe-theo-thang-nam-2026,blog/app/ung-dung-ho-tro-thue-xe-theo-thang-nam-2026/index.html,blog/app/,,no,no-external,blog/app/; /,none,yes,MotoAI Editorial,,,0,,,
BA-0716,B15,RENT,PLANNED,thuê xe công ty cho nhân viên kỳ nghĩ lễ,Thuê xe máy; thuê xe công ty cho nhân viên kỳ nghĩ lễ,commercial-informational,Thuê xe Công ty Cho Nhân Viên kỳ Nghĩ lễ,thue-xe-cong-ty-cho-nhan-vien-ky-nghi-le,blog/thue-xe/thue-xe-cong-ty-cho-nhan-vien-ky-nghi-le/index.html,blog/thue-xe/,,no,no-external,blog/thue-xe/; /,none,yes,MotoAI Editorial,,,0,,,
BA-0717,B15,EV,PLANNED,xe điện an toàn không giá tốt,Xe điện / xe máy điện; xe điện an toàn không giá tốt,informational-product,xe Điện an Toàn Không Giá Tốt,xe-dien-an-toan-khong-gia-tot,blog/xe-dien/xe-dien-an-toan-khong-gia-tot/index.html,blog/xe-dien/,,no,no-external,blog/xe-dien/; /,none,yes,MotoAI Editorial,,,0,,,
BA-0718,B15,GUIDE,PLANNED,bản đồ và định vị khi thuê xe cho khách nước ngoài,Hướng dẫn / thủ tục; bản đồ và định vị khi thuê xe cho khách nước ngoài,informational,Bản đồ và Định vị Khi Thuê xe Cho Khách Nước Ngoài,ban-do-va-dinh-vi-khi-thue-xe-cho-khach-nuoc-ngoai,blog/huong-dan/ban-do-va-dinh-vi-khi-thue-xe-cho-khach-nuoc-ngoai/index.html,blog/huong-dan/,,no,no-external,blog/huong-dan/; /,none,yes,MotoAI Editorial,,,0,,,
BA-0719,B15,SAFE,PLANNED,quy định mũ bảo hiểm trẻ em cho người mới,An toàn / pháp lý; quy định mũ bảo hiểm trẻ em cho người mới,informational-legal,Quy Định mũ Bảo Hiểm Trẻ em Cho Người Mới,quy-dinh-mu-bao-hiem-tre-em-cho-nguoi-moi,blog/an-toan/quy-dinh-mu-bao-hiem-tre-em-cho-nguoi-moi/index.html,blog/an-toan/,,yes,legal-gate,blog/an-toan/; /,none,no,MotoAI Editorial,,,0,,,legal-gate: CLAIM->SUBJECT->CONDITION->RULE->VERSION->PRIMARY SOURCE required
BA-0720,B15,LOCAL,PLANNED,mèo vạc đồng cao hai ngày một đêm,Địa phương / du lịch; mèo vạc đồng cao hai ngày một đêm,local-informational,Mèo Vạc Đồng Cao Hai Ngày Một Đêm,meo-vac-dong-cao-hai-ngay-mot-dem,blog/dia-phuong/meo-vac-dong-cao-hai-ngay-mot-dem/index.html,blog/dia-phuong/,Hà Nội (khu vực),no,no-external,blog/dia-phuong/; /,none,yes,MotoAI Editorial,,,0,,,
BA-0721,B15,APP,PLANNED,chọn thời điểm thuê xe bằng ứng dụng năm 2026,App & Ứng dụng; chọn thời điểm thuê xe bằng ứng dụng năm 2026,informational-product,Chọn Thời Điểm Thuê xe Bằng Ứng Dụng Năm 2026,chon-thoi-diem-thue-xe-bang-ung-dung-nam-2026,blog/app/chon-thoi-diem-thue-xe-bang-ung-dung-nam-2026/index.html,blog/app/,,no,no-external,blog/app/; /,none,yes,MotoAI Editorial,,,0,,,
BA-0722,B15,RENT,PLANNED,thuê xe máy giá rẻ cho sinh viên,Thuê xe máy; thuê xe máy giá rẻ cho sinh viên,commercial-informational,Thuê xe Máy Giá rẻ Cho Sinh Viên,thue-xe-may-gia-re-cho-sinh-vien,blog/thue-xe/thue-xe-may-gia-re-cho-sinh-vien/index.html,blog/thue-xe/,,no,no-external,blog/thue-xe/; /,none,yes,MotoAI Editorial,,,0,,,
BA-0723,B15,EV,PLANNED,bảo dưỡng xe điện giá tốt,Xe điện / xe máy điện; bảo dưỡng xe điện giá tốt,informational-product,Bảo Dưỡng xe Điện Giá Tốt,bao-duong-xe-dien-gia-tot,blog/xe-dien/bao-duong-xe-dien-gia-tot/index.html,blog/xe-dien/,,no,no-external,blog/xe-dien/; /,none,yes,MotoAI Editorial,,,0,,,
BA-0724,B15,GUIDE,PLANNED,ứng dụng bản đồ cho người thuê xe cho khách nước ngoài,Hướng dẫn / thủ tục; ứng dụng bản đồ cho người thuê xe cho khách nước ngoài,informational,Ứng Dụng Bản đồ Cho Người Thuê xe Cho Khách Nước Ngoài,ung-dung-ban-do-cho-nguoi-thue-xe-cho-khach-nuoc-ngoai,blog/huong-dan/ung-dung-ban-do-cho-nguoi-thue-xe-cho-khach-nuoc-ngoai/index.html,blog/huong-dan/,,no,no-external,blog/huong-dan/; /,none,yes,MotoAI Editorial,,,0,,,
BA-0725,B15,SAFE,PLANNED,đeo nón đúng cách cho người mới,An toàn / pháp lý; đeo nón đúng cách cho người mới,informational-legal,Đeo Nón Đúng Cách Cho Người Mới,deo-non-dung-cach-cho-nguoi-moi,blog/an-toan/deo-non-dung-cach-cho-nguoi-moi/index.html,blog/an-toan/,,yes,legal-gate,blog/an-toan/; /,none,no,MotoAI Editorial,,,0,,,legal-gate: CLAIM->SUBJECT->CONDITION->RULE->VERSION->PRIMARY SOURCE required
BA-0726,B15,LOCAL,PLANNED,thuê xe máy quanh long biên cuối tuần,Địa phương / du lịch; thuê xe máy quanh long biên cuối tuần,local-informational,Thuê xe Máy Quanh Long Biên Cuối Tuần,thue-xe-may-quanh-long-bien-cuoi-tuan,blog/dia-phuong/thue-xe-may-quanh-long-bien-cuoi-tuan/index.html,blog/dia-phuong/,Long Biên,no,no-external,blog/dia-phuong/; /,none,yes,MotoAI Editorial,,,0,,,
BA-0727,B15,APP,PLANNED,câu chuyện người dùng ứng dụng thuê xe năm 2026,App & Ứng dụng; câu chuyện người dùng ứng dụng thuê xe năm 2026,informational-product,Câu Chuyện Người Dùng Ứng Dụng Thuê xe Năm 2026,cau-chuyen-nguoi-dung-ung-dung-thue-xe-nam-2026,blog/app/cau-chuyen-nguoi-dung-ung-dung-thue-xe-nam-2026/index.html,blog/app/,,no,no-external,blog/app/; /,none,yes,MotoAI Editorial,,,0,,,
BA-0728,B15,RENT,PLANNED,giá thuê xe máy theo ngày cho sinh viên,Thuê xe máy; giá thuê xe máy theo ngày cho sinh viên,commercial-informational,Giá Thuê xe Máy Theo Ngày Cho Sinh Viên,gia-thue-xe-may-theo-ngay-cho-sinh-vien,blog/thue-xe/gia-thue-xe-may-theo-ngay-cho-sinh-vien/index.html,blog/thue-xe/,,no,no-external,blog/thue-xe/; /,none,yes,MotoAI Editorial,,,0,,,
BA-0729,B15,EV,PLANNED,xe điện khi mưa giá tốt,Xe điện / xe máy điện; xe điện khi mưa giá tốt,informational-product,xe Điện Khi Mưa Giá Tốt,xe-dien-khi-mua-gia-tot,blog/xe-dien/xe-dien-khi-mua-gia-tot/index.html,blog/xe-dien/,,no,no-external,blog/xe-dien/; /,none,yes,MotoAI Editorial,,,0,,,
BA-0730,B15,GUIDE,PLANNED,kỹ năng lái xe an toàn cơ bản cho khách nước ngoài,Hướng dẫn / thủ tục; kỹ năng lái xe an toàn cơ bản cho khách nước ngoài,informational,kỹ Năng Lái xe an Toàn cơ Bản Cho Khách Nước Ngoài,ky-nang-lai-xe-an-toan-co-ban-cho-khach-nuoc-ngoai,blog/huong-dan/ky-nang-lai-xe-an-toan-co-ban-cho-khach-nuoc-ngoai/index.html,blog/huong-dan/,,no,no-external,blog/huong-dan/; /,none,yes,MotoAI Editorial,,,0,,,
BA-0731,B15,SAFE,PLANNED,thuốc và lái xe cho người mới,An toàn / pháp lý; thuốc và lái xe cho người mới,informational-legal,Thuốc và Lái xe Cho Người Mới,thuoc-va-lai-xe-cho-nguoi-moi,blog/an-toan/thuoc-va-lai-xe-cho-nguoi-moi/index.html,blog/an-toan/,,yes,legal-gate,blog/an-toan/; /,none,no,MotoAI Editorial,,,0,,,legal-gate: CLAIM->SUBJECT->CONDITION->RULE->VERSION->PRIMARY SOURCE required
BA-0732,B15,LOCAL,PLANNED,đi phố cổ bằng xe máy cuối tuần,Địa phương / du lịch; đi phố cổ bằng xe máy cuối tuần,local-informational,đi Phố cổ Bằng xe Máy Cuối Tuần,di-pho-co-bang-xe-may-cuoi-tuan,blog/dia-phuong/di-pho-co-bang-xe-may-cuoi-tuan/index.html,blog/dia-phuong/,Phố cổ,no,no-external,blog/dia-phuong/; /,none,yes,MotoAI Editorial,,,0,,,
BA-0733,B15,APP,PLANNED,app thuê xe máy là gì tại Hà Nội,App & Ứng dụng; app thuê xe máy là gì tại Hà Nội,informational-product,App Thuê xe Máy là gì Tại Hà Nội,app-thue-xe-may-la-gi-tai-ha-noi,blog/app/app-thue-xe-may-la-gi-tai-ha-noi/index.html,blog/app/,,no,no-external,blog/app/; /,none,yes,MotoAI Editorial,,,0,,,
BA-0734,B15,RENT,PLANNED,thuê xe máy theo tuần cho sinh viên,Thuê xe máy; thuê xe máy theo tuần cho sinh viên,commercial-informational,Thuê xe Máy Theo Tuần Cho Sinh Viên,thue-xe-may-theo-tuan-cho-sinh-vien,blog/thue-xe/thue-xe-may-theo-tuan-cho-sinh-vien/index.html,blog/thue-xe/,,no,no-external,blog/thue-xe/; /,none,yes,MotoAI Editorial,,,0,,,
BA-0735,B15,EV,PLANNED,đi xe điện đường dài giá tốt,Xe điện / xe máy điện; đi xe điện đường dài giá tốt,informational-product,đi xe Điện Đường Dài Giá Tốt,di-xe-dien-duong-dai-gia-tot,blog/xe-dien/di-xe-dien-duong-dai-gia-tot/index.html,blog/xe-dien/,,no,no-external,blog/xe-dien/; /,none,yes,MotoAI Editorial,,,0,,,
BA-0736,B15,GUIDE,PLANNED,chạy xe số cho người mới cho khách nước ngoài,Hướng dẫn / thủ tục; chạy xe số cho người mới cho khách nước ngoài,informational,Chạy xe số Cho Người Mới Cho Khách Nước Ngoài,chay-xe-so-cho-nguoi-moi-cho-khach-nuoc-ngoai,blog/huong-dan/chay-xe-so-cho-nguoi-moi-cho-khach-nuoc-ngoai/index.html,blog/huong-dan/,,no,no-external,blog/huong-dan/; /,none,yes,MotoAI Editorial,,,0,,,
BA-0737,B15,SAFE,PLANNED,mệt mỏi khi lái đường dài cho người mới,An toàn / pháp lý; mệt mỏi khi lái đường dài cho người mới,informational-legal,Mệt Mỏi Khi Lái Đường Dài Cho Người Mới,met-moi-khi-lai-duong-dai-cho-nguoi-moi,blog/an-toan/met-moi-khi-lai-duong-dai-cho-nguoi-moi/index.html,blog/an-toan/,,yes,legal-gate,blog/an-toan/; /,none,no,MotoAI Editorial,,,0,,,legal-gate: CLAIM->SUBJECT->CONDITION->RULE->VERSION->PRIMARY SOURCE required
BA-0738,B15,LOCAL,PLANNED,du lịch hoàn kiếm bằng xe máy cuối tuần,Địa phương / du lịch; du lịch hoàn kiếm bằng xe máy cuối tuần,local-informational,du Lịch Hoàn Kiếm Bằng xe Máy Cuối Tuần,du-lich-hoan-kiem-bang-xe-may-cuoi-tuan,blog/dia-phuong/du-lich-hoan-kiem-bang-xe-may-cuoi-tuan/index.html,blog/dia-phuong/,Hoàn Kiếm,no,no-external,blog/dia-phuong/; /,none,yes,MotoAI Editorial,,,0,,,
BA-0739,B15,APP,PLANNED,cách dùng ứng dụng thuê xe máy tại Hà Nội,App & Ứng dụng; cách dùng ứng dụng thuê xe máy tại Hà Nội,informational-product,Cách Dùng Ứng Dụng Thuê xe Máy Tại Hà Nội,cach-dung-ung-dung-thue-xe-may-tai-ha-noi,blog/app/cach-dung-ung-dung-thue-xe-may-tai-ha-noi/index.html,blog/app/,,no,no-external,blog/app/; /,none,yes,MotoAI Editorial,,,0,,,
BA-0740,B15,RENT,PLANNED,thuê xe máy theo tháng cho sinh viên,Thuê xe máy; thuê xe máy theo tháng cho sinh viên,commercial-informational,Thuê xe Máy Theo Tháng Cho Sinh Viên,thue-xe-may-theo-thang-cho-sinh-vien,blog/thue-xe/thue-xe-may-theo-thang-cho-sinh-vien/index.html,blog/thue-xe/,,no,no-external,blog/thue-xe/; /,none,yes,MotoAI Editorial,,,0,,,
BA-0741,B15,EV,PLANNED,xe điện trong phố giá tốt,Xe điện / xe máy điện; xe điện trong phố giá tốt,informational-product,xe Điện Trong Phố Giá Tốt,xe-dien-trong-pho-gia-tot,blog/xe-dien/xe-dien-trong-pho-gia-tot/index.html,blog/xe-dien/,,no,no-external,blog/xe-dien/; /,none,yes,MotoAI Editorial,,,0,,,
BA-0742,B15,GUIDE,PLANNED,chạy xe ga lần đầu cho khách nước ngoài,Hướng dẫn / thủ tục; chạy xe ga lần đầu cho khách nước ngoài,informational,Chạy xe ga Lần Đầu Cho Khách Nước Ngoài,chay-xe-ga-lan-dau-cho-khach-nuoc-ngoai,blog/huong-dan/chay-xe-ga-lan-dau-cho-khach-nuoc-ngoai/index.html,blog/huong-dan/,,no,no-external,blog/huong-dan/; /,none,yes,MotoAI Editorial,,,0,,,
BA-0743,B15,SAFE,PLANNED,đi nhóm an toàn cho người mới,An toàn / pháp lý; đi nhóm an toàn cho người mới,informational-legal,đi Nhóm an Toàn Cho Người Mới,di-nhom-an-toan-cho-nguoi-moi,blog/an-toan/di-nhom-an-toan-cho-nguoi-moi/index.html,blog/an-toan/,,yes,legal-gate,blog/an-toan/; /,none,no,MotoAI Editorial,,,0,,,legal-gate: CLAIM->SUBJECT->CONDITION->RULE->VERSION->PRIMARY SOURCE required
BA-0744,B15,LOCAL,PLANNED,hồ tây và xe máy cuối tuần,Địa phương / du lịch; hồ tây và xe máy cuối tuần,local-informational,hồ Tây và xe Máy Cuối Tuần,ho-tay-va-xe-may-cuoi-tuan,blog/dia-phuong/ho-tay-va-xe-may-cuoi-tuan/index.html,blog/dia-phuong/,hồ Tây,no,no-external,blog/dia-phuong/; /,none,yes,MotoAI Editorial,,,0,,,
BA-0745,B15,APP,PLANNED,ứng dụng thuê xe có an toàn không tại Hà Nội,App & Ứng dụng; ứng dụng thuê xe có an toàn không tại Hà Nội,informational-product,Ứng Dụng Thuê xe có an Toàn Không Tại Hà Nội,ung-dung-thue-xe-co-an-toan-khong-tai-ha-noi,blog/app/ung-dung-thue-xe-co-an-toan-khong-tai-ha-noi/index.html,blog/app/,,no,no-external,blog/app/; /,none,yes,MotoAI Editorial,,,0,,,
BA-0746,B15,RENT,PLANNED,cho thuê xe máy thủ tục đơn giản cho sinh viên,Thuê xe máy; cho thuê xe máy thủ tục đơn giản cho sinh viên,commercial-informational,Cho Thuê xe Máy Thủ Tục Đơn Giản Cho Sinh Viên,cho-thue-xe-may-thu-tuc-don-gian-cho-sinh-vien,blog/thue-xe/cho-thue-xe-may-thu-tuc-don-gian-cho-sinh-vien/index.html,blog/thue-xe/,,no,no-external,blog/thue-xe/; /,none,yes,MotoAI Editorial,,,0,,,
BA-0747,B15,EV,PLANNED,xe điện chở hai người giá tốt,Xe điện / xe máy điện; xe điện chở hai người giá tốt,informational-product,xe Điện Chở Hai Người Giá Tốt,xe-dien-cho-hai-nguoi-gia-tot,blog/xe-dien/xe-dien-cho-hai-nguoi-gia-tot/index.html,blog/xe-dien/,,no,no-external,blog/xe-dien/; /,none,yes,MotoAI Editorial,,,0,,,
BA-0748,B15,GUIDE,PLANNED,chạy xe điện lần đầu cho khách nước ngoài,Hướng dẫn / thủ tục; chạy xe điện lần đầu cho khách nước ngoài,informational,Chạy xe Điện Lần Đầu Cho Khách Nước Ngoài,chay-xe-dien-lan-dau-cho-khach-nuoc-ngoai,blog/huong-dan/chay-xe-dien-lan-dau-cho-khach-nuoc-ngoai/index.html,blog/huong-dan/,,no,no-external,blog/huong-dan/; /,none,yes,MotoAI Editorial,,,0,,,
BA-0749,B15,SAFE,PLANNED,bão và xe máy cho người mới,An toàn / pháp lý; bão và xe máy cho người mới,informational-legal,Bão và xe Máy Cho Người Mới,bao-va-xe-may-cho-nguoi-moi,blog/an-toan/bao-va-xe-may-cho-nguoi-moi/index.html,blog/an-toan/,,yes,legal-gate,blog/an-toan/; /,none,no,MotoAI Editorial,,,0,,,legal-gate: CLAIM->SUBJECT->CONDITION->RULE->VERSION->PRIMARY SOURCE required
BA-0750,B15,LOCAL,PLANNED,ba đình xe máy phượng cuối tuần,Địa phương / du lịch; ba đình xe máy phượng cuối tuần,local-informational,ba Đình xe Máy Phượng Cuối Tuần,ba-dinh-xe-may-phuong-cuoi-tuan,blog/dia-phuong/ba-dinh-xe-may-phuong-cuoi-tuan/index.html,blog/dia-phuong/,ba Đình,no,no-external,blog/dia-phuong/; /,none,yes,MotoAI Editorial,,,0,,,
BA-0751,B16,APP,PLANNED,cách tính giá thuê xe bằng app tại Hà Nội,App & Ứng dụng; cách tính giá thuê xe bằng app tại Hà Nội,informational-product,Cách Tính Giá Thuê xe Bằng App Tại Hà Nội,cach-tinh-gia-thue-xe-bang-app-tai-ha-noi,blog/app/cach-tinh-gia-thue-xe-bang-app-tai-ha-noi/index.html,blog/app/,,no,no-external,blog/app/; /,none,yes,MotoAI Editorial,,,0,,,
BA-0752,B16,RENT,PLANNED,thuê xe số cho sinh viên,Thuê xe máy; thuê xe số cho sinh viên,commercial-informational,Thuê xe số Cho Sinh Viên,thue-xe-so-cho-sinh-vien,blog/thue-xe/thue-xe-so-cho-sinh-vien/index.html,blog/thue-xe/,,no,no-external,blog/thue-xe/; /,none,yes,MotoAI Editorial,,,0,,,
BA-0753,B16,EV,PLANNED,vận tốc xe máy điện giá tốt,Xe điện / xe máy điện; vận tốc xe máy điện giá tốt,informational-product,Vận Tốc xe Máy Điện Giá Tốt,van-toc-xe-may-dien-gia-tot,blog/xe-dien/van-toc-xe-may-dien-gia-tot/index.html,blog/xe-dien/,,no,no-external,blog/xe-dien/; /,none,yes,MotoAI Editorial,,,0,,,
BA-0754,B16,GUIDE,PLANNED,đỗ xe ở hà nội cho khách nước ngoài,Hướng dẫn / thủ tục; đỗ xe ở hà nội cho khách nước ngoài,informational,đỗ xe ở hà Nội Cho Khách Nước Ngoài,do-xe-o-ha-noi-cho-khach-nuoc-ngoai,blog/huong-dan/do-xe-o-ha-noi-cho-khach-nuoc-ngoai/index.html,blog/huong-dan/,,no,no-external,blog/huong-dan/; /,none,yes,MotoAI Editorial,,,0,,,
BA-0755,B16,SAFE,PLANNED,ngập nước và xe máy cho người mới,An toàn / pháp lý; ngập nước và xe máy cho người mới,informational-legal,Ngập Nước và xe Máy Cho Người Mới,ngap-nuoc-va-xe-may-cho-nguoi-moi,blog/an-toan/ngap-nuoc-va-xe-may-cho-nguoi-moi/index.html,blog/an-toan/,,yes,legal-gate,blog/an-toan/; /,none,no,MotoAI Editorial,,,0,,,legal-gate: CLAIM->SUBJECT->CONDITION->RULE->VERSION->PRIMARY SOURCE required
BA-0756,B16,LOCAL,PLANNED,cầu giấy đi xe máy cuối tuần,Địa phương / du lịch; cầu giấy đi xe máy cuối tuần,local-informational,Cầu Giấy đi xe Máy Cuối Tuần,cau-giay-di-xe-may-cuoi-tuan,blog/dia-phuong/cau-giay-di-xe-may-cuoi-tuan/index.html,blog/dia-phuong/,Cầu Giấy,no,no-external,blog/dia-phuong/; /,none,yes,MotoAI Editorial,,,0,,,
BA-0757,B16,APP,PLANNED,chọn xe bằng Agent tại Hà Nội,App & Ứng dụng; chọn xe bằng Agent tại Hà Nội,informational-product,Chọn xe Bằng Agent Tại Hà Nội,chon-xe-bang-agent-tai-ha-noi,blog/app/chon-xe-bang-agent-tai-ha-noi/index.html,blog/app/,,no,no-external,blog/app/; /,none,yes,MotoAI Editorial,,,0,,,
BA-0758,B16,RENT,PLANNED,thuê xe ga cho sinh viên,Thuê xe máy; thuê xe ga cho sinh viên,commercial-informational,Thuê xe ga Cho Sinh Viên,thue-xe-ga-cho-sinh-vien,blog/thue-xe/thue-xe-ga-cho-sinh-vien/index.html,blog/thue-xe/,,no,no-external,blog/thue-xe/; /,none,yes,MotoAI Editorial,,,0,,,
BA-0759,B16,EV,PLANNED,đăng ký thuê xe điện giá tốt,Xe điện / xe máy điện; đăng ký thuê xe điện giá tốt,informational-product,Đăng ký Thuê xe Điện Giá Tốt,dang-ky-thue-xe-dien-gia-tot,blog/xe-dien/dang-ky-thue-xe-dien-gia-tot/index.html,blog/xe-dien/,,no,no-external,blog/xe-dien/; /,none,yes,MotoAI Editorial,,,0,,,
BA-0760,B16,GUIDE,PLANNED,luật đỗ xe phố cổ cho khách nước ngoài,Hướng dẫn / thủ tục; luật đỗ xe phố cổ cho khách nước ngoài,informational,Luật đỗ xe Phố cổ Cho Khách Nước Ngoài,luat-do-xe-pho-co-cho-khach-nuoc-ngoai,blog/huong-dan/luat-do-xe-pho-co-cho-khach-nuoc-ngoai/index.html,blog/huong-dan/,,no,no-external,blog/huong-dan/; /,none,yes,MotoAI Editorial,,,0,,,
BA-0761,B16,SAFE,PLANNED,trộm xe và phòng ngừa cho người mới,An toàn / pháp lý; trộm xe và phòng ngừa cho người mới,informational-legal,Trộm xe và Phòng Ngừa Cho Người Mới,trom-xe-va-phong-ngua-cho-nguoi-moi,blog/an-toan/trom-xe-va-phong-ngua-cho-nguoi-moi/index.html,blog/an-toan/,,yes,legal-gate,blog/an-toan/; /,none,no,MotoAI Editorial,,,0,,,legal-gate: CLAIM->SUBJECT->CONDITION->RULE->VERSION->PRIMARY SOURCE required
BA-0762,B16,LOCAL,PLANNED,đống đa và xe máy cuối tuần,Địa phương / du lịch; đống đa và xe máy cuối tuần,local-informational,Đống đa và xe Máy Cuối Tuần,dong-da-va-xe-may-cuoi-tuan,blog/dia-phuong/dong-da-va-xe-may-cuoi-tuan/index.html,blog/dia-phuong/,Đống đa,no,no-external,blog/dia-phuong/; /,none,yes,MotoAI Editorial,,,0,,,
BA-0763,B16,APP,PLANNED,thuê xe online như thế nào tại Hà Nội,App & Ứng dụng; thuê xe online như thế nào tại Hà Nội,informational-product,Thuê xe Online Như Thế Nào Tại Hà Nội,thue-xe-online-nhu-the-nao-tai-ha-noi,blog/app/thue-xe-online-nhu-the-nao-tai-ha-noi/index.html,blog/app/,,no,no-external,blog/app/; /,none,yes,MotoAI Editorial,,,0,,,
BA-0764,B16,RENT,PLANNED,thuê xe 50cc cho sinh viên,Thuê xe máy; thuê xe 50cc cho sinh viên,commercial-informational,Thuê xe 50cc Cho Sinh Viên,thue-xe-50cc-cho-sinh-vien,blog/thue-xe/thue-xe-50cc-cho-sinh-vien/index.html,blog/thue-xe/,,no,no-external,blog/thue-xe/; /,none,yes,MotoAI Editorial,,,0,,,
BA-0765,B16,EV,PLANNED,cọc khi thuê xe điện giá tốt,Xe điện / xe máy điện; cọc khi thuê xe điện giá tốt,informational-product,Cọc Khi Thuê xe Điện Giá Tốt,coc-khi-thue-xe-dien-gia-tot,blog/xe-dien/coc-khi-thue-xe-dien-gia-tot/index.html,blog/xe-dien/,,no,no-external,blog/xe-dien/; /,none,yes,MotoAI Editorial,,,0,,,
BA-0766,B16,GUIDE,PLANNED,trộm cắp xe và xe thuê cho khách nước ngoài,Hướng dẫn / thủ tục; trộm cắp xe và xe thuê cho khách nước ngoài,informational,Trộm Cắp xe và xe Thuê Cho Khách Nước Ngoài,trom-cap-xe-va-xe-thue-cho-khach-nuoc-ngoai,blog/huong-dan/trom-cap-xe-va-xe-thue-cho-khach-nuoc-ngoai/index.html,blog/huong-dan/,,no,no-external,blog/huong-dan/; /,none,yes,MotoAI Editorial,,,0,,,
BA-0767,B16,SAFE,PLANNED,camera phạt nguội khi thuê xe cho người mới,An toàn / pháp lý; camera phạt nguội khi thuê xe cho người mới,informational-legal,Camera Phạt Nguội Khi Thuê xe Cho Người Mới,camera-phat-nguoi-khi-thue-xe-cho-nguoi-moi,blog/an-toan/camera-phat-nguoi-khi-thue-xe-cho-nguoi-moi/index.html,blog/an-toan/,,yes,legal-gate,blog/an-toan/; /,none,no,MotoAI Editorial,,,0,,,legal-gate: CLAIM->SUBJECT->CONDITION->RULE->VERSION->PRIMARY SOURCE required
BA-0768,B16,LOCAL,PLANNED,thanh xuân đường đi cuối tuần,Địa phương / du lịch; thanh xuân đường đi cuối tuần,local-informational,Thanh Xuân Đường đi Cuối Tuần,thanh-xuan-duong-di-cuoi-tuan,blog/dia-phuong/thanh-xuan-duong-di-cuoi-tuan/index.html,blog/dia-phuong/,Thanh Xuân,no,no-external,blog/dia-phuong/; /,none,yes,MotoAI Editorial,,,0,,,
BA-0769,B16,APP,PLANNED,web app và app native khác gì nhau tại Hà Nội,App & Ứng dụng; web app và app native khác gì nhau tại Hà Nội,informational-product,Web App và App Native Khác gì Nhau Tại Hà Nội,web-app-va-app-native-khac-gi-nhau-tai-ha-noi,blog/app/web-app-va-app-native-khac-gi-nhau-tai-ha-noi/index.html,blog/app/,,no,no-external,blog/app/; /,none,yes,MotoAI Editorial,,,0,,,
BA-0770,B16,RENT,PLANNED,thuê honda vision cho sinh viên,Thuê xe máy; thuê honda vision cho sinh viên,commercial-informational,Thuê Honda Vision Cho Sinh Viên,thue-honda-vision-cho-sinh-vien,blog/thue-xe/thue-honda-vision-cho-sinh-vien/index.html,blog/thue-xe/,,no,no-external,blog/thue-xe/; /,none,yes,MotoAI Editorial,,,0,,,
BA-0771,B16,EV,PLANNED,so sánh các dòng xe điện cho thuê giá tốt,Xe điện / xe máy điện; so sánh các dòng xe điện cho thuê giá tốt,informational-product,so Sánh Các Dòng xe Điện Cho Thuê Giá Tốt,so-sanh-cac-dong-xe-dien-cho-thue-gia-tot,blog/xe-dien/so-sanh-cac-dong-xe-dien-cho-thue-gia-tot/index.html,blog/xe-dien/,,no,no-external,blog/xe-dien/; /,none,yes,MotoAI Editorial,,,0,,,
BA-0772,B16,GUIDE,PLANNED,khoá xe khi thuê cho khách nước ngoài,Hướng dẫn / thủ tục; khoá xe khi thuê cho khách nước ngoài,informational,Khoá xe Khi Thuê Cho Khách Nước Ngoài,khoa-xe-khi-thue-cho-khach-nuoc-ngoai,blog/huong-dan/khoa-xe-khi-thue-cho-khach-nuoc-ngoai/index.html,blog/huong-dan/,,no,no-external,blog/huong-dan/; /,none,yes,MotoAI Editorial,,,0,,,
BA-0773,B16,SAFE,PLANNED,phạt nguội và xe thuê cho người mới,An toàn / pháp lý; phạt nguội và xe thuê cho người mới,informational-legal,Phạt Nguội và xe Thuê Cho Người Mới,phat-nguoi-va-xe-thue-cho-nguoi-moi,blog/an-toan/phat-nguoi-va-xe-thue-cho-nguoi-moi/index.html,blog/an-toan/,,yes,legal-gate,blog/an-toan/; /,none,no,MotoAI Editorial,,,0,,,legal-gate: CLAIM->SUBJECT->CONDITION->RULE->VERSION->PRIMARY SOURCE required
BA-0774,B16,LOCAL,PLANNED,hai bà trưng hành trình cuối tuần,Địa phương / du lịch; hai bà trưng hành trình cuối tuần,local-informational,Hai bà Trưng Hành Trình Cuối Tuần,hai-ba-trung-hanh-trinh-cuoi-tuan,blog/dia-phuong/hai-ba-trung-hanh-trinh-cuoi-tuan/index.html,blog/dia-phuong/,Hai bà Trưng,no,no-external,blog/dia-phuong/; /,none,yes,MotoAI Editorial,,,0,,,
BA-0775,B16,APP,PLANNED,đặt xe bằng ứng dụng tại Hà Nội,App & Ứng dụng; đặt xe bằng ứng dụng tại Hà Nội,informational-product,Đặt xe Bằng Ứng Dụng Tại Hà Nội,dat-xe-bang-ung-dung-tai-ha-noi,blog/app/dat-xe-bang-ung-dung-tai-ha-noi/index.html,blog/app/,,no,no-external,blog/app/; /,none,yes,MotoAI Editorial,,,0,,,
BA-0776,B16,RENT,PLANNED,thuê honda air blade cho sinh viên,Thuê xe máy; thuê honda air blade cho sinh viên,commercial-informational,Thuê Honda Air Blade Cho Sinh Viên,thue-honda-air-blade-cho-sinh-vien,blog/thue-xe/thue-honda-air-blade-cho-sinh-vien/index.html,blog/thue-xe/,,no,no-external,blog/thue-xe/; /,none,yes,MotoAI Editorial,,,0,,,
BA-0777,B16,EV,PLANNED,thuê xe điện cho khách du lịch giá tốt,Xe điện / xe máy điện; thuê xe điện cho khách du lịch giá tốt,informational-product,Thuê xe Điện Cho Khách du Lịch Giá Tốt,thue-xe-dien-cho-khach-du-lich-gia-tot,blog/xe-dien/thue-xe-dien-cho-khach-du-lich-gia-tot/index.html,blog/xe-dien/,,no,no-external,blog/xe-dien/; /,none,yes,MotoAI Editorial,,,0,,,
BA-0778,B16,GUIDE,PLANNED,sửa xe nhỏ khi đang thuê cho khách nước ngoài,Hướng dẫn / thủ tục; sửa xe nhỏ khi đang thuê cho khách nước ngoài,informational,Sửa xe Nhỏ Khi Đang Thuê Cho Khách Nước Ngoài,sua-xe-nho-khi-dang-thue-cho-khach-nuoc-ngoai,blog/huong-dan/sua-xe-nho-khi-dang-thue-cho-khach-nuoc-ngoai/index.html,blog/huong-dan/,,no,no-external,blog/huong-dan/; /,none,yes,MotoAI Editorial,,,0,,,
BA-0779,B16,SAFE,PLANNED,ai chịu phạt khi đi xe thuê cho người mới,An toàn / pháp lý; ai chịu phạt khi đi xe thuê cho người mới,informational-legal,ai Chịu Phạt Khi đi xe Thuê Cho Người Mới,ai-chiu-phat-khi-di-xe-thue-cho-nguoi-moi,blog/an-toan/ai-chiu-phat-khi-di-xe-thue-cho-nguoi-moi/index.html,blog/an-toan/,,yes,legal-gate,blog/an-toan/; /,none,no,MotoAI Editorial,,,0,,,legal-gate: CLAIM->SUBJECT->CONDITION->RULE->VERSION->PRIMARY SOURCE required
BA-0780,B16,LOCAL,PLANNED,gia lâm và long biên cuối tuần,Địa phương / du lịch; gia lâm và long biên cuối tuần,local-informational,Gia Lâm và Long Biên Cuối Tuần,gia-lam-va-long-bien-cuoi-tuan,blog/dia-phuong/gia-lam-va-long-bien-cuoi-tuan/index.html,blog/dia-phuong/,Long Biên,no,no-external,blog/dia-phuong/; /,none,yes,MotoAI Editorial,,,0,,,
BA-0781,B16,APP,PLANNED,privacy và xử lý cục bộ trong app thuê xe tại Hà Nội,App & Ứng dụng; privacy và xử lý cục bộ trong app thuê xe tại Hà Nội,informational-product,Privacy và xử lý Cục bộ Trong App Thuê xe Tại Hà Nội,privacy-va-xu-ly-cuc-bo-trong-app-thue-xe-tai-ha-noi,blog/app/privacy-va-xu-ly-cuc-bo-trong-app-thue-xe-tai-ha-noi/index.html,blog/app/,,no,no-external,blog/app/; /,none,yes,MotoAI Editorial,,,0,,,
BA-0782,B16,RENT,PLANNED,thuê wave alpha cho sinh viên,Thuê xe máy; thuê wave alpha cho sinh viên,commercial-informational,Thuê Wave Alpha Cho Sinh Viên,thue-wave-alpha-cho-sinh-vien,blog/thue-xe/thue-wave-alpha-cho-sinh-vien/index.html,blog/thue-xe/,,no,no-external,blog/thue-xe/; /,none,yes,MotoAI Editorial,,,0,,,
BA-0783,B16,EV,PLANNED,cách giữ pin bền khi thuê xe điện giá tốt,Xe điện / xe máy điện; cách giữ pin bền khi thuê xe điện giá tốt,informational-product,Cách Giữ Pin Bền Khi Thuê xe Điện Giá Tốt,cach-giu-pin-ben-khi-thue-xe-dien-gia-tot,blog/xe-dien/cach-giu-pin-ben-khi-thue-xe-dien-gia-tot/index.html,blog/xe-dien/,,no,no-external,blog/xe-dien/; /,none,yes,MotoAI Editorial,,,0,,,
BA-0784,B16,GUIDE,PLANNED,gặp cảnh sát giao thông với xe thuê cho khách nước ngoài,Hướng dẫn / thủ tục; gặp cảnh sát giao thông với xe thuê cho khách nước ngoài,informational,Gặp Cảnh Sát Giao Thông Với xe Thuê Cho Khách Nước Ngoài,gap-canh-sat-giao-thong-voi-xe-thue-cho-khach-nuoc-ngoai,blog/huong-dan/gap-canh-sat-giao-thong-voi-xe-thue-cho-khach-nuoc-ngoai/index.html,blog/huong-dan/,,no,no-external,blog/huong-dan/; /,none,yes,MotoAI Editorial,,,0,,,
BA-0785,B16,SAFE,PLANNED,cầm đồ xe máy đúng luật cho người mới,An toàn / pháp lý; cầm đồ xe máy đúng luật cho người mới,informational-legal,Cầm đồ xe Máy Đúng Luật Cho Người Mới,cam-do-xe-may-dung-luat-cho-nguoi-moi,blog/an-toan/cam-do-xe-may-dung-luat-cho-nguoi-moi/index.html,blog/an-toan/,,yes,legal-gate,blog/an-toan/; /,none,no,MotoAI Editorial,,,0,,,legal-gate: CLAIM->SUBJECT->CONDITION->RULE->VERSION->PRIMARY SOURCE required
BA-0786,B16,LOCAL,PLANNED,sông hồng và cầu long biên cuối tuần,Địa phương / du lịch; sông hồng và cầu long biên cuối tuần,local-informational,Sông Hồng và Cầu Long Biên Cuối Tuần,song-hong-va-cau-long-bien-cuoi-tuan,blog/dia-phuong/song-hong-va-cau-long-bien-cuoi-tuan/index.html,blog/dia-phuong/,Long Biên,no,no-external,blog/dia-phuong/; /,none,yes,MotoAI Editorial,,,0,,,
BA-0787,B16,APP,PLANNED,app thuê xe cho khách du lịch tại Hà Nội,App & Ứng dụng; app thuê xe cho khách du lịch tại Hà Nội,informational-product,App Thuê xe Cho Khách du Lịch Tại Hà Nội,app-thue-xe-cho-khach-du-lich-tai-ha-noi,blog/app/app-thue-xe-cho-khach-du-lich-tai-ha-noi/index.html,blog/app/,,no,no-external,blog/app/; /,none,yes,MotoAI Editorial,,,0,,,
BA-0788,B16,RENT,PLANNED,thuê xe hạng nhẹ cho sinh viên,Thuê xe máy; thuê xe hạng nhẹ cho sinh viên,commercial-informational,Thuê xe Hạng Nhẹ Cho Sinh Viên,thue-xe-hang-nhe-cho-sinh-vien,blog/thue-xe/thue-xe-hang-nhe-cho-sinh-vien/index.html,blog/thue-xe/,,no,no-external,blog/thue-xe/; /,none,yes,MotoAI Editorial,,,0,,,
BA-0789,B16,EV,PLANNED,hết pin giữa đường phải làm gì giá tốt,Xe điện / xe máy điện; hết pin giữa đường phải làm gì giá tốt,informational-product,Hết Pin Giữa Đường Phải Làm gì Giá Tốt,het-pin-giua-duong-phai-lam-gi-gia-tot,blog/xe-dien/het-pin-giua-duong-phai-lam-gi-gia-tot/index.html,blog/xe-dien/,,no,no-external,blog/xe-dien/; /,none,yes,MotoAI Editorial,,,0,,,
BA-0790,B16,GUIDE,PLANNED,giấy tờ người nước ngoài thuê xe cho khách nước ngoài,Hướng dẫn / thủ tục; giấy tờ người nước ngoài thuê xe cho khách nước ngoài,informational,Giấy tờ Người Nước Ngoài Thuê xe Cho Khách Nước Ngoài,giay-to-nguoi-nuoc-ngoai-thue-xe-cho-khach-nuoc-ngoai,blog/huong-dan/giay-to-nguoi-nuoc-ngoai-thue-xe-cho-khach-nuoc-ngoai/index.html,blog/huong-dan/,,no,no-external,blog/huong-dan/; /,none,yes,MotoAI Editorial,,,0,,,
BA-0791,B16,SAFE,PLANNED,mua bán xe máy giấy tờ cho người mới,An toàn / pháp lý; mua bán xe máy giấy tờ cho người mới,informational-legal,Mua Bán xe Máy Giấy tờ Cho Người Mới,mua-ban-xe-may-giay-to-cho-nguoi-moi,blog/an-toan/mua-ban-xe-may-giay-to-cho-nguoi-moi/index.html,blog/an-toan/,,yes,legal-gate,blog/an-toan/; /,none,no,MotoAI Editorial,,,0,,,legal-gate: CLAIM->SUBJECT->CONDITION->RULE->VERSION->PRIMARY SOURCE required
BA-0792,B16,LOCAL,PLANNED,chợ long biên đêm cuối tuần,Địa phương / du lịch; chợ long biên đêm cuối tuần,local-informational,Chợ Long Biên Đêm Cuối Tuần,cho-long-bien-dem-cuoi-tuan,blog/dia-phuong/cho-long-bien-dem-cuoi-tuan/index.html,blog/dia-phuong/,Long Biên,no,no-external,blog/dia-phuong/; /,none,yes,MotoAI Editorial,,,0,,,
BA-0793,B16,APP,PLANNED,ứng dụng thuê xe máy hoạt động ra sao tại Hà Nội,App & Ứng dụng; ứng dụng thuê xe máy hoạt động ra sao tại Hà Nội,informational-product,Ứng Dụng Thuê xe Máy Hoạt Động ra Sao Tại Hà Nội,ung-dung-thue-xe-may-hoat-dong-ra-sao-tai-ha-noi,blog/app/ung-dung-thue-xe-may-hoat-dong-ra-sao-tai-ha-noi/index.html,blog/app/,,no,no-external,blog/app/; /,none,yes,MotoAI Editorial,,,0,,,
BA-0794,B16,RENT,PLANNED,so sánh giá các loại xe máy cho thuê cho sinh viên,Thuê xe máy; so sánh giá các loại xe máy cho thuê cho sinh viên,commercial-informational,so Sánh Giá Các Loại xe Máy Cho Thuê Cho Sinh Viên,so-sanh-gia-cac-loai-xe-may-cho-thue-cho-sinh-vien,blog/thue-xe/so-sanh-gia-cac-loai-xe-may-cho-thue-cho-sinh-vien/index.html,blog/thue-xe/,,no,no-external,blog/thue-xe/; /,none,yes,MotoAI Editorial,,,0,,,
BA-0795,B16,EV,PLANNED,trạm đổi pin giá tốt,Xe điện / xe máy điện; trạm đổi pin giá tốt,informational-product,Trạm Đổi Pin Giá Tốt,tram-doi-pin-gia-tot,blog/xe-dien/tram-doi-pin-gia-tot/index.html,blog/xe-dien/,,no,no-external,blog/xe-dien/; /,none,yes,MotoAI Editorial,,,0,,,
BA-0796,B16,GUIDE,PLANNED,dịch công chứng giấy tờ thuê xe cho khách nước ngoài,Hướng dẫn / thủ tục; dịch công chứng giấy tờ thuê xe cho khách nước ngoài,informational,Dịch Công Chứng Giấy tờ Thuê xe Cho Khách Nước Ngoài,dich-cong-chung-giay-to-thue-xe-cho-khach-nuoc-ngoai,blog/huong-dan/dich-cong-chung-giay-to-thue-xe-cho-khach-nuoc-ngoai/index.html,blog/huong-dan/,,no,no-external,blog/huong-dan/; /,none,yes,MotoAI Editorial,,,0,,,
BA-0797,B16,SAFE,PLANNED,kiểm định xe máy cho người mới,An toàn / pháp lý; kiểm định xe máy cho người mới,informational-legal,Kiểm Định xe Máy Cho Người Mới,kiem-dinh-xe-may-cho-nguoi-moi,blog/an-toan/kiem-dinh-xe-may-cho-nguoi-moi/index.html,blog/an-toan/,,yes,legal-gate,blog/an-toan/; /,none,no,MotoAI Editorial,,,0,,,legal-gate: CLAIM->SUBJECT->CONDITION->RULE->VERSION->PRIMARY SOURCE required
BA-0798,B16,LOCAL,PLANNED,phố cổ ẩm thực xe máy cuối tuần,Địa phương / du lịch; phố cổ ẩm thực xe máy cuối tuần,local-informational,Phố cổ ẩm Thực xe Máy Cuối Tuần,pho-co-am-thuc-xe-may-cuoi-tuan,blog/dia-phuong/pho-co-am-thuc-xe-may-cuoi-tuan/index.html,blog/dia-phuong/,Phố cổ,no,no-external,blog/dia-phuong/; /,none,yes,MotoAI Editorial,,,0,,,
BA-0799,B16,APP,PLANNED,trợ lý thuê xe máy là gì tại Hà Nội,App & Ứng dụng; trợ lý thuê xe máy là gì tại Hà Nội,informational-product,Trợ lý Thuê xe Máy là gì Tại Hà Nội,tro-ly-thue-xe-may-la-gi-tai-ha-noi,blog/app/tro-ly-thue-xe-may-la-gi-tai-ha-noi/index.html,blog/app/,,no,no-external,blog/app/; /,none,yes,MotoAI Editorial,,,0,,,
BA-0800,B16,RENT,PLANNED,cọc thuê xe máy bao nhiêu cho sinh viên,Thuê xe máy; cọc thuê xe máy bao nhiêu cho sinh viên,commercial-informational,Cọc Thuê xe Máy Bao Nhiêu Cho Sinh Viên,coc-thue-xe-may-bao-nhieu-cho-sinh-vien,blog/thue-xe/coc-thue-xe-may-bao-nhieu-cho-sinh-vien/index.html,blog/thue-xe/,,no,no-external,blog/thue-xe/; /,none,yes,MotoAI Editorial,,,0,,,
BA-0801,B17,EV,PLANNED,app theo dõi pin xe điện giá tốt,Xe điện / xe máy điện; app theo dõi pin xe điện giá tốt,informational-product,App Theo Dõi Pin xe Điện Giá Tốt,app-theo-doi-pin-xe-dien-gia-tot,blog/xe-dien/app-theo-doi-pin-xe-dien-gia-tot/index.html,blog/xe-dien/,,no,no-external,blog/xe-dien/; /,none,yes,MotoAI Editorial,,,0,,,
BA-0802,B17,GUIDE,PLANNED,thuê xe cho người dưới 18 tuổi cho khách nước ngoài,Hướng dẫn / thủ tục; thuê xe cho người dưới 18 tuổi cho khách nước ngoài,informational,Thuê xe Cho Người Dưới 18 Tuổi Cho Khách Nước Ngoài,thue-xe-cho-nguoi-duoi-18-tuoi-cho-khach-nuoc-ngoai,blog/huong-dan/thue-xe-cho-nguoi-duoi-18-tuoi-cho-khach-nuoc-ngoai/index.html,blog/huong-dan/,,no,no-external,blog/huong-dan/; /,none,yes,MotoAI Editorial,,,0,,,
BA-0803,B17,SAFE,PLANNED,thuế và phí xe máy cá nhân cho người mới,An toàn / pháp lý; thuế và phí xe máy cá nhân cho người mới,informational-legal,Thuế và Phí xe Máy cá Nhân Cho Người Mới,thue-va-phi-xe-may-ca-nhan-cho-nguoi-moi,blog/an-toan/thue-va-phi-xe-may-ca-nhan-cho-nguoi-moi/index.html,blog/an-toan/,,yes,legal-gate,blog/an-toan/; /,none,no,MotoAI Editorial,,,0,,,legal-gate: CLAIM->SUBJECT->CONDITION->RULE->VERSION->PRIMARY SOURCE required
BA-0804,B17,LOCAL,PLANNED,hồ gươm ban đêm cuối tuần,Địa phương / du lịch; hồ gươm ban đêm cuối tuần,local-informational,hồ Gươm Ban Đêm Cuối Tuần,ho-guom-ban-dem-cuoi-tuan,blog/dia-phuong/ho-guom-ban-dem-cuoi-tuan/index.html,blog/dia-phuong/,Hà Nội (khu vực),no,no-external,blog/dia-phuong/; /,none,yes,MotoAI Editorial,,,0,,,
BA-0805,B17,APP,PLANNED,tìm xe máy thuê bằng ứng dụng tại Hà Nội,App & Ứng dụng; tìm xe máy thuê bằng ứng dụng tại Hà Nội,informational-product,Tìm xe Máy Thuê Bằng Ứng Dụng Tại Hà Nội,tim-xe-may-thue-bang-ung-dung-tai-ha-noi,blog/app/tim-xe-may-thue-bang-ung-dung-tai-ha-noi/index.html,blog/app/,,no,no-external,blog/app/; /,none,yes,MotoAI Editorial,,,0,,,
BA-0806,B17,RENT,PLANNED,nhận xe thuê cần gì cho sinh viên,Thuê xe máy; nhận xe thuê cần gì cho sinh viên,commercial-informational,Nhận xe Thuê Cần gì Cho Sinh Viên,nhan-xe-thue-can-gi-cho-sinh-vien,blog/thue-xe/nhan-xe-thue-can-gi-cho-sinh-vien/index.html,blog/thue-xe/,,no,no-external,blog/thue-xe/; /,none,yes,MotoAI Editorial,,,0,,,
BA-0807,B17,EV,PLANNED,ứng dụng tìm chỗ sạc xe giá tốt,Xe điện / xe máy điện; ứng dụng tìm chỗ sạc xe giá tốt,informational-product,Ứng Dụng Tìm Chỗ Sạc xe Giá Tốt,ung-dung-tim-cho-sac-xe-gia-tot,blog/xe-dien/ung-dung-tim-cho-sac-xe-gia-tot/index.html,blog/xe-dien/,,no,no-external,blog/xe-dien/; /,none,yes,MotoAI Editorial,,,0,,,
BA-0808,B17,GUIDE,PLANNED,thuê xe cần người bảo lãnh không cho khách nước ngoài,Hướng dẫn / thủ tục; thuê xe cần người bảo lãnh không cho khách nước ngoài,informational,Thuê xe Cần Người Bảo Lãnh Không Cho Khách Nước Ngoài,thue-xe-can-nguoi-bao-lanh-khong-cho-khach-nuoc-ngoai,blog/huong-dan/thue-xe-can-nguoi-bao-lanh-khong-cho-khach-nuoc-ngoai/index.html,blog/huong-dan/,,no,no-external,blog/huong-dan/; /,none,yes,MotoAI Editorial,,,0,,,
BA-0809,B17,SAFE,PLANNED,tránh app thuê xe lừa đảo cho người mới,An toàn / pháp lý; tránh app thuê xe lừa đảo cho người mới,informational-legal,Tránh App Thuê xe Lừa Đảo Cho Người Mới,tranh-app-thue-xe-lua-dao-cho-nguoi-moi,blog/an-toan/tranh-app-thue-xe-lua-dao-cho-nguoi-moi/index.html,blog/an-toan/,,yes,legal-gate,blog/an-toan/; /,none,no,MotoAI Editorial,,,0,,,legal-gate: CLAIM->SUBJECT->CONDITION->RULE->VERSION->PRIMARY SOURCE required
BA-0810,B17,LOCAL,PLANNED,ven đê sông hồng cuối tuần,Địa phương / du lịch; ven đê sông hồng cuối tuần,local-informational,Ven đê Sông Hồng Cuối Tuần,ven-de-song-hong-cuoi-tuan,blog/dia-phuong/ven-de-song-hong-cuoi-tuan/index.html,blog/dia-phuong/,Hà Nội (khu vực),no,no-external,blog/dia-phuong/; /,none,yes,MotoAI Editorial,,,0,,,
BA-0811,B17,APP,PLANNED,so sánh cách thuê xe truyền thống và qua app tại Hà Nội,App & Ứng dụng; so sánh cách thuê xe truyền thống và qua app tại Hà Nội,informational-product,so Sánh Cách Thuê xe Truyền Thống và Qua App Tại Hà Nội,so-sanh-cach-thue-xe-truyen-thong-va-qua-app-tai-ha-noi,blog/app/so-sanh-cach-thue-xe-truyen-thong-va-qua-app-tai-ha-noi/index.html,blog/app/,,no,no-external,blog/app/; /,none,yes,MotoAI Editorial,,,0,,,
BA-0812,B17,RENT,PLANNED,trả xe thuê đúng giờ cho sinh viên,Thuê xe máy; trả xe thuê đúng giờ cho sinh viên,commercial-informational,Trả xe Thuê Đúng Giờ Cho Sinh Viên,tra-xe-thue-dung-gio-cho-sinh-vien,blog/thue-xe/tra-xe-thue-dung-gio-cho-sinh-vien/index.html,blog/thue-xe/,,no,no-external,blog/thue-xe/; /,none,yes,MotoAI Editorial,,,0,,,
BA-0813,B17,EV,PLANNED,công cụ ước tính quãng đường xe điện giá tốt,Xe điện / xe máy điện; công cụ ước tính quãng đường xe điện giá tốt,informational-product,Công cụ Ước Tính Quãng Đường xe Điện Giá Tốt,cong-cu-uoc-tinh-quang-duong-xe-dien-gia-tot,blog/xe-dien/cong-cu-uoc-tinh-quang-duong-xe-dien-gia-tot/index.html,blog/xe-dien/,,no,no-external,blog/xe-dien/; /,none,yes,MotoAI Editorial,,,0,,,
BA-0814,B17,GUIDE,PLANNED,thời gian nhận xe sớm cho khách nước ngoài,Hướng dẫn / thủ tục; thời gian nhận xe sớm cho khách nước ngoài,informational,Thời Gian Nhận xe Sớm Cho Khách Nước Ngoài,thoi-gian-nhan-xe-som-cho-khach-nuoc-ngoai,blog/huong-dan/thoi-gian-nhan-xe-som-cho-khach-nuoc-ngoai/index.html,blog/huong-dan/,,no,no-external,blog/huong-dan/; /,none,yes,MotoAI Editorial,,,0,,,
BA-0815,B17,SAFE,PLANNED,nhận diện hợp đồng thuê xe hợp pháp cho người mới,An toàn / pháp lý; nhận diện hợp đồng thuê xe hợp pháp cho người mới,informational-legal,Nhận Diện Hợp Đồng Thuê xe Hợp Pháp Cho Người Mới,nhan-dien-hop-dong-thue-xe-hop-phap-cho-nguoi-moi,blog/an-toan/nhan-dien-hop-dong-thue-xe-hop-phap-cho-nguoi-moi/index.html,blog/an-toan/,,yes,legal-gate,blog/an-toan/; /,none,no,MotoAI Editorial,,,0,,,legal-gate: CLAIM->SUBJECT->CONDITION->RULE->VERSION->PRIMARY SOURCE required
BA-0816,B17,LOCAL,PLANNED,cột cờ hoàng thành cuối tuần,Địa phương / du lịch; cột cờ hoàng thành cuối tuần,local-informational,Cột cờ Hoàng Thành Cuối Tuần,cot-co-hoang-thanh-cuoi-tuan,blog/dia-phuong/cot-co-hoang-thanh-cuoi-tuan/index.html,blog/dia-phuong/,Hà Nội (khu vực),no,no-external,blog/dia-phuong/; /,none,yes,MotoAI Editorial,,,0,,,
BA-0817,B17,APP,PLANNED,ứng dụng web thuê xe máy tại Hà Nội,App & Ứng dụng; ứng dụng web thuê xe máy tại Hà Nội,informational-product,Ứng Dụng Web Thuê xe Máy Tại Hà Nội,ung-dung-web-thue-xe-may-tai-ha-noi,blog/app/ung-dung-web-thue-xe-may-tai-ha-noi/index.html,blog/app/,,no,no-external,blog/app/; /,none,yes,MotoAI Editorial,,,0,,,
BA-0818,B17,RENT,PLANNED,phí trễ hạn khi thuê xe cho sinh viên,Thuê xe máy; phí trễ hạn khi thuê xe cho sinh viên,commercial-informational,Phí Trễ Hạn Khi Thuê xe Cho Sinh Viên,phi-tre-han-khi-thue-xe-cho-sinh-vien,blog/thue-xe/phi-tre-han-khi-thue-xe-cho-sinh-vien/index.html,blog/thue-xe/,,no,no-external,blog/thue-xe/; /,none,yes,MotoAI Editorial,,,0,,,
BA-0819,B17,EV,PLANNED,xe điện và mùi môi trường giá tốt,Xe điện / xe máy điện; xe điện và mùi môi trường giá tốt,informational-product,xe Điện và Mùi Môi Trường Giá Tốt,xe-dien-va-mui-moi-truong-gia-tot,blog/xe-dien/xe-dien-va-mui-moi-truong-gia-tot/index.html,blog/xe-dien/,,no,no-external,blog/xe-dien/; /,none,yes,MotoAI Editorial,,,0,,,
BA-0820,B17,GUIDE,PLANNED,nhận xe ban đêm cho khách nước ngoài,Hướng dẫn / thủ tục; nhận xe ban đêm cho khách nước ngoài,informational,Nhận xe Ban Đêm Cho Khách Nước Ngoài,nhan-xe-ban-dem-cho-khach-nuoc-ngoai,blog/huong-dan/nhan-xe-ban-dem-cho-khach-nuoc-ngoai/index.html,blog/huong-dan/,,no,no-external,blog/huong-dan/; /,none,yes,MotoAI Editorial,,,0,,,
BA-0821,B17,SAFE,PLANNED,quyền của người thuê xe cho người mới,An toàn / pháp lý; quyền của người thuê xe cho người mới,informational-legal,Quyền Của Người Thuê xe Cho Người Mới,quyen-cua-nguoi-thue-xe-cho-nguoi-moi,blog/an-toan/quyen-cua-nguoi-thue-xe-cho-nguoi-moi/index.html,blog/an-toan/,,yes,legal-gate,blog/an-toan/; /,none,no,MotoAI Editorial,,,0,,,legal-gate: CLAIM->SUBJECT->CONDITION->RULE->VERSION->PRIMARY SOURCE required
BA-0822,B17,LOCAL,PLANNED,lăng chủ tích qua phố cuối tuần,Địa phương / du lịch; lăng chủ tích qua phố cuối tuần,local-informational,Lăng Chủ Tích Qua Phố Cuối Tuần,lang-chu-tich-qua-pho-cuoi-tuan,blog/dia-phuong/lang-chu-tich-qua-pho-cuoi-tuan/index.html,blog/dia-phuong/,Hà Nội (khu vực),no,no-external,blog/dia-phuong/; /,none,yes,MotoAI Editorial,,,0,,,
BA-0823,B17,APP,PLANNED,công cụ tính giá thuê xe máy online tại Hà Nội,App & Ứng dụng; công cụ tính giá thuê xe máy online tại Hà Nội,informational-product,Công cụ Tính Giá Thuê xe Máy Online Tại Hà Nội,cong-cu-tinh-gia-thue-xe-may-online-tai-ha-noi,blog/app/cong-cu-tinh-gia-thue-xe-may-online-tai-ha-noi/index.html,blog/app/,,no,no-external,blog/app/; /,none,yes,MotoAI Editorial,,,0,,,
BA-0824,B17,RENT,PLANNED,kiểm tra xe trước khi nhận cho sinh viên,Thuê xe máy; kiểm tra xe trước khi nhận cho sinh viên,commercial-informational,Kiểm Tra xe Trước Khi Nhận Cho Sinh Viên,kiem-tra-xe-truoc-khi-nhan-cho-sinh-vien,blog/thue-xe/kiem-tra-xe-truoc-khi-nhan-cho-sinh-vien/index.html,blog/thue-xe/,,no,no-external,blog/thue-xe/; /,none,yes,MotoAI Editorial,,,0,,,
BA-0825,B17,EV,PLANNED,xe điện giảm tiếng ồn phố giá tốt,Xe điện / xe máy điện; xe điện giảm tiếng ồn phố giá tốt,informational-product,xe Điện Giảm Tiếng ồn Phố Giá Tốt,xe-dien-giam-tieng-on-pho-gia-tot,blog/xe-dien/xe-dien-giam-tieng-on-pho-gia-tot/index.html,blog/xe-dien/,,no,no-external,blog/xe-dien/; /,none,yes,MotoAI Editorial,,,0,,,
BA-0826,B17,GUIDE,PLANNED,giao xe tại khách sạn cho khách nước ngoài,Hướng dẫn / thủ tục; giao xe tại khách sạn cho khách nước ngoài,informational,Giao xe Tại Khách Sạn Cho Khách Nước Ngoài,giao-xe-tai-khach-san-cho-khach-nuoc-ngoai,blog/huong-dan/giao-xe-tai-khach-san-cho-khach-nuoc-ngoai/index.html,blog/huong-dan/,,no,no-external,blog/huong-dan/; /,none,yes,MotoAI Editorial,,,0,,,
BA-0827,B17,SAFE,PLANNED,nghĩa vụ của bên cho thuê cho người mới,An toàn / pháp lý; nghĩa vụ của bên cho thuê cho người mới,informational-legal,Nghĩa vụ Của Bên Cho Thuê Cho Người Mới,nghia-vu-cua-ben-cho-thue-cho-nguoi-moi,blog/an-toan/nghia-vu-cua-ben-cho-thue-cho-nguoi-moi/index.html,blog/an-toan/,,yes,legal-gate,blog/an-toan/; /,none,no,MotoAI Editorial,,,0,,,legal-gate: CLAIM->SUBJECT->CONDITION->RULE->VERSION->PRIMARY SOURCE required
BA-0828,B17,LOCAL,PLANNED,bảo tàng hà nội hành trình cuối tuần,Địa phương / du lịch; bảo tàng hà nội hành trình cuối tuần,local-informational,Bảo Tàng hà Nội Hành Trình Cuối Tuần,bao-tang-ha-noi-hanh-trinh-cuoi-tuan,blog/dia-phuong/bao-tang-ha-noi-hanh-trinh-cuoi-tuan/index.html,blog/dia-phuong/,hà Nội,no,no-external,blog/dia-phuong/; /,none,yes,MotoAI Editorial,,,0,,,
BA-0829,B17,APP,PLANNED,hỏi đáp với Agent thuê xe tại Hà Nội,App & Ứng dụng; hỏi đáp với Agent thuê xe tại Hà Nội,informational-product,Hỏi Đáp Với Agent Thuê xe Tại Hà Nội,hoi-dap-voi-agent-thue-xe-tai-ha-noi,blog/app/hoi-dap-voi-agent-thue-xe-tai-ha-noi/index.html,blog/app/,,no,no-external,blog/app/; /,none,yes,MotoAI Editorial,,,0,,,
BA-0830,B17,RENT,PLANNED,điều kiện thuê xe máy ở hà nội cho sinh viên,Thuê xe máy; điều kiện thuê xe máy ở hà nội cho sinh viên,commercial-informational,Điều Kiện Thuê xe Máy ở hà Nội Cho Sinh Viên,dieu-kien-thue-xe-may-o-ha-noi-cho-sinh-vien,blog/thue-xe/dieu-kien-thue-xe-may-o-ha-noi-cho-sinh-vien/index.html,blog/thue-xe/,,no,no-external,blog/thue-xe/; /,none,yes,MotoAI Editorial,,,0,,,
BA-0831,B17,EV,PLANNED,chính sách khuyến khích xe điện giá tốt,Xe điện / xe máy điện; chính sách khuyến khích xe điện giá tốt,informational-product,Chính Sách Khuyến Khích xe Điện Giá Tốt,chinh-sach-khuyen-khich-xe-dien-gia-tot,blog/xe-dien/chinh-sach-khuyen-khich-xe-dien-gia-tot/index.html,blog/xe-dien/,,no,no-external,blog/xe-dien/; /,none,yes,MotoAI Editorial,,,0,,,
BA-0832,B17,GUIDE,PLANNED,giao xe tại sân bay nội bài cho khách nước ngoài,Hướng dẫn / thủ tục; giao xe tại sân bay nội bài cho khách nước ngoài,informational,Giao xe Tại Sân Bay Nội Bài Cho Khách Nước Ngoài,giao-xe-tai-san-bay-noi-bai-cho-khach-nuoc-ngoai,blog/huong-dan/giao-xe-tai-san-bay-noi-bai-cho-khach-nuoc-ngoai/index.html,blog/huong-dan/,,no,no-external,blog/huong-dan/; /,none,yes,MotoAI Editorial,,,0,,,
BA-0833,B17,SAFE,PLANNED,khiển nại dịch vụ thuê xe cho người mới,An toàn / pháp lý; khiển nại dịch vụ thuê xe cho người mới,informational-legal,Khiển Nại Dịch vụ Thuê xe Cho Người Mới,khien-nai-dich-vu-thue-xe-cho-nguoi-moi,blog/an-toan/khien-nai-dich-vu-thue-xe-cho-nguoi-moi/index.html,blog/an-toan/,,yes,legal-gate,blog/an-toan/; /,none,no,MotoAI Editorial,,,0,,,legal-gate: CLAIM->SUBJECT->CONDITION->RULE->VERSION->PRIMARY SOURCE required
BA-0834,B17,LOCAL,PLANNED,phố sách hà nội cuối tuần,Địa phương / du lịch; phố sách hà nội cuối tuần,local-informational,Phố Sách hà Nội Cuối Tuần,pho-sach-ha-noi-cuoi-tuan,blog/dia-phuong/pho-sach-ha-noi-cuoi-tuan/index.html,blog/dia-phuong/,hà Nội,no,no-external,blog/dia-phuong/; /,none,yes,MotoAI Editorial,,,0,,,
BA-0835,B17,APP,PLANNED,cách hỏi giá xe nhanh bằng chatbot tại Hà Nội,App & Ứng dụng; cách hỏi giá xe nhanh bằng chatbot tại Hà Nội,informational-product,Cách Hỏi Giá xe Nhanh Bằng Chatbot Tại Hà Nội,cach-hoi-gia-xe-nhanh-bang-chatbot-tai-ha-noi,blog/app/cach-hoi-gia-xe-nhanh-bang-chatbot-tai-ha-noi/index.html,blog/app/,,no,no-external,blog/app/; /,none,yes,MotoAI Editorial,,,0,,,
BA-0836,B17,RENT,PLANNED,thuê xe không bằng lái được không cho sinh viên,Thuê xe máy; thuê xe không bằng lái được không cho sinh viên,commercial-informational,Thuê xe Không Bằng Lái Được Không Cho Sinh Viên,thue-xe-khong-bang-lai-duoc-khong-cho-sinh-vien,blog/thue-xe/thue-xe-khong-bang-lai-duoc-khong-cho-sinh-vien/index.html,blog/thue-xe/,,no,no-external,blog/thue-xe/; /,none,yes,MotoAI Editorial,,,0,,,
BA-0837,B17,EV,PLANNED,xe điện hết hạn pin giá tốt,Xe điện / xe máy điện; xe điện hết hạn pin giá tốt,informational-product,xe Điện Hết Hạn Pin Giá Tốt,xe-dien-het-han-pin-gia-tot,blog/xe-dien/xe-dien-het-han-pin-gia-tot/index.html,blog/xe-dien/,,no,no-external,blog/xe-dien/; /,none,yes,MotoAI Editorial,,,0,,,
BA-0838,B17,GUIDE,PLANNED,thuê xe và check-in khách sạn cho khách nước ngoài,Hướng dẫn / thủ tục; thuê xe và check-in khách sạn cho khách nước ngoài,informational,Thuê xe và Check-in Khách Sạn Cho Khách Nước Ngoài,thue-xe-va-check-in-khach-san-cho-khach-nuoc-ngoai,blog/huong-dan/thue-xe-va-check-in-khach-san-cho-khach-nuoc-ngoai/index.html,blog/huong-dan/,,no,no-external,blog/huong-dan/; /,none,yes,MotoAI Editorial,,,0,,,
BA-0839,B17,SAFE,PLANNED,bảo vệ dữ liệu cá nhân khi thuê xe cho người mới,An toàn / pháp lý; bảo vệ dữ liệu cá nhân khi thuê xe cho người mới,informational-legal,Bảo vệ dữ Liệu cá Nhân Khi Thuê xe Cho Người Mới,bao-ve-du-lieu-ca-nhan-khi-thue-xe-cho-nguoi-moi,blog/an-toan/bao-ve-du-lieu-ca-nhan-khi-thue-xe-cho-nguoi-moi/index.html,blog/an-toan/,,yes,legal-gate,blog/an-toan/; /,none,no,MotoAI Editorial,,,0,,,legal-gate: CLAIM->SUBJECT->CONDITION->RULE->VERSION->PRIMARY SOURCE required
BA-0840,B17,LOCAL,PLANNED,nhà thờ lớn hà nội cuối tuần,Địa phương / du lịch; nhà thờ lớn hà nội cuối tuần,local-informational,Nhà Thờ Lớn hà Nội Cuối Tuần,nha-tho-lon-ha-noi-cuoi-tuan,blog/dia-phuong/nha-tho-lon-ha-noi-cuoi-tuan/index.html,blog/dia-phuong/,hà Nội,no,no-external,blog/dia-phuong/; /,none,yes,MotoAI Editorial,,,0,,,
BA-0841,B17,APP,PLANNED,gợi ý chọn xe máy phù hợp tại Hà Nội,App & Ứng dụng; gợi ý chọn xe máy phù hợp tại Hà Nội,informational-product,Gợi ý Chọn xe Máy Phù Hợp Tại Hà Nội,goi-y-chon-xe-may-phu-hop-tai-ha-noi,blog/app/goi-y-chon-xe-may-phu-hop-tai-ha-noi/index.html,blog/app/,,no,no-external,blog/app/; /,none,yes,MotoAI Editorial,,,0,,,
BA-0842,B17,RENT,PLANNED,bằng lái a1 và thuê xe máy cho sinh viên,Thuê xe máy; bằng lái a1 và thuê xe máy cho sinh viên,commercial-informational,Bằng Lái a1 và Thuê xe Máy Cho Sinh Viên,bang-lai-a1-va-thue-xe-may-cho-sinh-vien,blog/thue-xe/bang-lai-a1-va-thue-xe-may-cho-sinh-vien/index.html,blog/thue-xe/,,no,no-external,blog/thue-xe/; /,none,yes,MotoAI Editorial,,,0,,,
BA-0843,B17,EV,PLANNED,thuê xe điện ban đêm giá tốt,Xe điện / xe máy điện; thuê xe điện ban đêm giá tốt,informational-product,Thuê xe Điện Ban Đêm Giá Tốt,thue-xe-dien-ban-dem-gia-tot,blog/xe-dien/thue-xe-dien-ban-dem-gia-tot/index.html,blog/xe-dien/,,no,no-external,blog/xe-dien/; /,none,yes,MotoAI Editorial,,,0,,,
BA-0844,B17,GUIDE,PLANNED,lên kế hoạch hành trình với agent cho khách nước ngoài,Hướng dẫn / thủ tục; lên kế hoạch hành trình với agent cho khách nước ngoài,informational,Lên kế Hoạch Hành Trình Với Agent Cho Khách Nước Ngoài,len-ke-hoach-hanh-trinh-voi-agent-cho-khach-nuoc-ngoai,blog/huong-dan/len-ke-hoach-hanh-trinh-voi-agent-cho-khach-nuoc-ngoai/index.html,blog/huong-dan/,,no,no-external,blog/huong-dan/; /,none,yes,MotoAI Editorial,,,0,,,
BA-0845,B17,SAFE,PLANNED,an toàn khi thanh toán cọc cho người mới,An toàn / pháp lý; an toàn khi thanh toán cọc cho người mới,informational-legal,an Toàn Khi Thanh Toán Cọc Cho Người Mới,an-toan-khi-thanh-toan-coc-cho-nguoi-moi,blog/an-toan/an-toan-khi-thanh-toan-coc-cho-nguoi-moi/index.html,blog/an-toan/,,yes,legal-gate,blog/an-toan/; /,none,no,MotoAI Editorial,,,0,,,legal-gate: CLAIM->SUBJECT->CONDITION->RULE->VERSION->PRIMARY SOURCE required
BA-0846,B17,LOCAL,PLANNED,làng gốm bát tràng cuối tuần,Địa phương / du lịch; làng gốm bát tràng cuối tuần,local-informational,Làng Gốm Bát Tràng Cuối Tuần,lang-gom-bat-trang-cuoi-tuan,blog/dia-phuong/lang-gom-bat-trang-cuoi-tuan/index.html,blog/dia-phuong/,Hà Nội (khu vực),no,no-external,blog/dia-phuong/; /,none,yes,MotoAI Editorial,,,0,,,
BA-0847,B17,APP,PLANNED,tính chi phí thuê xe theo ngày tuần tháng tại Hà Nội,App & Ứng dụng; tính chi phí thuê xe theo ngày tuần tháng tại Hà Nội,informational-product,Tính Chi Phí Thuê xe Theo Ngày Tuần Tháng Tại Hà Nội,tinh-chi-phi-thue-xe-theo-ngay-tuan-thang-tai-ha-noi,blog/app/tinh-chi-phi-thue-xe-theo-ngay-tuan-thang-tai-ha-noi/index.html,blog/app/,,no,no-external,blog/app/; /,none,yes,MotoAI Editorial,,,0,,,
BA-0848,B17,RENT,PLANNED,người nước ngoài thuê xe máy việt nam cho sinh viên,Thuê xe máy; người nước ngoài thuê xe máy việt nam cho sinh viên,commercial-informational,Người Nước Ngoài Thuê xe Máy Việt Nam Cho Sinh Viên,nguoi-nuoc-ngoai-thue-xe-may-viet-nam-cho-sinh-vien,blog/thue-xe/nguoi-nuoc-ngoai-thue-xe-may-viet-nam-cho-sinh-vien/index.html,blog/thue-xe/,,no,no-external,blog/thue-xe/; /,none,yes,MotoAI Editorial,,,0,,,
BA-0849,B17,EV,PLANNED,xe điện và thời tiết lạnh giá tốt,Xe điện / xe máy điện; xe điện và thời tiết lạnh giá tốt,informational-product,xe Điện và Thời Tiết Lạnh Giá Tốt,xe-dien-va-thoi-tiet-lanh-gia-tot,blog/xe-dien/xe-dien-va-thoi-tiet-lanh-gia-tot/index.html,blog/xe-dien/,,no,no-external,blog/xe-dien/; /,none,yes,MotoAI Editorial,,,0,,,
BA-0850,B17,GUIDE,PLANNED,tính lộ trình thuê xe theo ngày cho khách nước ngoài,Hướng dẫn / thủ tục; tính lộ trình thuê xe theo ngày cho khách nước ngoài,informational,Tính lộ Trình Thuê xe Theo Ngày Cho Khách Nước Ngoài,tinh-lo-trinh-thue-xe-theo-ngay-cho-khach-nuoc-ngoai,blog/huong-dan/tinh-lo-trinh-thue-xe-theo-ngay-cho-khach-nuoc-ngoai/index.html,blog/huong-dan/,,no,no-external,blog/huong-dan/; /,none,yes,MotoAI Editorial,,,0,,,
BA-0851,B18,SAFE,PLANNED,luật giao thông đường bộ cơ bản tóm tắt,An toàn / pháp lý; luật giao thông đường bộ cơ bản tóm tắt,informational-legal,Luật Giao Thông Đường bộ cơ Bản Tóm Tắt,luat-giao-thong-duong-bo-co-ban-tom-tat,blog/an-toan/luat-giao-thong-duong-bo-co-ban-tom-tat/index.html,blog/an-toan/,,yes,legal-gate,blog/an-toan/; /,none,no,MotoAI Editorial,,,0,,,legal-gate: CLAIM->SUBJECT->CONDITION->RULE->VERSION->PRIMARY SOURCE required
BA-0852,B18,LOCAL,PLANNED,bát tràng gốm xe máy cuối tuần,Địa phương / du lịch; bát tràng gốm xe máy cuối tuần,local-informational,Bát Tràng Gốm xe Máy Cuối Tuần,bat-trang-gom-xe-may-cuoi-tuan,blog/dia-phuong/bat-trang-gom-xe-may-cuoi-tuan/index.html,blog/dia-phuong/,Hà Nội (khu vực),no,no-external,blog/dia-phuong/; /,none,yes,MotoAI Editorial,,,0,,,
BA-0853,B18,APP,PLANNED,ứng dụng tìm xe máy giá tốt tại Hà Nội,App & Ứng dụng; ứng dụng tìm xe máy giá tốt tại Hà Nội,informational-product,Ứng Dụng Tìm xe Máy Giá Tốt Tại Hà Nội,ung-dung-tim-xe-may-gia-tot-tai-ha-noi,blog/app/ung-dung-tim-xe-may-gia-tot-tai-ha-noi/index.html,blog/app/,,no,no-external,blog/app/; /,none,yes,MotoAI Editorial,,,0,,,
BA-0854,B18,RENT,PLANNED,khách du lịch thuê xe máy cho sinh viên,Thuê xe máy; khách du lịch thuê xe máy cho sinh viên,commercial-informational,Khách du Lịch Thuê xe Máy Cho Sinh Viên,khach-du-lich-thue-xe-may-cho-sinh-vien,blog/thue-xe/khach-du-lich-thue-xe-may-cho-sinh-vien/index.html,blog/thue-xe/,,no,no-external,blog/thue-xe/; /,none,yes,MotoAI Editorial,,,0,,,
BA-0855,B18,EV,PLANNED,xe điện và đường dốc giá tốt,Xe điện / xe máy điện; xe điện và đường dốc giá tốt,informational-product,xe Điện và Đường Dốc Giá Tốt,xe-dien-va-duong-doc-gia-tot,blog/xe-dien/xe-dien-va-duong-doc-gia-tot/index.html,blog/xe-dien/,,no,no-external,blog/xe-dien/; /,none,yes,MotoAI Editorial,,,0,,,
BA-0856,B18,GUIDE,PLANNED,đi chợ bằng xe thuê cho khách nước ngoài,Hướng dẫn / thủ tục; đi chợ bằng xe thuê cho khách nước ngoài,informational,đi Chợ Bằng xe Thuê Cho Khách Nước Ngoài,di-cho-bang-xe-thue-cho-khach-nuoc-ngoai,blog/huong-dan/di-cho-bang-xe-thue-cho-khach-nuoc-ngoai/index.html,blog/huong-dan/,,no,no-external,blog/huong-dan/; /,none,yes,MotoAI Editorial,,,0,,,
BA-0857,B18,SAFE,PLANNED,nồng độ cồn khi lái xe tóm tắt,An toàn / pháp lý; nồng độ cồn khi lái xe tóm tắt,informational-legal,Nồng độ Cồn Khi Lái xe Tóm Tắt,nong-do-con-khi-lai-xe-tom-tat,blog/an-toan/nong-do-con-khi-lai-xe-tom-tat/index.html,blog/an-toan/,,yes,legal-gate,blog/an-toan/; /,none,no,MotoAI Editorial,,,0,,,legal-gate: CLAIM->SUBJECT->CONDITION->RULE->VERSION->PRIMARY SOURCE required
BA-0858,B18,LOCAL,PLANNED,đường đồng by bike cuối tuần,Địa phương / du lịch; đường đồng by bike cuối tuần,local-informational,Đường Đồng by Bike Cuối Tuần,duong-dong-by-bike-cuoi-tuan,blog/dia-phuong/duong-dong-by-bike-cuoi-tuan/index.html,blog/dia-phuong/,Hà Nội (khu vực),no,no-external,blog/dia-phuong/; /,none,yes,MotoAI Editorial,,,0,,,
BA-0859,B18,APP,PLANNED,app hỗ trợ thủ tục thuê xe tại Hà Nội,App & Ứng dụng; app hỗ trợ thủ tục thuê xe tại Hà Nội,informational-product,App hỗ Trợ Thủ Tục Thuê xe Tại Hà Nội,app-ho-tro-thu-tuc-thue-xe-tai-ha-noi,blog/app/app-ho-tro-thu-tuc-thue-xe-tai-ha-noi/index.html,blog/app/,,no,no-external,blog/app/; /,none,yes,MotoAI Editorial,,,0,,,
BA-0860,B18,RENT,PLANNED,thuê xe cho người cao tuổi cho sinh viên,Thuê xe máy; thuê xe cho người cao tuổi cho sinh viên,commercial-informational,Thuê xe Cho Người Cao Tuổi Cho Sinh Viên,thue-xe-cho-nguoi-cao-tuoi-cho-sinh-vien,blog/thue-xe/thue-xe-cho-nguoi-cao-tuoi-cho-sinh-vien/index.html,blog/thue-xe/,,no,no-external,blog/thue-xe/; /,none,yes,MotoAI Editorial,,,0,,,
BA-0861,B18,EV,PLANNED,lốp xe điện giá tốt,Xe điện / xe máy điện; lốp xe điện giá tốt,informational-product,Lốp xe Điện Giá Tốt,lop-xe-dien-gia-tot,blog/xe-dien/lop-xe-dien-gia-tot/index.html,blog/xe-dien/,,no,no-external,blog/xe-dien/; /,none,yes,MotoAI Editorial,,,0,,,
BA-0862,B18,GUIDE,PLANNED,mua sắm và chở đồ cho khách nước ngoài,Hướng dẫn / thủ tục; mua sắm và chở đồ cho khách nước ngoài,informational,Mua Sắm và Chở đồ Cho Khách Nước Ngoài,mua-sam-va-cho-do-cho-khach-nuoc-ngoai,blog/huong-dan/mua-sam-va-cho-do-cho-khach-nuoc-ngoai/index.html,blog/huong-dan/,,no,no-external,blog/huong-dan/; /,none,yes,MotoAI Editorial,,,0,,,
BA-0863,B18,SAFE,PLANNED,mũ bảo hiểm chuẩn tóm tắt,An toàn / pháp lý; mũ bảo hiểm chuẩn tóm tắt,informational-legal,mũ Bảo Hiểm Chuẩn Tóm Tắt,mu-bao-hiem-chuan-tom-tat,blog/an-toan/mu-bao-hiem-chuan-tom-tat/index.html,blog/an-toan/,,yes,legal-gate,blog/an-toan/; /,none,no,MotoAI Editorial,,,0,,,legal-gate: CLAIM->SUBJECT->CONDITION->RULE->VERSION->PRIMARY SOURCE required
BA-0864,B18,LOCAL,PLANNED,văn giang ev and bikes cuối tuần,Địa phương / du lịch; văn giang ev and bikes cuối tuần,local-informational,Văn Giang ev And Bikes Cuối Tuần,van-giang-ev-and-bikes-cuoi-tuan,blog/dia-phuong/van-giang-ev-and-bikes-cuoi-tuan/index.html,blog/dia-phuong/,Hà Nội (khu vực),no,no-external,blog/dia-phuong/; /,none,yes,MotoAI Editorial,,,0,,,
BA-0865,B18,APP,PLANNED,công cụ chọn xe theo kinh nghiệm lái tại Hà Nội,App & Ứng dụng; công cụ chọn xe theo kinh nghiệm lái tại Hà Nội,informational-product,Công cụ Chọn xe Theo Kinh Nghiệm Lái Tại Hà Nội,cong-cu-chon-xe-theo-kinh-nghiem-lai-tai-ha-noi,blog/app/cong-cu-chon-xe-theo-kinh-nghiem-lai-tai-ha-noi/index.html,blog/app/,,no,no-external,blog/app/; /,none,yes,MotoAI Editorial,,,0,,,
BA-0866,B18,RENT,PLANNED,thuê xe hai người cho sinh viên,Thuê xe máy; thuê xe hai người cho sinh viên,commercial-informational,Thuê xe Hai Người Cho Sinh Viên,thue-xe-hai-nguoi-cho-sinh-vien,blog/thue-xe/thue-xe-hai-nguoi-cho-sinh-vien/index.html,blog/thue-xe/,,no,no-external,blog/thue-xe/; /,none,yes,MotoAI Editorial,,,0,,,
BA-0867,B18,EV,PLANNED,phanh xe máy điện giá tốt,Xe điện / xe máy điện; phanh xe máy điện giá tốt,informational-product,Phanh xe Máy Điện Giá Tốt,phanh-xe-may-dien-gia-tot,blog/xe-dien/phanh-xe-may-dien-gia-tot/index.html,blog/xe-dien/,,no,no-external,blog/xe-dien/; /,none,yes,MotoAI Editorial,,,0,,,
BA-0868,B18,GUIDE,PLANNED,ăn uống và lái xe an toàn cho khách nước ngoài,Hướng dẫn / thủ tục; ăn uống và lái xe an toàn cho khách nước ngoài,informational,ăn Uống và Lái xe an Toàn Cho Khách Nước Ngoài,an-uong-va-lai-xe-an-toan-cho-khach-nuoc-ngoai,blog/huong-dan/an-uong-va-lai-xe-an-toan-cho-khach-nuoc-ngoai/index.html,blog/huong-dan/,,no,no-external,blog/huong-dan/; /,none,yes,MotoAI Editorial,,,0,,,
BA-0869,B18,SAFE,PLANNED,tốc độ cho phép trong phố tóm tắt,An toàn / pháp lý; tốc độ cho phép trong phố tóm tắt,informational-legal,Tốc độ Cho Phép Trong Phố Tóm Tắt,toc-do-cho-phep-trong-pho-tom-tat,blog/an-toan/toc-do-cho-phep-trong-pho-tom-tat/index.html,blog/an-toan/,,yes,legal-gate,blog/an-toan/; /,none,no,MotoAI Editorial,,,0,,,legal-gate: CLAIM->SUBJECT->CONDITION->RULE->VERSION->PRIMARY SOURCE required
BA-0870,B18,LOCAL,PLANNED,chùa và Hà Nội cuối tuần,Địa phương / du lịch; chùa và Hà Nội cuối tuần,local-informational,Chùa và Hà Nội Cuối Tuần,chua-va-ha-noi-cuoi-tuan,blog/dia-phuong/chua-va-ha-noi-cuoi-tuan/index.html,blog/dia-phuong/,Hà Nội (khu vực),no,no-external,blog/dia-phuong/; /,none,yes,MotoAI Editorial,,,0,,,
BA-0871,B18,APP,PLANNED,chatbot thuê xe máy có đáng tin không tại Hà Nội,App & Ứng dụng; chatbot thuê xe máy có đáng tin không tại Hà Nội,informational-product,Chatbot Thuê xe Máy có Đáng Tin Không Tại Hà Nội,chatbot-thue-xe-may-co-dang-tin-khong-tai-ha-noi,blog/app/chatbot-thue-xe-may-co-dang-tin-khong-tai-ha-noi/index.html,blog/app/,,no,no-external,blog/app/; /,none,yes,MotoAI Editorial,,,0,,,
BA-0872,B18,RENT,PLANNED,chở người thân trên xe thuê cho sinh viên,Thuê xe máy; chở người thân trên xe thuê cho sinh viên,commercial-informational,Chở Người Thân Trên xe Thuê Cho Sinh Viên,cho-nguoi-than-tren-xe-thue-cho-sinh-vien,blog/thue-xe/cho-nguoi-than-tren-xe-thue-cho-sinh-vien/index.html,blog/thue-xe/,,no,no-external,blog/thue-xe/; /,none,yes,MotoAI Editorial,,,0,,,
BA-0873,B18,EV,PLANNED,hộp số xe điện giá tốt,Xe điện / xe máy điện; hộp số xe điện giá tốt,informational-product,Hộp số xe Điện Giá Tốt,hop-so-xe-dien-gia-tot,blog/xe-dien/hop-so-xe-dien-gia-tot/index.html,blog/xe-dien/,,no,no-external,blog/xe-dien/; /,none,yes,MotoAI Editorial,,,0,,,
BA-0874,B18,GUIDE,PLANNED,trời mưa thuê xe máy cho khách nước ngoài,Hướng dẫn / thủ tục; trời mưa thuê xe máy cho khách nước ngoài,informational,Trời Mưa Thuê xe Máy Cho Khách Nước Ngoài,troi-mua-thue-xe-may-cho-khach-nuoc-ngoai,blog/huong-dan/troi-mua-thue-xe-may-cho-khach-nuoc-ngoai/index.html,blog/huong-dan/,,no,no-external,blog/huong-dan/; /,none,yes,MotoAI Editorial,,,0,,,
BA-0875,B18,SAFE,PLANNED,đi xe không giấy phép tóm tắt,An toàn / pháp lý; đi xe không giấy phép tóm tắt,informational-legal,đi xe Không Giấy Phép Tóm Tắt,di-xe-khong-giay-phep-tom-tat,blog/an-toan/di-xe-khong-giay-phep-tom-tat/index.html,blog/an-toan/,,yes,legal-gate,blog/an-toan/; /,none,no,MotoAI Editorial,,,0,,,legal-gate: CLAIM->SUBJECT->CONDITION->RULE->VERSION->PRIMARY SOURCE required
BA-0876,B18,LOCAL,PLANNED,đền nguyễn cần bằng xe cuối tuần,Địa phương / du lịch; đền nguyễn cần bằng xe cuối tuần,local-informational,Đền Nguyễn Cần Bằng xe Cuối Tuần,den-nguyen-can-bang-xe-cuoi-tuan,blog/dia-phuong/den-nguyen-can-bang-xe-cuoi-tuan/index.html,blog/dia-phuong/,Hà Nội (khu vực),no,no-external,blog/dia-phuong/; /,none,yes,MotoAI Editorial,,,0,,,
BA-0877,B18,APP,PLANNED,xử lý dữ liệu cá nhân khi thuê xe online tại Hà Nội,App & Ứng dụng; xử lý dữ liệu cá nhân khi thuê xe online tại Hà Nội,informational-product,xử lý dữ Liệu cá Nhân Khi Thuê xe Online Tại Hà Nội,xu-ly-du-lieu-ca-nhan-khi-thue-xe-online-tai-ha-noi,blog/app/xu-ly-du-lieu-ca-nhan-khi-thue-xe-online-tai-ha-noi/index.html,blog/app/,,no,no-external,blog/app/; /,none,yes,MotoAI Editorial,,,0,,,
BA-0878,B18,RENT,PLANNED,đi phố cổ bằng xe máy thuê cho sinh viên,Thuê xe máy; đi phố cổ bằng xe máy thuê cho sinh viên,commercial-informational,đi Phố cổ Bằng xe Máy Thuê Cho Sinh Viên,di-pho-co-bang-xe-may-thue-cho-sinh-vien,blog/thue-xe/di-pho-co-bang-xe-may-thue-cho-sinh-vien/index.html,blog/thue-xe/,,no,no-external,blog/thue-xe/; /,none,yes,MotoAI Editorial,,,0,,,
BA-0879,B18,EV,PLANNED,chìa khóa xe điện thông minh giá tốt,Xe điện / xe máy điện; chìa khóa xe điện thông minh giá tốt,informational-product,Chìa Khóa xe Điện Thông Minh Giá Tốt,chia-khoa-xe-dien-thong-minh-gia-tot,blog/xe-dien/chia-khoa-xe-dien-thong-minh-gia-tot/index.html,blog/xe-dien/,,no,no-external,blog/xe-dien/; /,none,yes,MotoAI Editorial,,,0,,,
BA-0880,B18,GUIDE,PLANNED,mùa đông thuê xe hà nội cho khách nước ngoài,Hướng dẫn / thủ tục; mùa đông thuê xe hà nội cho khách nước ngoài,informational,Mùa Đông Thuê xe hà Nội Cho Khách Nước Ngoài,mua-dong-thue-xe-ha-noi-cho-khach-nuoc-ngoai,blog/huong-dan/mua-dong-thue-xe-ha-noi-cho-khach-nuoc-ngoai/index.html,blog/huong-dan/,,no,no-external,blog/huong-dan/; /,none,yes,MotoAI Editorial,,,0,,,
BA-0881,B18,SAFE,PLANNED,bằng lái a1 a2 khác gì tóm tắt,An toàn / pháp lý; bằng lái a1 a2 khác gì tóm tắt,informational-legal,Bằng Lái a1 a2 Khác gì Tóm Tắt,bang-lai-a1-a2-khac-gi-tom-tat,blog/an-toan/bang-lai-a1-a2-khac-gi-tom-tat/index.html,blog/an-toan/,,yes,legal-gate,blog/an-toan/; /,none,no,MotoAI Editorial,,,0,,,legal-gate: CLAIM->SUBJECT->CONDITION->RULE->VERSION->PRIMARY SOURCE required
BA-0882,B18,LOCAL,PLANNED,quảng đi long biên view cuối tuần,Địa phương / du lịch; quảng đi long biên view cuối tuần,local-informational,Quảng đi Long Biên View Cuối Tuần,quang-di-long-bien-view-cuoi-tuan,blog/dia-phuong/quang-di-long-bien-view-cuoi-tuan/index.html,blog/dia-phuong/,Long Biên,no,no-external,blog/dia-phuong/; /,none,yes,MotoAI Editorial,,,0,,,
BA-0883,B18,APP,PLANNED,kịch bản dùng app thuê xe cho người mới tại Hà Nội,App & Ứng dụng; kịch bản dùng app thuê xe cho người mới tại Hà Nội,informational-product,Kịch Bản Dùng App Thuê xe Cho Người Mới Tại Hà Nội,kich-ban-dung-app-thue-xe-cho-nguoi-moi-tai-ha-noi,blog/app/kich-ban-dung-app-thue-xe-cho-nguoi-moi-tai-ha-noi/index.html,blog/app/,,no,no-external,blog/app/; /,none,yes,MotoAI Editorial,,,0,,,
BA-0884,B18,RENT,PLANNED,thuê xe dài ngày giá tốt cho sinh viên,Thuê xe máy; thuê xe dài ngày giá tốt cho sinh viên,commercial-informational,Thuê xe Dài Ngày Giá Tốt Cho Sinh Viên,thue-xe-dai-ngay-gia-tot-cho-sinh-vien,blog/thue-xe/thue-xe-dai-ngay-gia-tot-cho-sinh-vien/index.html,blog/thue-xe/,,no,no-external,blog/thue-xe/; /,none,yes,MotoAI Editorial,,,0,,,
BA-0885,B18,EV,PLANNED,app mở khóa xe điện giá tốt,Xe điện / xe máy điện; app mở khóa xe điện giá tốt,informational-product,App mở Khóa xe Điện Giá Tốt,app-mo-khoa-xe-dien-gia-tot,blog/xe-dien/app-mo-khoa-xe-dien-gia-tot/index.html,blog/xe-dien/,,no,no-external,blog/xe-dien/; /,none,yes,MotoAI Editorial,,,0,,,
BA-0886,B18,GUIDE,PLANNED,nắng nóng và lái xe cho khách nước ngoài,Hướng dẫn / thủ tục; nắng nóng và lái xe cho khách nước ngoài,informational,Nắng Nóng và Lái xe Cho Khách Nước Ngoài,nang-nong-va-lai-xe-cho-khach-nuoc-ngoai,blog/huong-dan/nang-nong-va-lai-xe-cho-khach-nuoc-ngoai/index.html,blog/huong-dan/,,no,no-external,blog/huong-dan/; /,none,yes,MotoAI Editorial,,,0,,,
BA-0887,B18,SAFE,PLANNED,người nước ngoài lái xe ở việt nam tóm tắt,An toàn / pháp lý; người nước ngoài lái xe ở việt nam tóm tắt,informational-legal,Người Nước Ngoài Lái xe ở Việt Nam Tóm Tắt,nguoi-nuoc-ngoai-lai-xe-o-viet-nam-tom-tat,blog/an-toan/nguoi-nuoc-ngoai-lai-xe-o-viet-nam-tom-tat/index.html,blog/an-toan/,,yes,legal-gate,blog/an-toan/; /,none,no,MotoAI Editorial,,,0,,,legal-gate: CLAIM->SUBJECT->CONDITION->RULE->VERSION->PRIMARY SOURCE required
BA-0888,B18,LOCAL,PLANNED,hoàng hôn hồ tây cuối tuần,Địa phương / du lịch; hoàng hôn hồ tây cuối tuần,local-informational,Hoàng Hôn hồ Tây Cuối Tuần,hoang-hon-ho-tay-cuoi-tuan,blog/dia-phuong/hoang-hon-ho-tay-cuoi-tuan/index.html,blog/dia-phuong/,hồ Tây,no,no-external,blog/dia-phuong/; /,none,yes,MotoAI Editorial,,,0,,,
BA-0889,B18,APP,PLANNED,so sánh ứng dụng thuê xe máy điện và xe xăng tại Hà Nội,App & Ứng dụng; so sánh ứng dụng thuê xe máy điện và xe xăng tại Hà Nội,informational-product,so Sánh Ứng Dụng Thuê xe Máy Điện và xe Xăng Tại Hà Nội,so-sanh-ung-dung-thue-xe-may-dien-va-xe-xang-tai-ha-noi,blog/app/so-sanh-ung-dung-thue-xe-may-dien-va-xe-xang-tai-ha-noi/index.html,blog/app/,,no,no-external,blog/app/; /,none,yes,MotoAI Editorial,,,0,,,
BA-0890,B18,RENT,PLANNED,ưu đãi thuê xe dài hạn cho sinh viên,Thuê xe máy; ưu đãi thuê xe dài hạn cho sinh viên,commercial-informational,ưu Đãi Thuê xe Dài Hạn Cho Sinh Viên,uu-dai-thue-xe-dai-han-cho-sinh-vien,blog/thue-xe/uu-dai-thue-xe-dai-han-cho-sinh-vien/index.html,blog/thue-xe/,,no,no-external,blog/thue-xe/; /,none,yes,MotoAI Editorial,,,0,,,
BA-0891,B18,EV,PLANNED,cửa hàng cho thuê xe điện giá tốt,Xe điện / xe máy điện; cửa hàng cho thuê xe điện giá tốt,informational-product,Cửa Hàng Cho Thuê xe Điện Giá Tốt,cua-hang-cho-thue-xe-dien-gia-tot,blog/xe-dien/cua-hang-cho-thue-xe-dien-gia-tot/index.html,blog/xe-dien/,,no,no-external,blog/xe-dien/; /,none,yes,MotoAI Editorial,,,0,,,
BA-0892,B18,GUIDE,PLANNED,đi đường trường bằng xe thuê cho khách nước ngoài,Hướng dẫn / thủ tục; đi đường trường bằng xe thuê cho khách nước ngoài,informational,đi Đường Trường Bằng xe Thuê Cho Khách Nước Ngoài,di-duong-truong-bang-xe-thue-cho-khach-nuoc-ngoai,blog/huong-dan/di-duong-truong-bang-xe-thue-cho-khach-nuoc-ngoai/index.html,blog/huong-dan/,,no,no-external,blog/huong-dan/; /,none,yes,MotoAI Editorial,,,0,,,
BA-0893,B18,SAFE,PLANNED,idp và bằng lái quốc tế tóm tắt,An toàn / pháp lý; idp và bằng lái quốc tế tóm tắt,informational-legal,Idp và Bằng Lái Quốc tế Tóm Tắt,idp-va-bang-lai-quoc-te-tom-tat,blog/an-toan/idp-va-bang-lai-quoc-te-tom-tat/index.html,blog/an-toan/,,yes,legal-gate,blog/an-toan/; /,none,no,MotoAI Editorial,,,0,,,legal-gate: CLAIM->SUBJECT->CONDITION->RULE->VERSION->PRIMARY SOURCE required
BA-0894,B18,LOCAL,PLANNED,chạy buổi sáng hồ gươm cuối tuần,Địa phương / du lịch; chạy buổi sáng hồ gươm cuối tuần,local-informational,Chạy Buổi Sáng hồ Gươm Cuối Tuần,chay-buoi-sang-ho-guom-cuoi-tuan,blog/dia-phuong/chay-buoi-sang-ho-guom-cuoi-tuan/index.html,blog/dia-phuong/,Hà Nội (khu vực),no,no-external,blog/dia-phuong/; /,none,yes,MotoAI Editorial,,,0,,,
BA-0895,B18,APP,PLANNED,ứng dụng thuê xe không cần tải tại Hà Nội,App & Ứng dụng; ứng dụng thuê xe không cần tải tại Hà Nội,informational-product,Ứng Dụng Thuê xe Không Cần Tải Tại Hà Nội,ung-dung-thue-xe-khong-can-tai-tai-ha-noi,blog/app/ung-dung-thue-xe-khong-can-tai-tai-ha-noi/index.html,blog/app/,,no,no-external,blog/app/; /,none,yes,MotoAI Editorial,,,0,,,
BA-0896,B18,RENT,PLANNED,mùa cao điểm thuê xe máy cho sinh viên,Thuê xe máy; mùa cao điểm thuê xe máy cho sinh viên,commercial-informational,Mùa Cao Điểm Thuê xe Máy Cho Sinh Viên,mua-cao-diem-thue-xe-may-cho-sinh-vien,blog/thue-xe/mua-cao-diem-thue-xe-may-cho-sinh-vien/index.html,blog/thue-xe/,,no,no-external,blog/thue-xe/; /,none,yes,MotoAI Editorial,,,0,,,
BA-0897,B18,EV,PLANNED,dịch vụ sửa xe điện giá tốt,Xe điện / xe máy điện; dịch vụ sửa xe điện giá tốt,informational-product,Dịch vụ Sửa xe Điện Giá Tốt,dich-vu-sua-xe-dien-gia-tot,blog/xe-dien/dich-vu-sua-xe-dien-gia-tot/index.html,blog/xe-dien/,,no,no-external,blog/xe-dien/; /,none,yes,MotoAI Editorial,,,0,,,
BA-0898,B18,GUIDE,PLANNED,đèo dốc và xe máy thuê cho khách nước ngoài,Hướng dẫn / thủ tục; đèo dốc và xe máy thuê cho khách nước ngoài,informational,Đèo Dốc và xe Máy Thuê Cho Khách Nước Ngoài,deo-doc-va-xe-may-thue-cho-khach-nuoc-ngoai,blog/huong-dan/deo-doc-va-xe-may-thue-cho-khach-nuoc-ngoai/index.html,blog/huong-dan/,,no,no-external,blog/huong-dan/; /,none,yes,MotoAI Editorial,,,0,,,
BA-0899,B18,SAFE,PLANNED,bảo hiểm khi thuê xe máy tóm tắt,An toàn / pháp lý; bảo hiểm khi thuê xe máy tóm tắt,informational-legal,Bảo Hiểm Khi Thuê xe Máy Tóm Tắt,bao-hiem-khi-thue-xe-may-tom-tat,blog/an-toan/bao-hiem-khi-thue-xe-may-tom-tat/index.html,blog/an-toan/,,yes,legal-gate,blog/an-toan/; /,none,no,MotoAI Editorial,,,0,,,legal-gate: CLAIM->SUBJECT->CONDITION->RULE->VERSION->PRIMARY SOURCE required
BA-0900,B18,LOCAL,PLANNED,cà phê phố cổ cuối tuần,Địa phương / du lịch; cà phê phố cổ cuối tuần,local-informational,cà Phê Phố cổ Cuối Tuần,ca-phe-pho-co-cuoi-tuan,blog/dia-phuong/ca-phe-pho-co-cuoi-tuan/index.html,blog/dia-phuong/,Phố cổ,no,no-external,blog/dia-phuong/; /,none,yes,MotoAI Editorial,,,0,,,
BA-0901,B19,APP,PLANNED,rental assistant là gì tại Hà Nội,App & Ứng dụng; rental assistant là gì tại Hà Nội,informational-product,Rental Assistant là gì Tại Hà Nội,rental-assistant-la-gi-tai-ha-noi,blog/app/rental-assistant-la-gi-tai-ha-noi/index.html,blog/app/,,no,no-external,blog/app/; /,none,yes,MotoAI Editorial,,,0,,,
BA-0902,B19,RENT,PLANNED,đặt xe trước hay đến trực tiếp cho sinh viên,Thuê xe máy; đặt xe trước hay đến trực tiếp cho sinh viên,commercial-informational,Đặt xe Trước Hay Đến Trực Tiếp Cho Sinh Viên,dat-xe-truoc-hay-den-truc-tiep-cho-sinh-vien,blog/thue-xe/dat-xe-truoc-hay-den-truc-tiep-cho-sinh-vien/index.html,blog/thue-xe/,,no,no-external,blog/thue-xe/; /,none,yes,MotoAI Editorial,,,0,,,
BA-0903,B19,EV,PLANNED,kiểm tra xe điện trước khi thuê giá tốt,Xe điện / xe máy điện; kiểm tra xe điện trước khi thuê giá tốt,informational-product,Kiểm Tra xe Điện Trước Khi Thuê Giá Tốt,kiem-tra-xe-dien-truoc-khi-thue-gia-tot,blog/xe-dien/kiem-tra-xe-dien-truoc-khi-thue-gia-tot/index.html,blog/xe-dien/,,no,no-external,blog/xe-dien/; /,none,yes,MotoAI Editorial,,,0,,,
BA-0904,B19,GUIDE,PLANNED,đường vành đai hà nội cho khách nước ngoài,Hướng dẫn / thủ tục; đường vành đai hà nội cho khách nước ngoài,informational,Đường Vành Đai hà Nội Cho Khách Nước Ngoài,duong-vanh-dai-ha-noi-cho-khach-nuoc-ngoai,blog/huong-dan/duong-vanh-dai-ha-noi-cho-khach-nuoc-ngoai/index.html,blog/huong-dan/,,no,no-external,blog/huong-dan/; /,none,yes,MotoAI Editorial,,,0,,,
BA-0905,B19,SAFE,PLANNED,trách nhiệm khi tai nạn với xe thuê tóm tắt,An toàn / pháp lý; trách nhiệm khi tai nạn với xe thuê tóm tắt,informational-legal,Trách Nhiệm Khi Tai Nạn Với xe Thuê Tóm Tắt,trach-nhiem-khi-tai-nan-voi-xe-thue-tom-tat,blog/an-toan/trach-nhiem-khi-tai-nan-voi-xe-thue-tom-tat/index.html,blog/an-toan/,,yes,legal-gate,blog/an-toan/; /,none,no,MotoAI Editorial,,,0,,,legal-gate: CLAIM->SUBJECT->CONDITION->RULE->VERSION->PRIMARY SOURCE required
BA-0906,B19,LOCAL,PLANNED,cà phê trứng và xe máy cuối tuần,Địa phương / du lịch; cà phê trứng và xe máy cuối tuần,local-informational,cà Phê Trứng và xe Máy Cuối Tuần,ca-phe-trung-va-xe-may-cuoi-tuan,blog/dia-phuong/ca-phe-trung-va-xe-may-cuoi-tuan/index.html,blog/dia-phuong/,Hà Nội (khu vực),no,no-external,blog/dia-phuong/; /,none,yes,MotoAI Editorial,,,0,,,
BA-0907,B19,APP,PLANNED,agent chọn xe giúp bạn tại Hà Nội,App & Ứng dụng; agent chọn xe giúp bạn tại Hà Nội,informational-product,Agent Chọn xe Giúp Bạn Tại Hà Nội,agent-chon-xe-giup-ban-tai-ha-noi,blog/app/agent-chon-xe-giup-ban-tai-ha-noi/index.html,blog/app/,,no,no-external,blog/app/; /,none,yes,MotoAI Editorial,,,0,,,
BA-0908,B19,RENT,PLANNED,liên hệ đặt xe nhanh cho sinh viên,Thuê xe máy; liên hệ đặt xe nhanh cho sinh viên,commercial-informational,Liên hệ Đặt xe Nhanh Cho Sinh Viên,lien-he-dat-xe-nhanh-cho-sinh-vien,blog/thue-xe/lien-he-dat-xe-nhanh-cho-sinh-vien/index.html,blog/thue-xe/,,no,no-external,blog/thue-xe/; /,none,yes,MotoAI Editorial,,,0,,,
BA-0909,B19,EV,PLANNED,quy trình trả xe điện giá tốt,Xe điện / xe máy điện; quy trình trả xe điện giá tốt,informational-product,Quy Trình Trả xe Điện Giá Tốt,quy-trinh-tra-xe-dien-gia-tot,blog/xe-dien/quy-trinh-tra-xe-dien-gia-tot/index.html,blog/xe-dien/,,no,no-external,blog/xe-dien/; /,none,yes,MotoAI Editorial,,,0,,,
BA-0910,B19,GUIDE,PLANNED,trả xe đúng giờ để tránh phí cho khách nước ngoài,Hướng dẫn / thủ tục; trả xe đúng giờ để tránh phí cho khách nước ngoài,informational,Trả xe Đúng Giờ để Tránh Phí Cho Khách Nước Ngoài,tra-xe-dung-gio-de-tranh-phi-cho-khach-nuoc-ngoai,blog/huong-dan/tra-xe-dung-gio-de-tranh-phi-cho-khach-nuoc-ngoai/index.html,blog/huong-dan/,,no,no-external,blog/huong-dan/; /,none,yes,MotoAI Editorial,,,0,,,
BA-0911,B19,SAFE,PLANNED,thủ tục khi va chạm nhẹ tóm tắt,An toàn / pháp lý; thủ tục khi va chạm nhẹ tóm tắt,informational-legal,Thủ Tục Khi va Chạm Nhẹ Tóm Tắt,thu-tuc-khi-va-cham-nhe-tom-tat,blog/an-toan/thu-tuc-khi-va-cham-nhe-tom-tat/index.html,blog/an-toan/,,yes,legal-gate,blog/an-toan/; /,none,no,MotoAI Editorial,,,0,,,legal-gate: CLAIM->SUBJECT->CONDITION->RULE->VERSION->PRIMARY SOURCE required
BA-0912,B19,LOCAL,PLANNED,bánh cuốn và hành trình cuối tuần,Địa phương / du lịch; bánh cuốn và hành trình cuối tuần,local-informational,Bánh Cuốn và Hành Trình Cuối Tuần,banh-cuon-va-hanh-trinh-cuoi-tuan,blog/dia-phuong/banh-cuon-va-hanh-trinh-cuoi-tuan/index.html,blog/dia-phuong/,Hà Nội (khu vực),no,no-external,blog/dia-phuong/; /,none,yes,MotoAI Editorial,,,0,,,
BA-0913,B19,APP,PLANNED,đặt cọc và ứng dụng thuê xe tại Hà Nội,App & Ứng dụng; đặt cọc và ứng dụng thuê xe tại Hà Nội,informational-product,Đặt Cọc và Ứng Dụng Thuê xe Tại Hà Nội,dat-coc-va-ung-dung-thue-xe-tai-ha-noi,blog/app/dat-coc-va-ung-dung-thue-xe-tai-ha-noi/index.html,blog/app/,,no,no-external,blog/app/; /,none,yes,MotoAI Editorial,,,0,,,
BA-0914,B19,RENT,PLANNED,xác nhận giá trước khi đặt cho sinh viên,Thuê xe máy; xác nhận giá trước khi đặt cho sinh viên,commercial-informational,Xác Nhận Giá Trước Khi Đặt Cho Sinh Viên,xac-nhan-gia-truoc-khi-dat-cho-sinh-vien,blog/thue-xe/xac-nhan-gia-truoc-khi-dat-cho-sinh-vien/index.html,blog/thue-xe/,,no,no-external,blog/thue-xe/; /,none,yes,MotoAI Editorial,,,0,,,
BA-0915,B19,EV,PLANNED,pin chảy khi không dùng giá tốt,Xe điện / xe máy điện; pin chảy khi không dùng giá tốt,informational-product,Pin Chảy Khi Không Dùng Giá Tốt,pin-chay-khi-khong-dung-gia-tot,blog/xe-dien/pin-chay-khi-khong-dung-gia-tot/index.html,blog/xe-dien/,,no,no-external,blog/xe-dien/; /,none,yes,MotoAI Editorial,,,0,,,
BA-0916,B19,GUIDE,PLANNED,đánh giá cửa hàng sau khi thuê cho khách nước ngoài,Hướng dẫn / thủ tục; đánh giá cửa hàng sau khi thuê cho khách nước ngoài,informational,Đánh Giá Cửa Hàng Sau Khi Thuê Cho Khách Nước Ngoài,danh-gia-cua-hang-sau-khi-thue-cho-khach-nuoc-ngoai,blog/huong-dan/danh-gia-cua-hang-sau-khi-thue-cho-khach-nuoc-ngoai/index.html,blog/huong-dan/,,no,no-external,blog/huong-dan/; /,none,yes,MotoAI Editorial,,,0,,,
BA-0917,B19,SAFE,PLANNED,gọi cảnh sát khi tai nạn tóm tắt,An toàn / pháp lý; gọi cảnh sát khi tai nạn tóm tắt,informational-legal,Gọi Cảnh Sát Khi Tai Nạn Tóm Tắt,goi-canh-sat-khi-tai-nan-tom-tat,blog/an-toan/goi-canh-sat-khi-tai-nan-tom-tat/index.html,blog/an-toan/,,yes,legal-gate,blog/an-toan/; /,none,no,MotoAI Editorial,,,0,,,legal-gate: CLAIM->SUBJECT->CONDITION->RULE->VERSION->PRIMARY SOURCE required
BA-0918,B19,LOCAL,PLANNED,phở bò và hành trình sáng cuối tuần,Địa phương / du lịch; phở bò và hành trình sáng cuối tuần,local-informational,Phở bò và Hành Trình Sáng Cuối Tuần,pho-bo-va-hanh-trinh-sang-cuoi-tuan,blog/dia-phuong/pho-bo-va-hanh-trinh-sang-cuoi-tuan/index.html,blog/dia-phuong/,Hà Nội (khu vực),no,no-external,blog/dia-phuong/; /,none,yes,MotoAI Editorial,,,0,,,
BA-0919,B19,APP,PLANNED,nhận xe khi đặt qua ứng dụng tại Hà Nội,App & Ứng dụng; nhận xe khi đặt qua ứng dụng tại Hà Nội,informational-product,Nhận xe Khi Đặt Qua Ứng Dụng Tại Hà Nội,nhan-xe-khi-dat-qua-ung-dung-tai-ha-noi,blog/app/nhan-xe-khi-dat-qua-ung-dung-tai-ha-noi/index.html,blog/app/,,no,no-external,blog/app/; /,none,yes,MotoAI Editorial,,,0,,,
BA-0920,B19,RENT,PLANNED,xe thuê có bảo hiểm không cho sinh viên,Thuê xe máy; xe thuê có bảo hiểm không cho sinh viên,commercial-informational,xe Thuê có Bảo Hiểm Không Cho Sinh Viên,xe-thue-co-bao-hiem-khong-cho-sinh-vien,blog/thue-xe/xe-thue-co-bao-hiem-khong-cho-sinh-vien/index.html,blog/thue-xe/,,no,no-external,blog/thue-xe/; /,none,yes,MotoAI Editorial,,,0,,,
BA-0921,B19,EV,PLANNED,bảo quản xe điện mùa mưa giá tốt,Xe điện / xe máy điện; bảo quản xe điện mùa mưa giá tốt,informational-product,Bảo Quản xe Điện Mùa Mưa Giá Tốt,bao-quan-xe-dien-mua-mua-gia-tot,blog/xe-dien/bao-quan-xe-dien-mua-mua-gia-tot/index.html,blog/xe-dien/,,no,no-external,blog/xe-dien/; /,none,yes,MotoAI Editorial,,,0,,,
BA-0922,B19,GUIDE,PLANNED,thủ tục thuê xe máy nhanh gọn,Hướng dẫn / thủ tục; thủ tục thuê xe máy nhanh gọn,informational,Thủ Tục Thuê xe Máy Nhanh Gọn,thu-tuc-thue-xe-may-nhanh-gon,blog/huong-dan/thu-tuc-thue-xe-may-nhanh-gon/index.html,blog/huong-dan/,,no,no-external,blog/huong-dan/; /,none,yes,MotoAI Editorial,,,0,,,
BA-0923,B19,SAFE,PLANNED,khám sức khỏe lái xe tóm tắt,An toàn / pháp lý; khám sức khỏe lái xe tóm tắt,informational-legal,Khám Sức Khỏe Lái xe Tóm Tắt,kham-suc-khoe-lai-xe-tom-tat,blog/an-toan/kham-suc-khoe-lai-xe-tom-tat/index.html,blog/an-toan/,,yes,legal-gate,blog/an-toan/; /,none,no,MotoAI Editorial,,,0,,,legal-gate: CLAIM->SUBJECT->CONDITION->RULE->VERSION->PRIMARY SOURCE required
BA-0924,B19,LOCAL,PLANNED,chợ hoa quận tám cuối tuần,Địa phương / du lịch; chợ hoa quận tám cuối tuần,local-informational,Chợ Hoa Quận Tám Cuối Tuần,cho-hoa-quan-tam-cuoi-tuan,blog/dia-phuong/cho-hoa-quan-tam-cuoi-tuan/index.html,blog/dia-phuong/,Hà Nội (khu vực),no,no-external,blog/dia-phuong/; /,none,yes,MotoAI Editorial,,,0,,,
BA-0925,B19,APP,PLANNED,hủy lịch thuê xe qua app tại Hà Nội,App & Ứng dụng; hủy lịch thuê xe qua app tại Hà Nội,informational-product,Hủy Lịch Thuê xe Qua App Tại Hà Nội,huy-lich-thue-xe-qua-app-tai-ha-noi,blog/app/huy-lich-thue-xe-qua-app-tai-ha-noi/index.html,blog/app/,,no,no-external,blog/app/; /,none,yes,MotoAI Editorial,,,0,,,
BA-0926,B19,RENT,PLANNED,hỏng xe giữa đường khi thuê cho sinh viên,Thuê xe máy; hỏng xe giữa đường khi thuê cho sinh viên,commercial-informational,Hỏng xe Giữa Đường Khi Thuê Cho Sinh Viên,hong-xe-giua-duong-khi-thue-cho-sinh-vien,blog/thue-xe/hong-xe-giua-duong-khi-thue-cho-sinh-vien/index.html,blog/thue-xe/,,no,no-external,blog/thue-xe/; /,none,yes,MotoAI Editorial,,,0,,,
BA-0927,B19,EV,PLANNED,xe điện cho thành phố nhỏ giá tốt,Xe điện / xe máy điện; xe điện cho thành phố nhỏ giá tốt,informational-product,xe Điện Cho Thành Phố Nhỏ Giá Tốt,xe-dien-cho-thanh-pho-nho-gia-tot,blog/xe-dien/xe-dien-cho-thanh-pho-nho-gia-tot/index.html,blog/xe-dien/,,no,no-external,blog/xe-dien/; /,none,yes,MotoAI Editorial,,,0,,,
BA-0928,B19,GUIDE,PLANNED,giấy tờ cần khi thuê xe nhanh gọn,Hướng dẫn / thủ tục; giấy tờ cần khi thuê xe nhanh gọn,informational,Giấy tờ Cần Khi Thuê xe Nhanh Gọn,giay-to-can-khi-thue-xe-nhanh-gon,blog/huong-dan/giay-to-can-khi-thue-xe-nhanh-gon/index.html,blog/huong-dan/,,no,no-external,blog/huong-dan/; /,none,yes,MotoAI Editorial,,,0,,,
BA-0929,B19,SAFE,PLANNED,đèn xe và an toàn đêm tóm tắt,An toàn / pháp lý; đèn xe và an toàn đêm tóm tắt,informational-legal,Đèn xe và an Toàn Đêm Tóm Tắt,den-xe-va-an-toan-dem-tom-tat,blog/an-toan/den-xe-va-an-toan-dem-tom-tat/index.html,blog/an-toan/,,yes,legal-gate,blog/an-toan/; /,none,no,MotoAI Editorial,,,0,,,legal-gate: CLAIM->SUBJECT->CONDITION->RULE->VERSION->PRIMARY SOURCE required
BA-0930,B19,LOCAL,PLANNED,chùa một cột hà nội cuối tuần,Địa phương / du lịch; chùa một cột hà nội cuối tuần,local-informational,Chùa Một Cột hà Nội Cuối Tuần,chua-mot-cot-ha-noi-cuoi-tuan,blog/dia-phuong/chua-mot-cot-ha-noi-cuoi-tuan/index.html,blog/dia-phuong/,hà Nội,no,no-external,blog/dia-phuong/; /,none,yes,MotoAI Editorial,,,0,,,
BA-0931,B19,APP,PLANNED,app thuê xe cho người nước ngoài tại Hà Nội,App & Ứng dụng; app thuê xe cho người nước ngoài tại Hà Nội,informational-product,App Thuê xe Cho Người Nước Ngoài Tại Hà Nội,app-thue-xe-cho-nguoi-nuoc-ngoai-tai-ha-noi,blog/app/app-thue-xe-cho-nguoi-nuoc-ngoai-tai-ha-noi/index.html,blog/app/,,no,no-external,blog/app/; /,none,yes,MotoAI Editorial,,,0,,,
BA-0932,B19,RENT,PLANNED,hỗ trợ khi xe thuê gặp sự cố cho sinh viên,Thuê xe máy; hỗ trợ khi xe thuê gặp sự cố cho sinh viên,commercial-informational,hỗ Trợ Khi xe Thuê Gặp sự cố Cho Sinh Viên,ho-tro-khi-xe-thue-gap-su-co-cho-sinh-vien,blog/thue-xe/ho-tro-khi-xe-thue-gap-su-co-cho-sinh-vien/index.html,blog/thue-xe/,,no,no-external,blog/thue-xe/; /,none,yes,MotoAI Editorial,,,0,,,
BA-0933,B19,EV,PLANNED,tương lai xe điện cho thuê giá tốt,Xe điện / xe máy điện; tương lai xe điện cho thuê giá tốt,informational-product,Tương Lai xe Điện Cho Thuê Giá Tốt,tuong-lai-xe-dien-cho-thue-gia-tot,blog/xe-dien/tuong-lai-xe-dien-cho-thue-gia-tot/index.html,blog/xe-dien/,,no,no-external,blog/xe-dien/; /,none,yes,MotoAI Editorial,,,0,,,
BA-0934,B19,GUIDE,PLANNED,hướng dẫn đặt xe nhanh nhanh gọn,Hướng dẫn / thủ tục; hướng dẫn đặt xe nhanh nhanh gọn,informational,Hướng Dẫn Đặt xe Nhanh Nhanh Gọn,huong-dan-dat-xe-nhanh-nhanh-gon,blog/huong-dan/huong-dan-dat-xe-nhanh-nhanh-gon/index.html,blog/huong-dan/,,no,no-external,blog/huong-dan/; /,none,yes,MotoAI Editorial,,,0,,,
BA-0935,B19,SAFE,PLANNED,kỹ năng phanh gấp tóm tắt,An toàn / pháp lý; kỹ năng phanh gấp tóm tắt,informational-legal,kỹ Năng Phanh Gấp Tóm Tắt,ky-nang-phanh-gap-tom-tat,blog/an-toan/ky-nang-phanh-gap-tom-tat/index.html,blog/an-toan/,,yes,legal-gate,blog/an-toan/; /,none,no,MotoAI Editorial,,,0,,,legal-gate: CLAIM->SUBJECT->CONDITION->RULE->VERSION->PRIMARY SOURCE required
BA-0936,B19,LOCAL,PLANNED,cầu nhật tân hoàng hôn cuối tuần,Địa phương / du lịch; cầu nhật tân hoàng hôn cuối tuần,local-informational,Cầu Nhật Tân Hoàng Hôn Cuối Tuần,cau-nhat-tan-hoang-hon-cuoi-tuan,blog/dia-phuong/cau-nhat-tan-hoang-hon-cuoi-tuan/index.html,blog/dia-phuong/,Hà Nội (khu vực),no,no-external,blog/dia-phuong/; /,none,yes,MotoAI Editorial,,,0,,,
BA-0937,B19,APP,PLANNED,ứng dụng thuê xe tiếng Anh tại Hà Nội,App & Ứng dụng; ứng dụng thuê xe tiếng Anh tại Hà Nội,informational-product,Ứng Dụng Thuê xe Tiếng Anh Tại Hà Nội,ung-dung-thue-xe-tieng-anh-tai-ha-noi,blog/app/ung-dung-thue-xe-tieng-anh-tai-ha-noi/index.html,blog/app/,,no,no-external,blog/app/; /,none,yes,MotoAI Editorial,,,0,,,
BA-0938,B19,RENT,PLANNED,thuê xe giao tận nơi cho sinh viên,Thuê xe máy; thuê xe giao tận nơi cho sinh viên,commercial-informational,Thuê xe Giao Tận Nơi Cho Sinh Viên,thue-xe-giao-tan-noi-cho-sinh-vien,blog/thue-xe/thue-xe-giao-tan-noi-cho-sinh-vien/index.html,blog/thue-xe/,,no,no-external,blog/thue-xe/; /,none,yes,MotoAI Editorial,,,0,,,
BA-0939,B19,EV,PLANNED,app thuê xe điện mùa hè,Xe điện / xe máy điện; app thuê xe điện mùa hè,informational-product,App Thuê xe Điện Mùa hè,app-thue-xe-dien-mua-he,blog/xe-dien/app-thue-xe-dien-mua-he/index.html,blog/xe-dien/,,no,no-external,blog/xe-dien/; /,none,yes,MotoAI Editorial,,,0,,,
BA-0940,B19,GUIDE,PLANNED,quy trình nhận xe nhanh gọn,Hướng dẫn / thủ tục; quy trình nhận xe nhanh gọn,informational,Quy Trình Nhận xe Nhanh Gọn,quy-trinh-nhan-xe-nhanh-gon,blog/huong-dan/quy-trinh-nhan-xe-nhanh-gon/index.html,blog/huong-dan/,,no,no-external,blog/huong-dan/; /,none,yes,MotoAI Editorial,,,0,,,
BA-0941,B19,SAFE,PLANNED,gương chiếu hậu an toàn tóm tắt,An toàn / pháp lý; gương chiếu hậu an toàn tóm tắt,informational-legal,Gương Chiếu Hậu an Toàn Tóm Tắt,guong-chieu-hau-an-toan-tom-tat,blog/an-toan/guong-chieu-hau-an-toan-tom-tat/index.html,blog/an-toan/,,yes,legal-gate,blog/an-toan/; /,none,no,MotoAI Editorial,,,0,,,legal-gate: CLAIM->SUBJECT->CONDITION->RULE->VERSION->PRIMARY SOURCE required
BA-0942,B19,LOCAL,PLANNED,đường 5 và ngoại ô cuối tuần,Địa phương / du lịch; đường 5 và ngoại ô cuối tuần,local-informational,Đường 5 và Ngoại ô Cuối Tuần,duong-5-va-ngoai-o-cuoi-tuan,blog/dia-phuong/duong-5-va-ngoai-o-cuoi-tuan/index.html,blog/dia-phuong/,Hà Nội (khu vực),no,no-external,blog/dia-phuong/; /,none,yes,MotoAI Editorial,,,0,,,
BA-0943,B19,APP,PLANNED,kết nối Zalo với ứng dụng thuê xe tại Hà Nội,App & Ứng dụng; kết nối Zalo với ứng dụng thuê xe tại Hà Nội,informational-product,Kết Nối Zalo Với Ứng Dụng Thuê xe Tại Hà Nội,ket-noi-zalo-voi-ung-dung-thue-xe-tai-ha-noi,blog/app/ket-noi-zalo-voi-ung-dung-thue-xe-tai-ha-noi/index.html,blog/app/,,no,no-external,blog/app/; /,none,yes,MotoAI Editorial,,,0,,,
BA-0944,B19,RENT,PLANNED,phí giao xe thuê cho sinh viên,Thuê xe máy; phí giao xe thuê cho sinh viên,commercial-informational,Phí Giao xe Thuê Cho Sinh Viên,phi-giao-xe-thue-cho-sinh-vien,blog/thue-xe/phi-giao-xe-thue-cho-sinh-vien/index.html,blog/thue-xe/,,no,no-external,blog/thue-xe/; /,none,yes,MotoAI Editorial,,,0,,,
BA-0945,B19,EV,PLANNED,ứng dụng thuê xe máy điện mùa hè,Xe điện / xe máy điện; ứng dụng thuê xe máy điện mùa hè,informational-product,Ứng Dụng Thuê xe Máy Điện Mùa hè,ung-dung-thue-xe-may-dien-mua-he,blog/xe-dien/ung-dung-thue-xe-may-dien-mua-he/index.html,blog/xe-dien/,,no,no-external,blog/xe-dien/; /,none,yes,MotoAI Editorial,,,0,,,
BA-0946,B19,GUIDE,PLANNED,quy trình trả xe nhanh gọn,Hướng dẫn / thủ tục; quy trình trả xe nhanh gọn,informational,Quy Trình Trả xe Nhanh Gọn,quy-trinh-tra-xe-nhanh-gon,blog/huong-dan/quy-trinh-tra-xe-nhanh-gon/index.html,blog/huong-dan/,,no,no-external,blog/huong-dan/; /,none,yes,MotoAI Editorial,,,0,,,
BA-0947,B19,SAFE,PLANNED,mưa lớn và lái xe tóm tắt,An toàn / pháp lý; mưa lớn và lái xe tóm tắt,informational-legal,Mưa Lớn và Lái xe Tóm Tắt,mua-lon-va-lai-xe-tom-tat,blog/an-toan/mua-lon-va-lai-xe-tom-tat/index.html,blog/an-toan/,,yes,legal-gate,blog/an-toan/; /,none,no,MotoAI Editorial,,,0,,,legal-gate: CLAIM->SUBJECT->CONDITION->RULE->VERSION->PRIMARY SOURCE required
BA-0948,B19,LOCAL,PLANNED,soc son và co loa cuối tuần,Địa phương / du lịch; soc son và co loa cuối tuần,local-informational,Soc Son và co Loa Cuối Tuần,soc-son-va-co-loa-cuoi-tuan,blog/dia-phuong/soc-son-va-co-loa-cuoi-tuan/index.html,blog/dia-phuong/,Hà Nội (khu vực),no,no-external,blog/dia-phuong/; /,none,yes,MotoAI Editorial,,,0,,,
BA-0949,B19,APP,PLANNED,gọi điện từ ứng dụng thuê xe tại Hà Nội,App & Ứng dụng; gọi điện từ ứng dụng thuê xe tại Hà Nội,informational-product,Gọi Điện từ Ứng Dụng Thuê xe Tại Hà Nội,goi-dien-tu-ung-dung-thue-xe-tai-ha-noi,blog/app/goi-dien-tu-ung-dung-thue-xe-tai-ha-noi/index.html,blog/app/,,no,no-external,blog/app/; /,none,yes,MotoAI Editorial,,,0,,,
BA-0950,B19,RENT,PLANNED,thuê xe ở ga tàu sân bay cho sinh viên,Thuê xe máy; thuê xe ở ga tàu sân bay cho sinh viên,commercial-informational,Thuê xe ở ga Tàu Sân Bay Cho Sinh Viên,thue-xe-o-ga-tau-san-bay-cho-sinh-vien,blog/thue-xe/thue-xe-o-ga-tau-san-bay-cho-sinh-vien/index.html,blog/thue-xe/,,no,no-external,blog/thue-xe/; /,none,yes,MotoAI Editorial,,,0,,,
BA-0951,B20,EV,PLANNED,chọn xe điện phù hợp mùa hè,Xe điện / xe máy điện; chọn xe điện phù hợp mùa hè,informational-product,Chọn xe Điện Phù Hợp Mùa hè,chon-xe-dien-phu-hop-mua-he,blog/xe-dien/chon-xe-dien-phu-hop-mua-he/index.html,blog/xe-dien/,,no,no-external,blog/xe-dien/; /,none,yes,MotoAI Editorial,,,0,,,
BA-0952,B20,GUIDE,PLANNED,kiểm tra xe khi nhận nhanh gọn,Hướng dẫn / thủ tục; kiểm tra xe khi nhận nhanh gọn,informational,Kiểm Tra xe Khi Nhận Nhanh Gọn,kiem-tra-xe-khi-nhan-nhanh-gon,blog/huong-dan/kiem-tra-xe-khi-nhan-nhanh-gon/index.html,blog/huong-dan/,,no,no-external,blog/huong-dan/; /,none,yes,MotoAI Editorial,,,0,,,
BA-0953,B20,SAFE,PLANNED,sương mù mùa đông tóm tắt,An toàn / pháp lý; sương mù mùa đông tóm tắt,informational-legal,Sương mù Mùa Đông Tóm Tắt,suong-mu-mua-dong-tom-tat,blog/an-toan/suong-mu-mua-dong-tom-tat/index.html,blog/an-toan/,,yes,legal-gate,blog/an-toan/; /,none,no,MotoAI Editorial,,,0,,,legal-gate: CLAIM->SUBJECT->CONDITION->RULE->VERSION->PRIMARY SOURCE required
BA-0954,B20,LOCAL,PLANNED,ba vì cuối tuần cuối tuần,Địa phương / du lịch; ba vì cuối tuần cuối tuần,local-informational,ba vì Cuối Tuần Cuối Tuần,ba-vi-cuoi-tuan-cuoi-tuan,blog/dia-phuong/ba-vi-cuoi-tuan-cuoi-tuan/index.html,blog/dia-phuong/,Hà Nội (khu vực),no,no-external,blog/dia-phuong/; /,none,yes,MotoAI Editorial,,,0,,,
BA-0955,B20,APP,PLANNED,kinh nghiệm dùng trợ lý thuê xe lần đầu tại Hà Nội,App & Ứng dụng; kinh nghiệm dùng trợ lý thuê xe lần đầu tại Hà Nội,informational-product,Kinh Nghiệm Dùng Trợ lý Thuê xe Lần Đầu Tại Hà Nội,kinh-nghiem-dung-tro-ly-thue-xe-lan-dau-tai-ha-noi,blog/app/kinh-nghiem-dung-tro-ly-thue-xe-lan-dau-tai-ha-noi/index.html,blog/app/,,no,no-external,blog/app/; /,none,yes,MotoAI Editorial,,,0,,,
BA-0956,B20,RENT,PLANNED,so sánh thuê xe máy và taxi cho sinh viên,Thuê xe máy; so sánh thuê xe máy và taxi cho sinh viên,commercial-informational,so Sánh Thuê xe Máy và Taxi Cho Sinh Viên,so-sanh-thue-xe-may-va-taxi-cho-sinh-vien,blog/thue-xe/so-sanh-thue-xe-may-va-taxi-cho-sinh-vien/index.html,blog/thue-xe/,,no,no-external,blog/thue-xe/; /,none,yes,MotoAI Editorial,,,0,,,
BA-0957,B20,EV,PLANNED,thuê xe điện theo ngày mùa hè,Xe điện / xe máy điện; thuê xe điện theo ngày mùa hè,informational-product,Thuê xe Điện Theo Ngày Mùa hè,thue-xe-dien-theo-ngay-mua-he,blog/xe-dien/thue-xe-dien-theo-ngay-mua-he/index.html,blog/xe-dien/,,no,no-external,blog/xe-dien/; /,none,yes,MotoAI Editorial,,,0,,,
BA-0958,B20,GUIDE,PLANNED,hợp đồng thuê xe cần những gì nhanh gọn,Hướng dẫn / thủ tục; hợp đồng thuê xe cần những gì nhanh gọn,informational,Hợp Đồng Thuê xe Cần Những gì Nhanh Gọn,hop-dong-thue-xe-can-nhung-gi-nhanh-gon,blog/huong-dan/hop-dong-thue-xe-can-nhung-gi-nhanh-gon/index.html,blog/huong-dan/,,no,no-external,blog/huong-dan/; /,none,yes,MotoAI Editorial,,,0,,,
BA-0959,B20,SAFE,PLANNED,tầm nhìn khi lái xe tóm tắt,An toàn / pháp lý; tầm nhìn khi lái xe tóm tắt,informational-legal,Tầm Nhìn Khi Lái xe Tóm Tắt,tam-nhin-khi-lai-xe-tom-tat,blog/an-toan/tam-nhin-khi-lai-xe-tom-tat/index.html,blog/an-toan/,,yes,legal-gate,blog/an-toan/; /,none,no,MotoAI Editorial,,,0,,,legal-gate: CLAIM->SUBJECT->CONDITION->RULE->VERSION->PRIMARY SOURCE required
BA-0960,B20,LOCAL,PLANNED,thạch thất và sơn tây cuối tuần,Địa phương / du lịch; thạch thất và sơn tây cuối tuần,local-informational,Thạch Thất và Sơn Tây Cuối Tuần,thach-that-va-son-tay-cuoi-tuan,blog/dia-phuong/thach-that-va-son-tay-cuoi-tuan/index.html,blog/dia-phuong/,Hà Nội (khu vực),no,no-external,blog/dia-phuong/; /,none,yes,MotoAI Editorial,,,0,,,
BA-0961,B20,APP,PLANNED,ứng dụng thuê xe trên điện thoại cũ tại Hà Nội,App & Ứng dụng; ứng dụng thuê xe trên điện thoại cũ tại Hà Nội,informational-product,Ứng Dụng Thuê xe Trên Điện Thoại cũ Tại Hà Nội,ung-dung-thue-xe-tren-dien-thoai-cu-tai-ha-noi,blog/app/ung-dung-thue-xe-tren-dien-thoai-cu-tai-ha-noi/index.html,blog/app/,,no,no-external,blog/app/; /,none,yes,MotoAI Editorial,,,0,,,
BA-0962,B20,RENT,PLANNED,thuê xe máy hay đi grab cho sinh viên,Thuê xe máy; thuê xe máy hay đi grab cho sinh viên,commercial-informational,Thuê xe Máy Hay đi Grab Cho Sinh Viên,thue-xe-may-hay-di-grab-cho-sinh-vien,blog/thue-xe/thue-xe-may-hay-di-grab-cho-sinh-vien/index.html,blog/thue-xe/,,no,no-external,blog/thue-xe/; /,none,yes,MotoAI Editorial,,,0,,,
BA-0963,B20,EV,PLANNED,thuê xe điện dài ngày mùa hè,Xe điện / xe máy điện; thuê xe điện dài ngày mùa hè,informational-product,Thuê xe Điện Dài Ngày Mùa hè,thue-xe-dien-dai-ngay-mua-he,blog/xe-dien/thue-xe-dien-dai-ngay-mua-he/index.html,blog/xe-dien/,,no,no-external,blog/xe-dien/; /,none,yes,MotoAI Editorial,,,0,,,
BA-0964,B20,GUIDE,PLANNED,đặt cọc thế nào nhanh gọn,Hướng dẫn / thủ tục; đặt cọc thế nào nhanh gọn,informational,Đặt Cọc Thế Nào Nhanh Gọn,dat-coc-the-nao-nhanh-gon,blog/huong-dan/dat-coc-the-nao-nhanh-gon/index.html,blog/huong-dan/,,no,no-external,blog/huong-dan/; /,none,yes,MotoAI Editorial,,,0,,,
BA-0965,B20,SAFE,PLANNED,xe cộ phía trước và khoảng cách an toàn tóm tắt,An toàn / pháp lý; xe cộ phía trước và khoảng cách an toàn tóm tắt,informational-legal,xe cộ Phía Trước và Khoảng Cách an Toàn Tóm Tắt,xe-co-phia-truoc-va-khoang-cach-an-toan-tom-tat,blog/an-toan/xe-co-phia-truoc-va-khoang-cach-an-toan-tom-tat/index.html,blog/an-toan/,,yes,legal-gate,blog/an-toan/; /,none,no,MotoAI Editorial,,,0,,,legal-gate: CLAIM->SUBJECT->CONDITION->RULE->VERSION->PRIMARY SOURCE required
BA-0966,B20,LOCAL,PLANNED,hòa bình đường trường cuối tuần,Địa phương / du lịch; hòa bình đường trường cuối tuần,local-informational,Hòa Bình Đường Trường Cuối Tuần,hoa-binh-duong-truong-cuoi-tuan,blog/dia-phuong/hoa-binh-duong-truong-cuoi-tuan/index.html,blog/dia-phuong/,Hà Nội (khu vực),no,no-external,blog/dia-phuong/; /,none,yes,MotoAI Editorial,,,0,,,
BA-0967,B20,APP,PLANNED,app thuê xe không cần tài khoản tại Hà Nội,App & Ứng dụng; app thuê xe không cần tài khoản tại Hà Nội,informational-product,App Thuê xe Không Cần Tài Khoản Tại Hà Nội,app-thue-xe-khong-can-tai-khoan-tai-ha-noi,blog/app/app-thue-xe-khong-can-tai-khoan-tai-ha-noi/index.html,blog/app/,,no,no-external,blog/app/; /,none,yes,MotoAI Editorial,,,0,,,
BA-0968,B20,RENT,PLANNED,khoảng chi phí đi lại khi thuê xe cho sinh viên,Thuê xe máy; khoảng chi phí đi lại khi thuê xe cho sinh viên,commercial-informational,Khoảng Chi Phí đi Lại Khi Thuê xe Cho Sinh Viên,khoang-chi-phi-di-lai-khi-thue-xe-cho-sinh-vien,blog/thue-xe/khoang-chi-phi-di-lai-khi-thue-xe-cho-sinh-vien/index.html,blog/thue-xe/,,no,no-external,blog/thue-xe/; /,none,yes,MotoAI Editorial,,,0,,,
BA-0969,B20,EV,PLANNED,pin của xe máy điện mùa hè,Xe điện / xe máy điện; pin của xe máy điện mùa hè,informational-product,Pin Của xe Máy Điện Mùa hè,pin-cua-xe-may-dien-mua-he,blog/xe-dien/pin-cua-xe-may-dien-mua-he/index.html,blog/xe-dien/,,no,no-external,blog/xe-dien/; /,none,yes,MotoAI Editorial,,,0,,,
BA-0970,B20,GUIDE,PLANNED,nhận lại tiền cọc nhanh gọn,Hướng dẫn / thủ tục; nhận lại tiền cọc nhanh gọn,informational,Nhận Lại Tiền Cọc Nhanh Gọn,nhan-lai-tien-coc-nhanh-gon,blog/huong-dan/nhan-lai-tien-coc-nhanh-gon/index.html,blog/huong-dan/,,no,no-external,blog/huong-dan/; /,none,yes,MotoAI Editorial,,,0,,,
BA-0971,B20,SAFE,PLANNED,làn đường và quy tắc nhường tóm tắt,An toàn / pháp lý; làn đường và quy tắc nhường tóm tắt,informational-legal,Làn Đường và Quy Tắc Nhường Tóm Tắt,lan-duong-va-quy-tac-nhuong-tom-tat,blog/an-toan/lan-duong-va-quy-tac-nhuong-tom-tat/index.html,blog/an-toan/,,yes,legal-gate,blog/an-toan/; /,none,no,MotoAI Editorial,,,0,,,legal-gate: CLAIM->SUBJECT->CONDITION->RULE->VERSION->PRIMARY SOURCE required
BA-0972,B20,LOCAL,PLANNED,tam đảo bằng xe máy cuối tuần,Địa phương / du lịch; tam đảo bằng xe máy cuối tuần,local-informational,Tam Đảo Bằng xe Máy Cuối Tuần,tam-dao-bang-xe-may-cuoi-tuan,blog/dia-phuong/tam-dao-bang-xe-may-cuoi-tuan/index.html,blog/dia-phuong/,Hà Nội (khu vực),no,no-external,blog/dia-phuong/; /,none,yes,MotoAI Editorial,,,0,,,
BA-0973,B20,APP,PLANNED,trợ lý ảo tư vấn thuê xe máy tại Hà Nội,App & Ứng dụng; trợ lý ảo tư vấn thuê xe máy tại Hà Nội,informational-product,Trợ lý ảo tư Vấn Thuê xe Máy Tại Hà Nội,tro-ly-ao-tu-van-thue-xe-may-tai-ha-noi,blog/app/tro-ly-ao-tu-van-thue-xe-may-tai-ha-noi/index.html,blog/app/,,no,no-external,blog/app/; /,none,yes,MotoAI Editorial,,,0,,,
BA-0974,B20,RENT,PLANNED,bảng giá thuê xe tham khảo cho sinh viên,Thuê xe máy; bảng giá thuê xe tham khảo cho sinh viên,commercial-informational,Bảng Giá Thuê xe Tham Khảo Cho Sinh Viên,bang-gia-thue-xe-tham-khao-cho-sinh-vien,blog/thue-xe/bang-gia-thue-xe-tham-khao-cho-sinh-vien/index.html,blog/thue-xe/,,no,no-external,blog/thue-xe/; /,none,yes,MotoAI Editorial,,,0,,,
BA-0975,B20,EV,PLANNED,phạm vi hoạt động của xe điện mùa hè,Xe điện / xe máy điện; phạm vi hoạt động của xe điện mùa hè,informational-product,Phạm vi Hoạt Động Của xe Điện Mùa hè,pham-vi-hoat-dong-cua-xe-dien-mua-he,blog/xe-dien/pham-vi-hoat-dong-cua-xe-dien-mua-he/index.html,blog/xe-dien/,,no,no-external,blog/xe-dien/; /,none,yes,MotoAI Editorial,,,0,,,
BA-0976,B20,GUIDE,PLANNED,chụp ảnh xe trước khi nhận nhanh gọn,Hướng dẫn / thủ tục; chụp ảnh xe trước khi nhận nhanh gọn,informational,Chụp Ảnh xe Trước Khi Nhận Nhanh Gọn,chup-anh-xe-truoc-khi-nhan-nhanh-gon,blog/huong-dan/chup-anh-xe-truoc-khi-nhan-nhanh-gon/index.html,blog/huong-dan/,,no,no-external,blog/huong-dan/; /,none,yes,MotoAI Editorial,,,0,,,
BA-0977,B20,SAFE,PLANNED,đèn đỏ và camera phạt nguội tóm tắt,An toàn / pháp lý; đèn đỏ và camera phạt nguội tóm tắt,informational-legal,Đèn đỏ và Camera Phạt Nguội Tóm Tắt,den-do-va-camera-phat-nguoi-tom-tat,blog/an-toan/den-do-va-camera-phat-nguoi-tom-tat/index.html,blog/an-toan/,,yes,legal-gate,blog/an-toan/; /,none,no,MotoAI Editorial,,,0,,,legal-gate: CLAIM->SUBJECT->CONDITION->RULE->VERSION->PRIMARY SOURCE required
BA-0978,B20,LOCAL,PLANNED,mộc châu hành trình dài cuối tuần,Địa phương / du lịch; mộc châu hành trình dài cuối tuần,local-informational,Mộc Châu Hành Trình Dài Cuối Tuần,moc-chau-hanh-trinh-dai-cuoi-tuan,blog/dia-phuong/moc-chau-hanh-trinh-dai-cuoi-tuan/index.html,blog/dia-phuong/,Hà Nội (khu vực),no,no-external,blog/dia-phuong/; /,none,yes,MotoAI Editorial,,,0,,,
BA-0979,B20,APP,PLANNED,cách ứng dụng hiểu câu hỏi về giá xe tại Hà Nội,App & Ứng dụng; cách ứng dụng hiểu câu hỏi về giá xe tại Hà Nội,informational-product,Cách Ứng Dụng Hiểu Câu Hỏi về Giá xe Tại Hà Nội,cach-ung-dung-hieu-cau-hoi-ve-gia-xe-tai-ha-noi,blog/app/cach-ung-dung-hieu-cau-hoi-ve-gia-xe-tai-ha-noi/index.html,blog/app/,,no,no-external,blog/app/; /,none,yes,MotoAI Editorial,,,0,,,
BA-0980,B20,RENT,PLANNED,cách đọc bảng giá thuê xe cho sinh viên,Thuê xe máy; cách đọc bảng giá thuê xe cho sinh viên,commercial-informational,Cách Đọc Bảng Giá Thuê xe Cho Sinh Viên,cach-doc-bang-gia-thue-xe-cho-sinh-vien,blog/thue-xe/cach-doc-bang-gia-thue-xe-cho-sinh-vien/index.html,blog/thue-xe/,,no,no-external,blog/thue-xe/; /,none,yes,MotoAI Editorial,,,0,,,
BA-0981,B20,EV,PLANNED,hướng dẫn sử dụng xe máy điện mùa hè,Xe điện / xe máy điện; hướng dẫn sử dụng xe máy điện mùa hè,informational-product,Hướng Dẫn sử Dụng xe Máy Điện Mùa hè,huong-dan-su-dung-xe-may-dien-mua-he,blog/xe-dien/huong-dan-su-dung-xe-may-dien-mua-he/index.html,blog/xe-dien/,,no,no-external,blog/xe-dien/; /,none,yes,MotoAI Editorial,,,0,,,
BA-0982,B20,GUIDE,PLANNED,nhiên liệu khi nhận trả xe nhanh gọn,Hướng dẫn / thủ tục; nhiên liệu khi nhận trả xe nhanh gọn,informational,Nhiên Liệu Khi Nhận Trả xe Nhanh Gọn,nhien-lieu-khi-nhan-tra-xe-nhanh-gon,blog/huong-dan/nhien-lieu-khi-nhan-tra-xe-nhanh-gon/index.html,blog/huong-dan/,,no,no-external,blog/huong-dan/; /,none,yes,MotoAI Editorial,,,0,,,
BA-0983,B20,SAFE,PLANNED,đi ngược chiều hậu quả tóm tắt,An toàn / pháp lý; đi ngược chiều hậu quả tóm tắt,informational-legal,đi Ngược Chiều Hậu Quả Tóm Tắt,di-nguoc-chieu-hau-qua-tom-tat,blog/an-toan/di-nguoc-chieu-hau-qua-tom-tat/index.html,blog/an-toan/,,yes,legal-gate,blog/an-toan/; /,none,no,MotoAI Editorial,,,0,,,legal-gate: CLAIM->SUBJECT->CONDITION->RULE->VERSION->PRIMARY SOURCE required
BA-0984,B20,LOCAL,PLANNED,ninh bình cuối tuần xe máy cuối tuần,Địa phương / du lịch; ninh bình cuối tuần xe máy cuối tuần,local-informational,Ninh Bình Cuối Tuần xe Máy Cuối Tuần,ninh-binh-cuoi-tuan-xe-may-cuoi-tuan,blog/dia-phuong/ninh-binh-cuoi-tuan-xe-may-cuoi-tuan/index.html,blog/dia-phuong/,Hà Nội (khu vực),no,no-external,blog/dia-phuong/; /,none,yes,MotoAI Editorial,,,0,,,
BA-0985,B20,APP,PLANNED,tìm hiểu hybrid search trong ứng dụng thuê xe tại Hà Nội,App & Ứng dụng; tìm hiểu hybrid search trong ứng dụng thuê xe tại Hà Nội,informational-product,Tìm Hiểu Hybrid Search Trong Ứng Dụng Thuê xe Tại Hà Nội,tim-hieu-hybrid-search-trong-ung-dung-thue-xe-tai-ha-noi,blog/app/tim-hieu-hybrid-search-trong-ung-dung-thue-xe-tai-ha-noi/index.html,blog/app/,,no,no-external,blog/app/; /,none,yes,MotoAI Editorial,,,0,,,
BA-0986,B20,RENT,PLANNED,giá thuê thay đổi theo mùa không cho sinh viên,Thuê xe máy; giá thuê thay đổi theo mùa không cho sinh viên,commercial-informational,Giá Thuê Thay Đổi Theo Mùa Không Cho Sinh Viên,gia-thue-thay-doi-theo-mua-khong-cho-sinh-vien,blog/thue-xe/gia-thue-thay-doi-theo-mua-khong-cho-sinh-vien/index.html,blog/thue-xe/,,no,no-external,blog/thue-xe/; /,none,yes,MotoAI Editorial,,,0,,,
BA-0987,B20,EV,PLANNED,khác biệt xe điện và xe xăng mùa hè,Xe điện / xe máy điện; khác biệt xe điện và xe xăng mùa hè,informational-product,Khác Biệt xe Điện và xe Xăng Mùa hè,khac-biet-xe-dien-va-xe-xang-mua-he,blog/xe-dien/khac-biet-xe-dien-va-xe-xang-mua-he/index.html,blog/xe-dien/,,no,no-external,blog/xe-dien/; /,none,yes,MotoAI Editorial,,,0,,,
BA-0988,B20,GUIDE,PLANNED,giao xe tận nơi thủ tục nhanh gọn,Hướng dẫn / thủ tục; giao xe tận nơi thủ tục nhanh gọn,informational,Giao xe Tận Nơi Thủ Tục Nhanh Gọn,giao-xe-tan-noi-thu-tuc-nhanh-gon,blog/huong-dan/giao-xe-tan-noi-thu-tuc-nhanh-gon/index.html,blog/huong-dan/,,no,no-external,blog/huong-dan/; /,none,yes,MotoAI Editorial,,,0,,,
BA-0989,B20,SAFE,PLANNED,điện thoại khi lái xe tóm tắt,An toàn / pháp lý; điện thoại khi lái xe tóm tắt,informational-legal,Điện Thoại Khi Lái xe Tóm Tắt,dien-thoai-khi-lai-xe-tom-tat,blog/an-toan/dien-thoai-khi-lai-xe-tom-tat/index.html,blog/an-toan/,,yes,legal-gate,blog/an-toan/; /,none,no,MotoAI Editorial,,,0,,,legal-gate: CLAIM->SUBJECT->CONDITION->RULE->VERSION->PRIMARY SOURCE required
BA-0990,B20,LOCAL,PLANNED,hạ long đường quốc lộ cuối tuần,Địa phương / du lịch; hạ long đường quốc lộ cuối tuần,local-informational,hạ Long Đường Quốc lộ Cuối Tuần,ha-long-duong-quoc-lo-cuoi-tuan,blog/dia-phuong/ha-long-duong-quoc-lo-cuoi-tuan/index.html,blog/dia-phuong/,Hà Nội (khu vực),no,no-external,blog/dia-phuong/; /,none,yes,MotoAI Editorial,,,0,,,
BA-0991,B20,APP,PLANNED,ai trả lời trong ứng dụng thuê xe tại Hà Nội,App & Ứng dụng; ai trả lời trong ứng dụng thuê xe tại Hà Nội,informational-product,ai Trả Lời Trong Ứng Dụng Thuê xe Tại Hà Nội,ai-tra-loi-trong-ung-dung-thue-xe-tai-ha-noi,blog/app/ai-tra-loi-trong-ung-dung-thue-xe-tai-ha-noi/index.html,blog/app/,,no,no-external,blog/app/; /,none,yes,MotoAI Editorial,,,0,,,
BA-0992,B20,RENT,PLANNED,thuê xe cho công việc giao hàng cho sinh viên,Thuê xe máy; thuê xe cho công việc giao hàng cho sinh viên,commercial-informational,Thuê xe Cho Công Việc Giao Hàng Cho Sinh Viên,thue-xe-cho-cong-viec-giao-hang-cho-sinh-vien,blog/thue-xe/thue-xe-cho-cong-viec-giao-hang-cho-sinh-vien/index.html,blog/thue-xe/,,no,no-external,blog/thue-xe/; /,none,yes,MotoAI Editorial,,,0,,,
BA-0993,B20,EV,PLANNED,sạc pin xe điện ở đâu mùa hè,Xe điện / xe máy điện; sạc pin xe điện ở đâu mùa hè,informational-product,Sạc Pin xe Điện ở Đâu Mùa hè,sac-pin-xe-dien-o-dau-mua-he,blog/xe-dien/sac-pin-xe-dien-o-dau-mua-he/index.html,blog/xe-dien/,,no,no-external,blog/xe-dien/; /,none,yes,MotoAI Editorial,,,0,,,
BA-0994,B20,GUIDE,PLANNED,hủy đặt xe đúng cách nhanh gọn,Hướng dẫn / thủ tục; hủy đặt xe đúng cách nhanh gọn,informational,Hủy Đặt xe Đúng Cách Nhanh Gọn,huy-dat-xe-dung-cach-nhanh-gon,blog/huong-dan/huy-dat-xe-dung-cach-nhanh-gon/index.html,blog/huong-dan/,,no,no-external,blog/huong-dan/; /,none,yes,MotoAI Editorial,,,0,,,
BA-0995,B20,SAFE,PLANNED,chở trẻ em trên xe máy tóm tắt,An toàn / pháp lý; chở trẻ em trên xe máy tóm tắt,informational-legal,Chở Trẻ em Trên xe Máy Tóm Tắt,cho-tre-em-tren-xe-may-tom-tat,blog/an-toan/cho-tre-em-tren-xe-may-tom-tat/index.html,blog/an-toan/,,yes,legal-gate,blog/an-toan/; /,none,no,MotoAI Editorial,,,0,,,legal-gate: CLAIM->SUBJECT->CONDITION->RULE->VERSION->PRIMARY SOURCE required
BA-0996,B20,LOCAL,PLANNED,cửa lò ven biển cuối tuần,Địa phương / du lịch; cửa lò ven biển cuối tuần,local-informational,Cửa lò Ven Biển Cuối Tuần,cua-lo-ven-bien-cuoi-tuan,blog/dia-phuong/cua-lo-ven-bien-cuoi-tuan/index.html,blog/dia-phuong/,Hà Nội (khu vực),no,no-external,blog/dia-phuong/; /,none,yes,MotoAI Editorial,,,0,,,
BA-0997,B20,APP,PLANNED,chính sách dữ liệu của ứng dụng thuê xe tại Hà Nội,App & Ứng dụng; chính sách dữ liệu của ứng dụng thuê xe tại Hà Nội,informational-product,Chính Sách dữ Liệu Của Ứng Dụng Thuê xe Tại Hà Nội,chinh-sach-du-lieu-cua-ung-dung-thue-xe-tai-ha-noi,blog/app/chinh-sach-du-lieu-cua-ung-dung-thue-xe-tai-ha-noi/index.html,blog/app/,,no,no-external,blog/app/; /,none,yes,MotoAI Editorial,,,0,,,
BA-0998,B20,RENT,PLANNED,thuê xe chạy dịch vụ cho sinh viên,Thuê xe máy; thuê xe chạy dịch vụ cho sinh viên,commercial-informational,Thuê xe Chạy Dịch vụ Cho Sinh Viên,thue-xe-chay-dich-vu-cho-sinh-vien,blog/thue-xe/thue-xe-chay-dich-vu-cho-sinh-vien/index.html,blog/thue-xe/,,no,no-external,blog/thue-xe/; /,none,yes,MotoAI Editorial,,,0,,,
BA-0999,B20,EV,PLANNED,thời gian sạc xe máy điện mùa hè,Xe điện / xe máy điện; thời gian sạc xe máy điện mùa hè,informational-product,Thời Gian Sạc xe Máy Điện Mùa hè,thoi-gian-sac-xe-may-dien-mua-he,blog/xe-dien/thoi-gian-sac-xe-may-dien-mua-he/index.html,blog/xe-dien/,,no,no-external,blog/xe-dien/; /,none,yes,MotoAI Editorial,,,0,,,
BA-1000,B20,GUIDE,PLANNED,đổi xe giữa kỳ thuê nhanh gọn,Hướng dẫn / thủ tục; đổi xe giữa kỳ thuê nhanh gọn,informational,Đổi xe Giữa kỳ Thuê Nhanh Gọn,doi-xe-giua-ky-thue-nhanh-gon,blog/huong-dan/doi-xe-giua-ky-thue-nhanh-gon/index.html,blog/huong-dan/,,no,no-external,blog/huong-dan/; /,none,yes,MotoAI Editorial,,,0,,,
BA-1001,B21,SAFE,PLANNED,quy định mũ bảo hiểm trẻ em tóm tắt,An toàn / pháp lý; quy định mũ bảo hiểm trẻ em tóm tắt,informational-legal,Quy Định mũ Bảo Hiểm Trẻ em Tóm Tắt,quy-dinh-mu-bao-hiem-tre-em-tom-tat,blog/an-toan/quy-dinh-mu-bao-hiem-tre-em-tom-tat/index.html,blog/an-toan/,,yes,legal-gate,blog/an-toan/; /,none,no,MotoAI Editorial,,,0,,,legal-gate: CLAIM->SUBJECT->CONDITION->RULE->VERSION->PRIMARY SOURCE required
BA-1002,B21,LOCAL,PLANNED,thanh hóa và xe đường dài cuối tuần,Địa phương / du lịch; thanh hóa và xe đường dài cuối tuần,local-informational,Thanh Hóa và xe Đường Dài Cuối Tuần,thanh-hoa-va-xe-duong-dai-cuoi-tuan,blog/dia-phuong/thanh-hoa-va-xe-duong-dai-cuoi-tuan/index.html,blog/dia-phuong/,Hà Nội (khu vực),no,no-external,blog/dia-phuong/; /,none,yes,MotoAI Editorial,,,0,,,
BA-1003,B21,APP,PLANNED,câu hỏi thường gặp về app thuê xe tại Hà Nội,App & Ứng dụng; câu hỏi thường gặp về app thuê xe tại Hà Nội,informational-product,Câu Hỏi Thường Gặp về App Thuê xe Tại Hà Nội,cau-hoi-thuong-gap-ve-app-thue-xe-tai-ha-noi,blog/app/cau-hoi-thuong-gap-ve-app-thue-xe-tai-ha-noi/index.html,blog/app/,,no,no-external,blog/app/; /,none,yes,MotoAI Editorial,,,0,,,
BA-1004,B21,RENT,PLANNED,chọn xe theo mục đích sử dụng cho sinh viên,Thuê xe máy; chọn xe theo mục đích sử dụng cho sinh viên,commercial-informational,Chọn xe Theo Mục Đích sử Dụng Cho Sinh Viên,chon-xe-theo-muc-dich-su-dung-cho-sinh-vien,blog/thue-xe/chon-xe-theo-muc-dich-su-dung-cho-sinh-vien/index.html,blog/thue-xe/,,no,no-external,blog/thue-xe/; /,none,yes,MotoAI Editorial,,,0,,,
BA-1005,B21,EV,PLANNED,chi phí điện khi thuê xe điện mùa hè,Xe điện / xe máy điện; chi phí điện khi thuê xe điện mùa hè,informational-product,Chi Phí Điện Khi Thuê xe Điện Mùa hè,chi-phi-dien-khi-thue-xe-dien-mua-he,blog/xe-dien/chi-phi-dien-khi-thue-xe-dien-mua-he/index.html,blog/xe-dien/,,no,no-external,blog/xe-dien/; /,none,yes,MotoAI Editorial,,,0,,,
BA-1006,B21,GUIDE,PLANNED,gia hạn thời gian thuê nhanh gọn,Hướng dẫn / thủ tục; gia hạn thời gian thuê nhanh gọn,informational,Gia Hạn Thời Gian Thuê Nhanh Gọn,gia-han-thoi-gian-thue-nhanh-gon,blog/huong-dan/gia-han-thoi-gian-thue-nhanh-gon/index.html,blog/huong-dan/,,no,no-external,blog/huong-dan/; /,none,yes,MotoAI Editorial,,,0,,,
BA-1007,B21,SAFE,PLANNED,đeo nón đúng cách tóm tắt,An toàn / pháp lý; đeo nón đúng cách tóm tắt,informational-legal,Đeo Nón Đúng Cách Tóm Tắt,deo-non-dung-cach-tom-tat,blog/an-toan/deo-non-dung-cach-tom-tat/index.html,blog/an-toan/,,yes,legal-gate,blog/an-toan/; /,none,no,MotoAI Editorial,,,0,,,legal-gate: CLAIM->SUBJECT->CONDITION->RULE->VERSION->PRIMARY SOURCE required
BA-1008,B21,LOCAL,PLANNED,tràng an ride cuối tuần,Địa phương / du lịch; tràng an ride cuối tuần,local-informational,Tràng an Ride Cuối Tuần,trang-an-ride-cuoi-tuan,blog/dia-phuong/trang-an-ride-cuoi-tuan/index.html,blog/dia-phuong/,Hà Nội (khu vực),no,no-external,blog/dia-phuong/; /,none,yes,MotoAI Editorial,,,0,,,
BA-1009,B21,APP,PLANNED,dùng ứng dụng thuê xe khi đi du lịch Hà Nội tại Hà Nội,App & Ứng dụng; dùng ứng dụng thuê xe khi đi du lịch Hà Nội tại Hà Nội,informational-product,Dùng Ứng Dụng Thuê xe Khi đi du Lịch Hà Nội Tại Hà Nội,dung-ung-dung-thue-xe-khi-di-du-lich-ha-noi-tai-ha-noi,blog/app/dung-ung-dung-thue-xe-khi-di-du-lich-ha-noi-tai-ha-noi/index.html,blog/app/,,no,no-external,blog/app/; /,none,yes,MotoAI Editorial,,,0,,,
BA-1010,B21,RENT,PLANNED,thuê xe số hay xe ga cho người mới cho sinh viên,Thuê xe máy; thuê xe số hay xe ga cho người mới cho sinh viên,commercial-informational,Thuê xe số Hay xe ga Cho Người Mới Cho Sinh Viên,thue-xe-so-hay-xe-ga-cho-nguoi-moi-cho-sinh-vien,blog/thue-xe/thue-xe-so-hay-xe-ga-cho-nguoi-moi-cho-sinh-vien/index.html,blog/thue-xe/,,no,no-external,blog/thue-xe/; /,none,yes,MotoAI Editorial,,,0,,,
BA-1011,B21,EV,PLANNED,thuê xe điện có rẻ không mùa hè,Xe điện / xe máy điện; thuê xe điện có rẻ không mùa hè,informational-product,Thuê xe Điện có rẻ Không Mùa hè,thue-xe-dien-co-re-khong-mua-he,blog/xe-dien/thue-xe-dien-co-re-khong-mua-he/index.html,blog/xe-dien/,,no,no-external,blog/xe-dien/; /,none,yes,MotoAI Editorial,,,0,,,
BA-1012,B21,GUIDE,PLANNED,chở hành lý khi thuê xe nhanh gọn,Hướng dẫn / thủ tục; chở hành lý khi thuê xe nhanh gọn,informational,Chở Hành lý Khi Thuê xe Nhanh Gọn,cho-hanh-ly-khi-thue-xe-nhanh-gon,blog/huong-dan/cho-hanh-ly-khi-thue-xe-nhanh-gon/index.html,blog/huong-dan/,,no,no-external,blog/huong-dan/; /,none,yes,MotoAI Editorial,,,0,,,
BA-1013,B21,SAFE,PLANNED,thuốc và lái xe tóm tắt,An toàn / pháp lý; thuốc và lái xe tóm tắt,informational-legal,Thuốc và Lái xe Tóm Tắt,thuoc-va-lai-xe-tom-tat,blog/an-toan/thuoc-va-lai-xe-tom-tat/index.html,blog/an-toan/,,yes,legal-gate,blog/an-toan/; /,none,no,MotoAI Editorial,,,0,,,legal-gate: CLAIM->SUBJECT->CONDITION->RULE->VERSION->PRIMARY SOURCE required
BA-1014,B21,LOCAL,PLANNED,bái đính xe máy cuối tuần,Địa phương / du lịch; bái đính xe máy cuối tuần,local-informational,Bái Đính xe Máy Cuối Tuần,bai-dinh-xe-may-cuoi-tuan,blog/dia-phuong/bai-dinh-xe-may-cuoi-tuan/index.html,blog/dia-phuong/,Hà Nội (khu vực),no,no-external,blog/dia-phuong/; /,none,yes,MotoAI Editorial,,,0,,,
BA-1015,B21,APP,PLANNED,lộ trình tính năng của ứng dụng thuê xe máy tại Hà Nội,App & Ứng dụng; lộ trình tính năng của ứng dụng thuê xe máy tại Hà Nội,informational-product,lộ Trình Tính Năng Của Ứng Dụng Thuê xe Máy Tại Hà Nội,lo-trinh-tinh-nang-cua-ung-dung-thue-xe-may-tai-ha-noi,blog/app/lo-trinh-tinh-nang-cua-ung-dung-thue-xe-may-tai-ha-noi/index.html,blog/app/,,no,no-external,blog/app/; /,none,yes,MotoAI Editorial,,,0,,,
BA-1016,B21,RENT,PLANNED,xe nào tiết kiệm xăng khi thuê cho sinh viên,Thuê xe máy; xe nào tiết kiệm xăng khi thuê cho sinh viên,commercial-informational,xe Nào Tiết Kiệm Xăng Khi Thuê Cho Sinh Viên,xe-nao-tiet-kiem-xang-khi-thue-cho-sinh-vien,blog/thue-xe/xe-nao-tiet-kiem-xang-khi-thue-cho-sinh-vien/index.html,blog/thue-xe/,,no,no-external,blog/thue-xe/; /,none,yes,MotoAI Editorial,,,0,,,
BA-1017,B21,EV,PLANNED,xe điện chạy bao xa mùa hè,Xe điện / xe máy điện; xe điện chạy bao xa mùa hè,informational-product,xe Điện Chạy Bao xa Mùa hè,xe-dien-chay-bao-xa-mua-he,blog/xe-dien/xe-dien-chay-bao-xa-mua-he/index.html,blog/xe-dien/,,no,no-external,blog/xe-dien/; /,none,yes,MotoAI Editorial,,,0,,,
BA-1018,B21,GUIDE,PLANNED,đi hai người trên xe thuê nhanh gọn,Hướng dẫn / thủ tục; đi hai người trên xe thuê nhanh gọn,informational,đi Hai Người Trên xe Thuê Nhanh Gọn,di-hai-nguoi-tren-xe-thue-nhanh-gon,blog/huong-dan/di-hai-nguoi-tren-xe-thue-nhanh-gon/index.html,blog/huong-dan/,,no,no-external,blog/huong-dan/; /,none,yes,MotoAI Editorial,,,0,,,
BA-1019,B21,SAFE,PLANNED,mệt mỏi khi lái đường dài tóm tắt,An toàn / pháp lý; mệt mỏi khi lái đường dài tóm tắt,informational-legal,Mệt Mỏi Khi Lái Đường Dài Tóm Tắt,met-moi-khi-lai-duong-dai-tom-tat,blog/an-toan/met-moi-khi-lai-duong-dai-tom-tat/index.html,blog/an-toan/,,yes,legal-gate,blog/an-toan/; /,none,no,MotoAI Editorial,,,0,,,legal-gate: CLAIM->SUBJECT->CONDITION->RULE->VERSION->PRIMARY SOURCE required
BA-1020,B21,LOCAL,PLANNED,cúc phương weekend cuối tuần,Địa phương / du lịch; cúc phương weekend cuối tuần,local-informational,Cúc Phương Weekend Cuối Tuần,cuc-phuong-weekend-cuoi-tuan,blog/dia-phuong/cuc-phuong-weekend-cuoi-tuan/index.html,blog/dia-phuong/,Hà Nội (khu vực),no,no-external,blog/dia-phuong/; /,none,yes,MotoAI Editorial,,,0,,,
BA-1021,B21,APP,PLANNED,ứng dụng thuê xe và khách vãng lai tại Hà Nội,App & Ứng dụng; ứng dụng thuê xe và khách vãng lai tại Hà Nội,informational-product,Ứng Dụng Thuê xe và Khách Vãng Lai Tại Hà Nội,ung-dung-thue-xe-va-khach-vang-lai-tai-ha-noi,blog/app/ung-dung-thue-xe-va-khach-vang-lai-tai-ha-noi/index.html,blog/app/,,no,no-external,blog/app/; /,none,yes,MotoAI Editorial,,,0,,,
BA-1022,B21,RENT,PLANNED,xe nào dễ điều khiển cho sinh viên,Thuê xe máy; xe nào dễ điều khiển cho sinh viên,commercial-informational,xe Nào dễ Điều Khiển Cho Sinh Viên,xe-nao-de-dieu-khien-cho-sinh-vien,blog/thue-xe/xe-nao-de-dieu-khien-cho-sinh-vien/index.html,blog/thue-xe/,,no,no-external,blog/thue-xe/; /,none,yes,MotoAI Editorial,,,0,,,
BA-1023,B21,EV,PLANNED,xe máy điện cho người mới mùa hè,Xe điện / xe máy điện; xe máy điện cho người mới mùa hè,informational-product,xe Máy Điện Cho Người Mới Mùa hè,xe-may-dien-cho-nguoi-moi-mua-he,blog/xe-dien/xe-may-dien-cho-nguoi-moi-mua-he/index.html,blog/xe-dien/,,no,no-external,blog/xe-dien/; /,none,yes,MotoAI Editorial,,,0,,,
BA-1024,B21,GUIDE,PLANNED,bản đồ và định vị khi thuê xe nhanh gọn,Hướng dẫn / thủ tục; bản đồ và định vị khi thuê xe nhanh gọn,informational,Bản đồ và Định vị Khi Thuê xe Nhanh Gọn,ban-do-va-dinh-vi-khi-thue-xe-nhanh-gon,blog/huong-dan/ban-do-va-dinh-vi-khi-thue-xe-nhanh-gon/index.html,blog/huong-dan/,,no,no-external,blog/huong-dan/; /,none,yes,MotoAI Editorial,,,0,,,
BA-1025,B21,SAFE,PLANNED,đi nhóm an toàn tóm tắt,An toàn / pháp lý; đi nhóm an toàn tóm tắt,informational-legal,đi Nhóm an Toàn Tóm Tắt,di-nhom-an-toan-tom-tat,blog/an-toan/di-nhom-an-toan-tom-tat/index.html,blog/an-toan/,,yes,legal-gate,blog/an-toan/; /,none,no,MotoAI Editorial,,,0,,,legal-gate: CLAIM->SUBJECT->CONDITION->RULE->VERSION->PRIMARY SOURCE required
BA-1026,B21,LOCAL,PLANNED,hành trình mài châu cuối tuần,Địa phương / du lịch; hành trình mài châu cuối tuần,local-informational,Hành Trình Mài Châu Cuối Tuần,hanh-trinh-mai-chau-cuoi-tuan,blog/dia-phuong/hanh-trinh-mai-chau-cuoi-tuan/index.html,blog/dia-phuong/,Hà Nội (khu vực),no,no-external,blog/dia-phuong/; /,none,yes,MotoAI Editorial,,,0,,,
BA-1027,B21,APP,PLANNED,cách gửi feedback cho ứng dụng thuê xe tại Hà Nội,App & Ứng dụng; cách gửi feedback cho ứng dụng thuê xe tại Hà Nội,informational-product,Cách Gửi Feedback Cho Ứng Dụng Thuê xe Tại Hà Nội,cach-gui-feedback-cho-ung-dung-thue-xe-tai-ha-noi,blog/app/cach-gui-feedback-cho-ung-dung-thue-xe-tai-ha-noi/index.html,blog/app/,,no,no-external,blog/app/; /,none,yes,MotoAI Editorial,,,0,,,
BA-1028,B21,RENT,PLANNED,thuê xe máy cũ hay mới cho sinh viên,Thuê xe máy; thuê xe máy cũ hay mới cho sinh viên,commercial-informational,Thuê xe Máy cũ Hay Mới Cho Sinh Viên,thue-xe-may-cu-hay-moi-cho-sinh-vien,blog/thue-xe/thue-xe-may-cu-hay-moi-cho-sinh-vien/index.html,blog/thue-xe/,,no,no-external,blog/thue-xe/; /,none,yes,MotoAI Editorial,,,0,,,
BA-1029,B21,EV,PLANNED,xe điện an toàn không mùa hè,Xe điện / xe máy điện; xe điện an toàn không mùa hè,informational-product,xe Điện an Toàn Không Mùa hè,xe-dien-an-toan-khong-mua-he,blog/xe-dien/xe-dien-an-toan-khong-mua-he/index.html,blog/xe-dien/,,no,no-external,blog/xe-dien/; /,none,yes,MotoAI Editorial,,,0,,,
BA-1030,B21,GUIDE,PLANNED,ứng dụng bản đồ cho người thuê xe nhanh gọn,Hướng dẫn / thủ tục; ứng dụng bản đồ cho người thuê xe nhanh gọn,informational,Ứng Dụng Bản đồ Cho Người Thuê xe Nhanh Gọn,ung-dung-ban-do-cho-nguoi-thue-xe-nhanh-gon,blog/huong-dan/ung-dung-ban-do-cho-nguoi-thue-xe-nhanh-gon/index.html,blog/huong-dan/,,no,no-external,blog/huong-dan/; /,none,yes,MotoAI Editorial,,,0,,,
BA-1031,B21,SAFE,PLANNED,bão và xe máy tóm tắt,An toàn / pháp lý; bão và xe máy tóm tắt,informational-legal,Bão và xe Máy Tóm Tắt,bao-va-xe-may-tom-tat,blog/an-toan/bao-va-xe-may-tom-tat/index.html,blog/an-toan/,,yes,legal-gate,blog/an-toan/; /,none,no,MotoAI Editorial,,,0,,,legal-gate: CLAIM->SUBJECT->CONDITION->RULE->VERSION->PRIMARY SOURCE required
BA-1032,B21,LOCAL,PLANNED,đà lạt đường xa cuối tuần,Địa phương / du lịch; đà lạt đường xa cuối tuần,local-informational,đà Lạt Đường xa Cuối Tuần,da-lat-duong-xa-cuoi-tuan,blog/dia-phuong/da-lat-duong-xa-cuoi-tuan/index.html,blog/dia-phuong/,Hà Nội (khu vực),no,no-external,blog/dia-phuong/; /,none,yes,MotoAI Editorial,,,0,,,
BA-1033,B21,APP,PLANNED,module gợi ý xe trong ứng dụng thuê xe tại Hà Nội,App & Ứng dụng; module gợi ý xe trong ứng dụng thuê xe tại Hà Nội,informational-product,Module Gợi ý xe Trong Ứng Dụng Thuê xe Tại Hà Nội,module-goi-y-xe-trong-ung-dung-thue-xe-tai-ha-noi,blog/app/module-goi-y-xe-trong-ung-dung-thue-xe-tai-ha-noi/index.html,blog/app/,,no,no-external,blog/app/; /,none,yes,MotoAI Editorial,,,0,,,
BA-1034,B21,RENT,PLANNED,tình trạng xe tại cửa hàng cho sinh viên,Thuê xe máy; tình trạng xe tại cửa hàng cho sinh viên,commercial-informational,Tình Trạng xe Tại Cửa Hàng Cho Sinh Viên,tinh-trang-xe-tai-cua-hang-cho-sinh-vien,blog/thue-xe/tinh-trang-xe-tai-cua-hang-cho-sinh-vien/index.html,blog/thue-xe/,,no,no-external,blog/thue-xe/; /,none,yes,MotoAI Editorial,,,0,,,
BA-1035,B21,EV,PLANNED,bảo dưỡng xe điện mùa hè,Xe điện / xe máy điện; bảo dưỡng xe điện mùa hè,informational-product,Bảo Dưỡng xe Điện Mùa hè,bao-duong-xe-dien-mua-he,blog/xe-dien/bao-duong-xe-dien-mua-he/index.html,blog/xe-dien/,,no,no-external,blog/xe-dien/; /,none,yes,MotoAI Editorial,,,0,,,
BA-1036,B21,GUIDE,PLANNED,kỹ năng lái xe an toàn cơ bản nhanh gọn,Hướng dẫn / thủ tục; kỹ năng lái xe an toàn cơ bản nhanh gọn,informational,kỹ Năng Lái xe an Toàn cơ Bản Nhanh Gọn,ky-nang-lai-xe-an-toan-co-ban-nhanh-gon,blog/huong-dan/ky-nang-lai-xe-an-toan-co-ban-nhanh-gon/index.html,blog/huong-dan/,,no,no-external,blog/huong-dan/; /,none,yes,MotoAI Editorial,,,0,,,
BA-1037,B21,SAFE,PLANNED,ngập nước và xe máy tóm tắt,An toàn / pháp lý; ngập nước và xe máy tóm tắt,informational-legal,Ngập Nước và xe Máy Tóm Tắt,ngap-nuoc-va-xe-may-tom-tat,blog/an-toan/ngap-nuoc-va-xe-may-tom-tat/index.html,blog/an-toan/,,yes,legal-gate,blog/an-toan/; /,none,no,MotoAI Editorial,,,0,,,legal-gate: CLAIM->SUBJECT->CONDITION->RULE->VERSION->PRIMARY SOURCE required
BA-1038,B21,LOCAL,PLANNED,huế xuyên việt cuối tuần,Địa phương / du lịch; huế xuyên việt cuối tuần,local-informational,Huế Xuyên Việt Cuối Tuần,hue-xuyen-viet-cuoi-tuan,blog/dia-phuong/hue-xuyen-viet-cuoi-tuan/index.html,blog/dia-phuong/,Hà Nội (khu vực),no,no-external,blog/dia-phuong/; /,none,yes,MotoAI Editorial,,,0,,,
BA-1039,B21,APP,PLANNED,tại sao nên dùng ứng dụng trước khi gọi điện tại Hà Nội,App & Ứng dụng; tại sao nên dùng ứng dụng trước khi gọi điện tại Hà Nội,informational-product,Tại Sao Nên Dùng Ứng Dụng Trước Khi Gọi Điện Tại Hà Nội,tai-sao-nen-dung-ung-dung-truoc-khi-goi-dien-tai-ha-noi,blog/app/tai-sao-nen-dung-ung-dung-truoc-khi-goi-dien-tai-ha-noi/index.html,blog/app/,,no,no-external,blog/app/; /,none,yes,MotoAI Editorial,,,0,,,
BA-1040,B21,RENT,PLANNED,đồngo kèm theo xe thuê cho sinh viên,Thuê xe máy; đồngo kèm theo xe thuê cho sinh viên,commercial-informational,Đồngo Kèm Theo xe Thuê Cho Sinh Viên,dongo-kem-theo-xe-thue-cho-sinh-vien,blog/thue-xe/dongo-kem-theo-xe-thue-cho-sinh-vien/index.html,blog/thue-xe/,,no,no-external,blog/thue-xe/; /,none,yes,MotoAI Editorial,,,0,,,
BA-1041,B21,EV,PLANNED,xe điện khi mưa mùa hè,Xe điện / xe máy điện; xe điện khi mưa mùa hè,informational-product,xe Điện Khi Mưa Mùa hè,xe-dien-khi-mua-mua-he,blog/xe-dien/xe-dien-khi-mua-mua-he/index.html,blog/xe-dien/,,no,no-external,blog/xe-dien/; /,none,yes,MotoAI Editorial,,,0,,,
BA-1042,B21,GUIDE,PLANNED,chạy xe số cho người mới nhanh gọn,Hướng dẫn / thủ tục; chạy xe số cho người mới nhanh gọn,informational,Chạy xe số Cho Người Mới Nhanh Gọn,chay-xe-so-cho-nguoi-moi-nhanh-gon,blog/huong-dan/chay-xe-so-cho-nguoi-moi-nhanh-gon/index.html,blog/huong-dan/,,no,no-external,blog/huong-dan/; /,none,yes,MotoAI Editorial,,,0,,,
BA-1043,B21,SAFE,PLANNED,trộm xe và phòng ngừa tóm tắt,An toàn / pháp lý; trộm xe và phòng ngừa tóm tắt,informational-legal,Trộm xe và Phòng Ngừa Tóm Tắt,trom-xe-va-phong-ngua-tom-tat,blog/an-toan/trom-xe-va-phong-ngua-tom-tat/index.html,blog/an-toan/,,yes,legal-gate,blog/an-toan/; /,none,no,MotoAI Editorial,,,0,,,legal-gate: CLAIM->SUBJECT->CONDITION->RULE->VERSION->PRIMARY SOURCE required
BA-1044,B21,LOCAL,PLANNED,đà nẵng hành trình bắc nam cuối tuần,Địa phương / du lịch; đà nẵng hành trình bắc nam cuối tuần,local-informational,đà Nẵng Hành Trình Bắc Nam Cuối Tuần,da-nang-hanh-trinh-bac-nam-cuoi-tuan,blog/dia-phuong/da-nang-hanh-trinh-bac-nam-cuoi-tuan/index.html,blog/dia-phuong/,Hà Nội (khu vực),no,no-external,blog/dia-phuong/; /,none,yes,MotoAI Editorial,,,0,,,
BA-1045,B21,APP,PLANNED,soạn câu hỏi hiệu quả cho Agent thuê xe tại Hà Nội,App & Ứng dụng; soạn câu hỏi hiệu quả cho Agent thuê xe tại Hà Nội,informational-product,Soạn Câu Hỏi Hiệu Quả Cho Agent Thuê xe Tại Hà Nội,soan-cau-hoi-hieu-qua-cho-agent-thue-xe-tai-ha-noi,blog/app/soan-cau-hoi-hieu-qua-cho-agent-thue-xe-tai-ha-noi/index.html,blog/app/,,no,no-external,blog/app/; /,none,yes,MotoAI Editorial,,,0,,,
BA-1046,B21,RENT,PLANNED,mũ bảo hiểm khi thuê xe cho sinh viên,Thuê xe máy; mũ bảo hiểm khi thuê xe cho sinh viên,commercial-informational,mũ Bảo Hiểm Khi Thuê xe Cho Sinh Viên,mu-bao-hiem-khi-thue-xe-cho-sinh-vien,blog/thue-xe/mu-bao-hiem-khi-thue-xe-cho-sinh-vien/index.html,blog/thue-xe/,,no,no-external,blog/thue-xe/; /,none,yes,MotoAI Editorial,,,0,,,
BA-1047,B21,EV,PLANNED,đi xe điện đường dài mùa hè,Xe điện / xe máy điện; đi xe điện đường dài mùa hè,informational-product,đi xe Điện Đường Dài Mùa hè,di-xe-dien-duong-dai-mua-he,blog/xe-dien/di-xe-dien-duong-dai-mua-he/index.html,blog/xe-dien/,,no,no-external,blog/xe-dien/; /,none,yes,MotoAI Editorial,,,0,,,
BA-1048,B21,GUIDE,PLANNED,chạy xe ga lần đầu nhanh gọn,Hướng dẫn / thủ tục; chạy xe ga lần đầu nhanh gọn,informational,Chạy xe ga Lần Đầu Nhanh Gọn,chay-xe-ga-lan-dau-nhanh-gon,blog/huong-dan/chay-xe-ga-lan-dau-nhanh-gon/index.html,blog/huong-dan/,,no,no-external,blog/huong-dan/; /,none,yes,MotoAI Editorial,,,0,,,
BA-1049,B21,SAFE,PLANNED,camera phạt nguội khi thuê xe tóm tắt,An toàn / pháp lý; camera phạt nguội khi thuê xe tóm tắt,informational-legal,Camera Phạt Nguội Khi Thuê xe Tóm Tắt,camera-phat-nguoi-khi-thue-xe-tom-tat,blog/an-toan/camera-phat-nguoi-khi-thue-xe-tom-tat/index.html,blog/an-toan/,,yes,legal-gate,blog/an-toan/; /,none,no,MotoAI Editorial,,,0,,,legal-gate: CLAIM->SUBJECT->CONDITION->RULE->VERSION->PRIMARY SOURCE required
BA-1050,B21,LOCAL,PLANNED,hội an cuối tuần cuối tuần,Địa phương / du lịch; hội an cuối tuần cuối tuần,local-informational,Hội an Cuối Tuần Cuối Tuần,hoi-an-cuoi-tuan-cuoi-tuan,blog/dia-phuong/hoi-an-cuoi-tuan-cuoi-tuan/index.html,blog/dia-phuong/,Hà Nội (khu vực),no,no-external,blog/dia-phuong/; /,none,yes,MotoAI Editorial,,,0,,,
BA-1051,B22,APP,PLANNED,ứng dụng thuê xe và người mới biết lái xe tại Hà Nội,App & Ứng dụng; ứng dụng thuê xe và người mới biết lái xe tại Hà Nội,informational-product,Ứng Dụng Thuê xe và Người Mới Biết Lái xe Tại Hà Nội,ung-dung-thue-xe-va-nguoi-moi-biet-lai-xe-tai-ha-noi,blog/app/ung-dung-thue-xe-va-nguoi-moi-biet-lai-xe-tai-ha-noi/index.html,blog/app/,,no,no-external,blog/app/; /,none,yes,MotoAI Editorial,,,0,,,
BA-1052,B22,RENT,PLANNED,áo mưa khi thuê xe máy cho sinh viên,Thuê xe máy; áo mưa khi thuê xe máy cho sinh viên,commercial-informational,áo Mưa Khi Thuê xe Máy Cho Sinh Viên,ao-mua-khi-thue-xe-may-cho-sinh-vien,blog/thue-xe/ao-mua-khi-thue-xe-may-cho-sinh-vien/index.html,blog/thue-xe/,,no,no-external,blog/thue-xe/; /,none,yes,MotoAI Editorial,,,0,,,
BA-1053,B22,EV,PLANNED,xe điện trong phố mùa hè,Xe điện / xe máy điện; xe điện trong phố mùa hè,informational-product,xe Điện Trong Phố Mùa hè,xe-dien-trong-pho-mua-he,blog/xe-dien/xe-dien-trong-pho-mua-he/index.html,blog/xe-dien/,,no,no-external,blog/xe-dien/; /,none,yes,MotoAI Editorial,,,0,,,
BA-1054,B22,GUIDE,PLANNED,chạy xe điện lần đầu nhanh gọn,Hướng dẫn / thủ tục; chạy xe điện lần đầu nhanh gọn,informational,Chạy xe Điện Lần Đầu Nhanh Gọn,chay-xe-dien-lan-dau-nhanh-gon,blog/huong-dan/chay-xe-dien-lan-dau-nhanh-gon/index.html,blog/huong-dan/,,no,no-external,blog/huong-dan/; /,none,yes,MotoAI Editorial,,,0,,,
BA-1055,B22,SAFE,PLANNED,phạt nguội và xe thuê tóm tắt,An toàn / pháp lý; phạt nguội và xe thuê tóm tắt,informational-legal,Phạt Nguội và xe Thuê Tóm Tắt,phat-nguoi-va-xe-thue-tom-tat,blog/an-toan/phat-nguoi-va-xe-thue-tom-tat/index.html,blog/an-toan/,,yes,legal-gate,blog/an-toan/; /,none,no,MotoAI Editorial,,,0,,,legal-gate: CLAIM->SUBJECT->CONDITION->RULE->VERSION->PRIMARY SOURCE required
BA-1056,B22,LOCAL,PLANNED,sài gòn đường nam cuối tuần,Địa phương / du lịch; sài gòn đường nam cuối tuần,local-informational,Sài Gòn Đường Nam Cuối Tuần,sai-gon-duong-nam-cuoi-tuan,blog/dia-phuong/sai-gon-duong-nam-cuoi-tuan/index.html,blog/dia-phuong/,Hà Nội (khu vực),no,no-external,blog/dia-phuong/; /,none,yes,MotoAI Editorial,,,0,,,
BA-1057,B22,APP,PLANNED,cảnh giác với app thuê xe giả mạo tại Hà Nội,App & Ứng dụng; cảnh giác với app thuê xe giả mạo tại Hà Nội,informational-product,Cảnh Giác Với App Thuê xe Giả Mạo Tại Hà Nội,canh-giac-voi-app-thue-xe-gia-mao-tai-ha-noi,blog/app/canh-giac-voi-app-thue-xe-gia-mao-tai-ha-noi/index.html,blog/app/,,no,no-external,blog/app/; /,none,yes,MotoAI Editorial,,,0,,,
BA-1058,B22,RENT,PLANNED,giá xe tháng cho sinh viên cho sinh viên,Thuê xe máy; giá xe tháng cho sinh viên cho sinh viên,commercial-informational,Giá xe Tháng Cho Sinh Viên Cho Sinh Viên,gia-xe-thang-cho-sinh-vien-cho-sinh-vien,blog/thue-xe/gia-xe-thang-cho-sinh-vien-cho-sinh-vien/index.html,blog/thue-xe/,,no,no-external,blog/thue-xe/; /,none,yes,MotoAI Editorial,,,0,,,
BA-1059,B22,EV,PLANNED,xe điện chở hai người mùa hè,Xe điện / xe máy điện; xe điện chở hai người mùa hè,informational-product,xe Điện Chở Hai Người Mùa hè,xe-dien-cho-hai-nguoi-mua-he,blog/xe-dien/xe-dien-cho-hai-nguoi-mua-he/index.html,blog/xe-dien/,,no,no-external,blog/xe-dien/; /,none,yes,MotoAI Editorial,,,0,,,
BA-1060,B22,GUIDE,PLANNED,đỗ xe ở hà nội nhanh gọn,Hướng dẫn / thủ tục; đỗ xe ở hà nội nhanh gọn,informational,đỗ xe ở hà Nội Nhanh Gọn,do-xe-o-ha-noi-nhanh-gon,blog/huong-dan/do-xe-o-ha-noi-nhanh-gon/index.html,blog/huong-dan/,,no,no-external,blog/huong-dan/; /,none,yes,MotoAI Editorial,,,0,,,
BA-1061,B22,SAFE,PLANNED,ai chịu phạt khi đi xe thuê tóm tắt,An toàn / pháp lý; ai chịu phạt khi đi xe thuê tóm tắt,informational-legal,ai Chịu Phạt Khi đi xe Thuê Tóm Tắt,ai-chiu-phat-khi-di-xe-thue-tom-tat,blog/an-toan/ai-chiu-phat-khi-di-xe-thue-tom-tat/index.html,blog/an-toan/,,yes,legal-gate,blog/an-toan/; /,none,no,MotoAI Editorial,,,0,,,legal-gate: CLAIM->SUBJECT->CONDITION->RULE->VERSION->PRIMARY SOURCE required
BA-1062,B22,LOCAL,PLANNED,mekong delta ride cuối tuần,Địa phương / du lịch; mekong delta ride cuối tuần,local-informational,Mekong Delta Ride Cuối Tuần,mekong-delta-ride-cuoi-tuan,blog/dia-phuong/mekong-delta-ride-cuoi-tuan/index.html,blog/dia-phuong/,Hà Nội (khu vực),no,no-external,blog/dia-phuong/; /,none,yes,MotoAI Editorial,,,0,,,
BA-1063,B22,APP,PLANNED,trợ lý thuê xe xử lý câu hỏi đa ngôn ngữ tại Hà Nội,App & Ứng dụng; trợ lý thuê xe xử lý câu hỏi đa ngôn ngữ tại Hà Nội,informational-product,Trợ lý Thuê xe xử lý Câu Hỏi đa Ngôn Ngữ Tại Hà Nội,tro-ly-thue-xe-xu-ly-cau-hoi-da-ngon-ngu-tai-ha-noi,blog/app/tro-ly-thue-xe-xu-ly-cau-hoi-da-ngon-ngu-tai-ha-noi/index.html,blog/app/,,no,no-external,blog/app/; /,none,yes,MotoAI Editorial,,,0,,,
BA-1064,B22,RENT,PLANNED,thuê xe dài hạn cho người đi làm cho sinh viên,Thuê xe máy; thuê xe dài hạn cho người đi làm cho sinh viên,commercial-informational,Thuê xe Dài Hạn Cho Người đi Làm Cho Sinh Viên,thue-xe-dai-han-cho-nguoi-di-lam-cho-sinh-vien,blog/thue-xe/thue-xe-dai-han-cho-nguoi-di-lam-cho-sinh-vien/index.html,blog/thue-xe/,,no,no-external,blog/thue-xe/; /,none,yes,MotoAI Editorial,,,0,,,
BA-1065,B22,EV,PLANNED,vận tốc xe máy điện mùa hè,Xe điện / xe máy điện; vận tốc xe máy điện mùa hè,informational-product,Vận Tốc xe Máy Điện Mùa hè,van-toc-xe-may-dien-mua-he,blog/xe-dien/van-toc-xe-may-dien-mua-he/index.html,blog/xe-dien/,,no,no-external,blog/xe-dien/; /,none,yes,MotoAI Editorial,,,0,,,
BA-1066,B22,GUIDE,PLANNED,luật đỗ xe phố cổ nhanh gọn,Hướng dẫn / thủ tục; luật đỗ xe phố cổ nhanh gọn,informational,Luật đỗ xe Phố cổ Nhanh Gọn,luat-do-xe-pho-co-nhanh-gon,blog/huong-dan/luat-do-xe-pho-co-nhanh-gon/index.html,blog/huong-dan/,,no,no-external,blog/huong-dan/; /,none,yes,MotoAI Editorial,,,0,,,
BA-1067,B22,SAFE,PLANNED,cầm đồ xe máy đúng luật tóm tắt,An toàn / pháp lý; cầm đồ xe máy đúng luật tóm tắt,informational-legal,Cầm đồ xe Máy Đúng Luật Tóm Tắt,cam-do-xe-may-dung-luat-tom-tat,blog/an-toan/cam-do-xe-may-dung-luat-tom-tat/index.html,blog/an-toan/,,yes,legal-gate,blog/an-toan/; /,none,no,MotoAI Editorial,,,0,,,legal-gate: CLAIM->SUBJECT->CONDITION->RULE->VERSION->PRIMARY SOURCE required
BA-1068,B22,LOCAL,PLANNED,ha giang vòng cung cuối tuần,Địa phương / du lịch; ha giang vòng cung cuối tuần,local-informational,ha Giang Vòng Cung Cuối Tuần,ha-giang-vong-cung-cuoi-tuan,blog/dia-phuong/ha-giang-vong-cung-cuoi-tuan/index.html,blog/dia-phuong/,Hà Nội (khu vực),no,no-external,blog/dia-phuong/; /,none,yes,MotoAI Editorial,,,0,,,
BA-1069,B22,APP,PLANNED,tính năng tìm hiểu thủ tục trong app tại Hà Nội,App & Ứng dụng; tính năng tìm hiểu thủ tục trong app tại Hà Nội,informational-product,Tính Năng Tìm Hiểu Thủ Tục Trong App Tại Hà Nội,tinh-nang-tim-hieu-thu-tuc-trong-app-tai-ha-noi,blog/app/tinh-nang-tim-hieu-thu-tuc-trong-app-tai-ha-noi/index.html,blog/app/,,no,no-external,blog/app/; /,none,yes,MotoAI Editorial,,,0,,,
BA-1070,B22,RENT,PLANNED,hợp đồng thuê xe máy cho sinh viên,Thuê xe máy; hợp đồng thuê xe máy cho sinh viên,commercial-informational,Hợp Đồng Thuê xe Máy Cho Sinh Viên,hop-dong-thue-xe-may-cho-sinh-vien,blog/thue-xe/hop-dong-thue-xe-may-cho-sinh-vien/index.html,blog/thue-xe/,,no,no-external,blog/thue-xe/; /,none,yes,MotoAI Editorial,,,0,,,
BA-1071,B22,EV,PLANNED,đăng ký thuê xe điện mùa hè,Xe điện / xe máy điện; đăng ký thuê xe điện mùa hè,informational-product,Đăng ký Thuê xe Điện Mùa hè,dang-ky-thue-xe-dien-mua-he,blog/xe-dien/dang-ky-thue-xe-dien-mua-he/index.html,blog/xe-dien/,,no,no-external,blog/xe-dien/; /,none,yes,MotoAI Editorial,,,0,,,
BA-1072,B22,GUIDE,PLANNED,trộm cắp xe và xe thuê nhanh gọn,Hướng dẫn / thủ tục; trộm cắp xe và xe thuê nhanh gọn,informational,Trộm Cắp xe và xe Thuê Nhanh Gọn,trom-cap-xe-va-xe-thue-nhanh-gon,blog/huong-dan/trom-cap-xe-va-xe-thue-nhanh-gon/index.html,blog/huong-dan/,,no,no-external,blog/huong-dan/; /,none,yes,MotoAI Editorial,,,0,,,
BA-1073,B22,SAFE,PLANNED,mua bán xe máy giấy tờ tóm tắt,An toàn / pháp lý; mua bán xe máy giấy tờ tóm tắt,informational-legal,Mua Bán xe Máy Giấy tờ Tóm Tắt,mua-ban-xe-may-giay-to-tom-tat,blog/an-toan/mua-ban-xe-may-giay-to-tom-tat/index.html,blog/an-toan/,,yes,legal-gate,blog/an-toan/; /,none,no,MotoAI Editorial,,,0,,,legal-gate: CLAIM->SUBJECT->CONDITION->RULE->VERSION->PRIMARY SOURCE required
BA-1074,B22,LOCAL,PLANNED,cao nguyên đá đồng văn cuối tuần,Địa phương / du lịch; cao nguyên đá đồng văn cuối tuần,local-informational,Cao Nguyên đá Đồng Văn Cuối Tuần,cao-nguyen-da-dong-van-cuoi-tuan,blog/dia-phuong/cao-nguyen-da-dong-van-cuoi-tuan/index.html,blog/dia-phuong/,Hà Nội (khu vực),no,no-external,blog/dia-phuong/; /,none,yes,MotoAI Editorial,,,0,,,
BA-1075,B22,APP,PLANNED,quy trình tư vấn tự động chọn xe tại Hà Nội,App & Ứng dụng; quy trình tư vấn tự động chọn xe tại Hà Nội,informational-product,Quy Trình tư Vấn tự Động Chọn xe Tại Hà Nội,quy-trinh-tu-van-tu-dong-chon-xe-tai-ha-noi,blog/app/quy-trinh-tu-van-tu-dong-chon-xe-tai-ha-noi/index.html,blog/app/,,no,no-external,blog/app/; /,none,yes,MotoAI Editorial,,,0,,,
BA-1076,B22,RENT,PLANNED,thuê xe công ty cho nhân viên cho sinh viên,Thuê xe máy; thuê xe công ty cho nhân viên cho sinh viên,commercial-informational,Thuê xe Công ty Cho Nhân Viên Cho Sinh Viên,thue-xe-cong-ty-cho-nhan-vien-cho-sinh-vien,blog/thue-xe/thue-xe-cong-ty-cho-nhan-vien-cho-sinh-vien/index.html,blog/thue-xe/,,no,no-external,blog/thue-xe/; /,none,yes,MotoAI Editorial,,,0,,,
BA-1077,B22,EV,PLANNED,cọc khi thuê xe điện mùa hè,Xe điện / xe máy điện; cọc khi thuê xe điện mùa hè,informational-product,Cọc Khi Thuê xe Điện Mùa hè,coc-khi-thue-xe-dien-mua-he,blog/xe-dien/coc-khi-thue-xe-dien-mua-he/index.html,blog/xe-dien/,,no,no-external,blog/xe-dien/; /,none,yes,MotoAI Editorial,,,0,,,
BA-1078,B22,GUIDE,PLANNED,khoá xe khi thuê nhanh gọn,Hướng dẫn / thủ tục; khoá xe khi thuê nhanh gọn,informational,Khoá xe Khi Thuê Nhanh Gọn,khoa-xe-khi-thue-nhanh-gon,blog/huong-dan/khoa-xe-khi-thue-nhanh-gon/index.html,blog/huong-dan/,,no,no-external,blog/huong-dan/; /,none,yes,MotoAI Editorial,,,0,,,
BA-1079,B22,SAFE,PLANNED,kiểm định xe máy tóm tắt,An toàn / pháp lý; kiểm định xe máy tóm tắt,informational-legal,Kiểm Định xe Máy Tóm Tắt,kiem-dinh-xe-may-tom-tat,blog/an-toan/kiem-dinh-xe-may-tom-tat/index.html,blog/an-toan/,,yes,legal-gate,blog/an-toan/; /,none,no,MotoAI Editorial,,,0,,,legal-gate: CLAIM->SUBJECT->CONDITION->RULE->VERSION->PRIMARY SOURCE required
BA-1080,B22,LOCAL,PLANNED,mèo vạc đồng cao cuối tuần,Địa phương / du lịch; mèo vạc đồng cao cuối tuần,local-informational,Mèo Vạc Đồng Cao Cuối Tuần,meo-vac-dong-cao-cuoi-tuan,blog/dia-phuong/meo-vac-dong-cao-cuoi-tuan/index.html,blog/dia-phuong/,Hà Nội (khu vực),no,no-external,blog/dia-phuong/; /,none,yes,MotoAI Editorial,,,0,,,
BA-1081,B22,APP,PLANNED,ứng dụng hỗ trợ thuê xe theo tháng tại Hà Nội,App & Ứng dụng; ứng dụng hỗ trợ thuê xe theo tháng tại Hà Nội,informational-product,Ứng Dụng hỗ Trợ Thuê xe Theo Tháng Tại Hà Nội,ung-dung-ho-tro-thue-xe-theo-thang-tai-ha-noi,blog/app/ung-dung-ho-tro-thue-xe-theo-thang-tai-ha-noi/index.html,blog/app/,,no,no-external,blog/app/; /,none,yes,MotoAI Editorial,,,0,,,
BA-1082,B22,RENT,PLANNED,thuê xe máy giá rẻ cho gia đình,Thuê xe máy; thuê xe máy giá rẻ cho gia đình,commercial-informational,Thuê xe Máy Giá rẻ Cho Gia Đình,thue-xe-may-gia-re-cho-gia-dinh,blog/thue-xe/thue-xe-may-gia-re-cho-gia-dinh/index.html,blog/thue-xe/,,no,no-external,blog/thue-xe/; /,none,yes,MotoAI Editorial,,,0,,,
BA-1083,B22,EV,PLANNED,so sánh các dòng xe điện cho thuê mùa hè,Xe điện / xe máy điện; so sánh các dòng xe điện cho thuê mùa hè,informational-product,so Sánh Các Dòng xe Điện Cho Thuê Mùa hè,so-sanh-cac-dong-xe-dien-cho-thue-mua-he,blog/xe-dien/so-sanh-cac-dong-xe-dien-cho-thue-mua-he/index.html,blog/xe-dien/,,no,no-external,blog/xe-dien/; /,none,yes,MotoAI Editorial,,,0,,,
BA-1084,B22,GUIDE,PLANNED,sửa xe nhỏ khi đang thuê nhanh gọn,Hướng dẫn / thủ tục; sửa xe nhỏ khi đang thuê nhanh gọn,informational,Sửa xe Nhỏ Khi Đang Thuê Nhanh Gọn,sua-xe-nho-khi-dang-thue-nhanh-gon,blog/huong-dan/sua-xe-nho-khi-dang-thue-nhanh-gon/index.html,blog/huong-dan/,,no,no-external,blog/huong-dan/; /,none,yes,MotoAI Editorial,,,0,,,
BA-1085,B22,SAFE,PLANNED,thuế và phí xe máy cá nhân tóm tắt,An toàn / pháp lý; thuế và phí xe máy cá nhân tóm tắt,informational-legal,Thuế và Phí xe Máy cá Nhân Tóm Tắt,thue-va-phi-xe-may-ca-nhan-tom-tat,blog/an-toan/thue-va-phi-xe-may-ca-nhan-tom-tat/index.html,blog/an-toan/,,yes,legal-gate,blog/an-toan/; /,none,no,MotoAI Editorial,,,0,,,legal-gate: CLAIM->SUBJECT->CONDITION->RULE->VERSION->PRIMARY SOURCE required
BA-1086,B22,LOCAL,PLANNED,thuê xe máy quanh long biên buổi sáng,Địa phương / du lịch; thuê xe máy quanh long biên buổi sáng,local-informational,Thuê xe Máy Quanh Long Biên Buổi Sáng,thue-xe-may-quanh-long-bien-buoi-sang,blog/dia-phuong/thue-xe-may-quanh-long-bien-buoi-sang/index.html,blog/dia-phuong/,Long Biên,no,no-external,blog/dia-phuong/; /,none,yes,MotoAI Editorial,,,0,,,
BA-1087,B22,APP,PLANNED,chọn thời điểm thuê xe bằng ứng dụng tại Hà Nội,App & Ứng dụng; chọn thời điểm thuê xe bằng ứng dụng tại Hà Nội,informational-product,Chọn Thời Điểm Thuê xe Bằng Ứng Dụng Tại Hà Nội,chon-thoi-diem-thue-xe-bang-ung-dung-tai-ha-noi,blog/app/chon-thoi-diem-thue-xe-bang-ung-dung-tai-ha-noi/index.html,blog/app/,,no,no-external,blog/app/; /,none,yes,MotoAI Editorial,,,0,,,
BA-1088,B22,RENT,PLANNED,giá thuê xe máy theo ngày cho gia đình,Thuê xe máy; giá thuê xe máy theo ngày cho gia đình,commercial-informational,Giá Thuê xe Máy Theo Ngày Cho Gia Đình,gia-thue-xe-may-theo-ngay-cho-gia-dinh,blog/thue-xe/gia-thue-xe-may-theo-ngay-cho-gia-dinh/index.html,blog/thue-xe/,,no,no-external,blog/thue-xe/; /,none,yes,MotoAI Editorial,,,0,,,
BA-1089,B22,EV,PLANNED,thuê xe điện cho khách du lịch mùa hè,Xe điện / xe máy điện; thuê xe điện cho khách du lịch mùa hè,informational-product,Thuê xe Điện Cho Khách du Lịch Mùa hè,thue-xe-dien-cho-khach-du-lich-mua-he,blog/xe-dien/thue-xe-dien-cho-khach-du-lich-mua-he/index.html,blog/xe-dien/,,no,no-external,blog/xe-dien/; /,none,yes,MotoAI Editorial,,,0,,,
BA-1090,B22,GUIDE,PLANNED,gặp cảnh sát giao thông với xe thuê nhanh gọn,Hướng dẫn / thủ tục; gặp cảnh sát giao thông với xe thuê nhanh gọn,informational,Gặp Cảnh Sát Giao Thông Với xe Thuê Nhanh Gọn,gap-canh-sat-giao-thong-voi-xe-thue-nhanh-gon,blog/huong-dan/gap-canh-sat-giao-thong-voi-xe-thue-nhanh-gon/index.html,blog/huong-dan/,,no,no-external,blog/huong-dan/; /,none,yes,MotoAI Editorial,,,0,,,
BA-1091,B22,SAFE,PLANNED,tránh app thuê xe lừa đảo tóm tắt,An toàn / pháp lý; tránh app thuê xe lừa đảo tóm tắt,informational-legal,Tránh App Thuê xe Lừa Đảo Tóm Tắt,tranh-app-thue-xe-lua-dao-tom-tat,blog/an-toan/tranh-app-thue-xe-lua-dao-tom-tat/index.html,blog/an-toan/,,yes,legal-gate,blog/an-toan/; /,none,no,MotoAI Editorial,,,0,,,legal-gate: CLAIM->SUBJECT->CONDITION->RULE->VERSION->PRIMARY SOURCE required
BA-1092,B22,LOCAL,PLANNED,đi phố cổ bằng xe máy buổi sáng,Địa phương / du lịch; đi phố cổ bằng xe máy buổi sáng,local-informational,đi Phố cổ Bằng xe Máy Buổi Sáng,di-pho-co-bang-xe-may-buoi-sang,blog/dia-phuong/di-pho-co-bang-xe-may-buoi-sang/index.html,blog/dia-phuong/,Phố cổ,no,no-external,blog/dia-phuong/; /,none,yes,MotoAI Editorial,,,0,,,
BA-1093,B22,APP,PLANNED,câu chuyện người dùng ứng dụng thuê xe tại Hà Nội,App & Ứng dụng; câu chuyện người dùng ứng dụng thuê xe tại Hà Nội,informational-product,Câu Chuyện Người Dùng Ứng Dụng Thuê xe Tại Hà Nội,cau-chuyen-nguoi-dung-ung-dung-thue-xe-tai-ha-noi,blog/app/cau-chuyen-nguoi-dung-ung-dung-thue-xe-tai-ha-noi/index.html,blog/app/,,no,no-external,blog/app/; /,none,yes,MotoAI Editorial,,,0,,,
BA-1094,B22,RENT,PLANNED,thuê xe máy theo tuần cho gia đình,Thuê xe máy; thuê xe máy theo tuần cho gia đình,commercial-informational,Thuê xe Máy Theo Tuần Cho Gia Đình,thue-xe-may-theo-tuan-cho-gia-dinh,blog/thue-xe/thue-xe-may-theo-tuan-cho-gia-dinh/index.html,blog/thue-xe/,,no,no-external,blog/thue-xe/; /,none,yes,MotoAI Editorial,,,0,,,
BA-1095,B22,EV,PLANNED,cách giữ pin bền khi thuê xe điện mùa hè,Xe điện / xe máy điện; cách giữ pin bền khi thuê xe điện mùa hè,informational-product,Cách Giữ Pin Bền Khi Thuê xe Điện Mùa hè,cach-giu-pin-ben-khi-thue-xe-dien-mua-he,blog/xe-dien/cach-giu-pin-ben-khi-thue-xe-dien-mua-he/index.html,blog/xe-dien/,,no,no-external,blog/xe-dien/; /,none,yes,MotoAI Editorial,,,0,,,
BA-1096,B22,GUIDE,PLANNED,giấy tờ người nước ngoài thuê xe nhanh gọn,Hướng dẫn / thủ tục; giấy tờ người nước ngoài thuê xe nhanh gọn,informational,Giấy tờ Người Nước Ngoài Thuê xe Nhanh Gọn,giay-to-nguoi-nuoc-ngoai-thue-xe-nhanh-gon,blog/huong-dan/giay-to-nguoi-nuoc-ngoai-thue-xe-nhanh-gon/index.html,blog/huong-dan/,,no,no-external,blog/huong-dan/; /,none,yes,MotoAI Editorial,,,0,,,
BA-1097,B22,SAFE,PLANNED,nhận diện hợp đồng thuê xe hợp pháp tóm tắt,An toàn / pháp lý; nhận diện hợp đồng thuê xe hợp pháp tóm tắt,informational-legal,Nhận Diện Hợp Đồng Thuê xe Hợp Pháp Tóm Tắt,nhan-dien-hop-dong-thue-xe-hop-phap-tom-tat,blog/an-toan/nhan-dien-hop-dong-thue-xe-hop-phap-tom-tat/index.html,blog/an-toan/,,yes,legal-gate,blog/an-toan/; /,none,no,MotoAI Editorial,,,0,,,legal-gate: CLAIM->SUBJECT->CONDITION->RULE->VERSION->PRIMARY SOURCE required
BA-1098,B22,LOCAL,PLANNED,du lịch hoàn kiếm bằng xe máy buổi sáng,Địa phương / du lịch; du lịch hoàn kiếm bằng xe máy buổi sáng,local-informational,du Lịch Hoàn Kiếm Bằng xe Máy Buổi Sáng,du-lich-hoan-kiem-bang-xe-may-buoi-sang,blog/dia-phuong/du-lich-hoan-kiem-bang-xe-may-buoi-sang/index.html,blog/dia-phuong/,Hoàn Kiếm,no,no-external,blog/dia-phuong/; /,none,yes,MotoAI Editorial,,,0,,,
BA-1099,B22,APP,PLANNED,app thuê xe máy là gì cho khách nước ngoài,App & Ứng dụng; app thuê xe máy là gì cho khách nước ngoài,informational-product,App Thuê xe Máy là gì Cho Khách Nước Ngoài,app-thue-xe-may-la-gi-cho-khach-nuoc-ngoai,blog/app/app-thue-xe-may-la-gi-cho-khach-nuoc-ngoai/index.html,blog/app/,,no,no-external,blog/app/; /,none,yes,MotoAI Editorial,,,0,,,
BA-1100,B22,RENT,PLANNED,thuê xe máy theo tháng cho gia đình,Thuê xe máy; thuê xe máy theo tháng cho gia đình,commercial-informational,Thuê xe Máy Theo Tháng Cho Gia Đình,thue-xe-may-theo-thang-cho-gia-dinh,blog/thue-xe/thue-xe-may-theo-thang-cho-gia-dinh/index.html,blog/thue-xe/,,no,no-external,blog/thue-xe/; /,none,yes,MotoAI Editorial,,,0,,,
BA-1101,B23,EV,PLANNED,hết pin giữa đường phải làm gì mùa hè,Xe điện / xe máy điện; hết pin giữa đường phải làm gì mùa hè,informational-product,Hết Pin Giữa Đường Phải Làm gì Mùa hè,het-pin-giua-duong-phai-lam-gi-mua-he,blog/xe-dien/het-pin-giua-duong-phai-lam-gi-mua-he/index.html,blog/xe-dien/,,no,no-external,blog/xe-dien/; /,none,yes,MotoAI Editorial,,,0,,,
BA-1102,B23,GUIDE,PLANNED,dịch công chứng giấy tờ thuê xe nhanh gọn,Hướng dẫn / thủ tục; dịch công chứng giấy tờ thuê xe nhanh gọn,informational,Dịch Công Chứng Giấy tờ Thuê xe Nhanh Gọn,dich-cong-chung-giay-to-thue-xe-nhanh-gon,blog/huong-dan/dich-cong-chung-giay-to-thue-xe-nhanh-gon/index.html,blog/huong-dan/,,no,no-external,blog/huong-dan/; /,none,yes,MotoAI Editorial,,,0,,,
BA-1103,B23,SAFE,PLANNED,quyền của người thuê xe tóm tắt,An toàn / pháp lý; quyền của người thuê xe tóm tắt,informational-legal,Quyền Của Người Thuê xe Tóm Tắt,quyen-cua-nguoi-thue-xe-tom-tat,blog/an-toan/quyen-cua-nguoi-thue-xe-tom-tat/index.html,blog/an-toan/,,yes,legal-gate,blog/an-toan/; /,none,no,MotoAI Editorial,,,0,,,legal-gate: CLAIM->SUBJECT->CONDITION->RULE->VERSION->PRIMARY SOURCE required
BA-1104,B23,LOCAL,PLANNED,hồ tây và xe máy buổi sáng,Địa phương / du lịch; hồ tây và xe máy buổi sáng,local-informational,hồ Tây và xe Máy Buổi Sáng,ho-tay-va-xe-may-buoi-sang,blog/dia-phuong/ho-tay-va-xe-may-buoi-sang/index.html,blog/dia-phuong/,hồ Tây,no,no-external,blog/dia-phuong/; /,none,yes,MotoAI Editorial,,,0,,,
BA-1105,B23,APP,PLANNED,cách dùng ứng dụng thuê xe máy cho khách nước ngoài,App & Ứng dụng; cách dùng ứng dụng thuê xe máy cho khách nước ngoài,informational-product,Cách Dùng Ứng Dụng Thuê xe Máy Cho Khách Nước Ngoài,cach-dung-ung-dung-thue-xe-may-cho-khach-nuoc-ngoai,blog/app/cach-dung-ung-dung-thue-xe-may-cho-khach-nuoc-ngoai/index.html,blog/app/,,no,no-external,blog/app/; /,none,yes,MotoAI Editorial,,,0,,,
BA-1106,B23,RENT,PLANNED,cho thuê xe máy thủ tục đơn giản cho gia đình,Thuê xe máy; cho thuê xe máy thủ tục đơn giản cho gia đình,commercial-informational,Cho Thuê xe Máy Thủ Tục Đơn Giản Cho Gia Đình,cho-thue-xe-may-thu-tuc-don-gian-cho-gia-dinh,blog/thue-xe/cho-thue-xe-may-thu-tuc-don-gian-cho-gia-dinh/index.html,blog/thue-xe/,,no,no-external,blog/thue-xe/; /,none,yes,MotoAI Editorial,,,0,,,
BA-1107,B23,EV,PLANNED,trạm đổi pin mùa hè,Xe điện / xe máy điện; trạm đổi pin mùa hè,informational-product,Trạm Đổi Pin Mùa hè,tram-doi-pin-mua-he,blog/xe-dien/tram-doi-pin-mua-he/index.html,blog/xe-dien/,,no,no-external,blog/xe-dien/; /,none,yes,MotoAI Editorial,,,0,,,
BA-1108,B23,GUIDE,PLANNED,thuê xe cho người dưới 18 tuổi nhanh gọn,Hướng dẫn / thủ tục; thuê xe cho người dưới 18 tuổi nhanh gọn,informational,Thuê xe Cho Người Dưới 18 Tuổi Nhanh Gọn,thue-xe-cho-nguoi-duoi-18-tuoi-nhanh-gon,blog/huong-dan/thue-xe-cho-nguoi-duoi-18-tuoi-nhanh-gon/index.html,blog/huong-dan/,,no,no-external,blog/huong-dan/; /,none,yes,MotoAI Editorial,,,0,,,
BA-1109,B23,SAFE,PLANNED,nghĩa vụ của bên cho thuê tóm tắt,An toàn / pháp lý; nghĩa vụ của bên cho thuê tóm tắt,informational-legal,Nghĩa vụ Của Bên Cho Thuê Tóm Tắt,nghia-vu-cua-ben-cho-thue-tom-tat,blog/an-toan/nghia-vu-cua-ben-cho-thue-tom-tat/index.html,blog/an-toan/,,yes,legal-gate,blog/an-toan/; /,none,no,MotoAI Editorial,,,0,,,legal-gate: CLAIM->SUBJECT->CONDITION->RULE->VERSION->PRIMARY SOURCE required
BA-1110,B23,LOCAL,PLANNED,ba đình xe máy phượng buổi sáng,Địa phương / du lịch; ba đình xe máy phượng buổi sáng,local-informational,ba Đình xe Máy Phượng Buổi Sáng,ba-dinh-xe-may-phuong-buoi-sang,blog/dia-phuong/ba-dinh-xe-may-phuong-buoi-sang/index.html,blog/dia-phuong/,ba Đình,no,no-external,blog/dia-phuong/; /,none,yes,MotoAI Editorial,,,0,,,
BA-1111,B23,APP,PLANNED,ứng dụng thuê xe có an toàn không cho khách nước ngoài,App & Ứng dụng; ứng dụng thuê xe có an toàn không cho khách nước ngoài,informational-product,Ứng Dụng Thuê xe có an Toàn Không Cho Khách Nước Ngoài,ung-dung-thue-xe-co-an-toan-khong-cho-khach-nuoc-ngoai,blog/app/ung-dung-thue-xe-co-an-toan-khong-cho-khach-nuoc-ngoai/index.html,blog/app/,,no,no-external,blog/app/; /,none,yes,MotoAI Editorial,,,0,,,
BA-1112,B23,RENT,PLANNED,thuê xe số cho gia đình,Thuê xe máy; thuê xe số cho gia đình,commercial-informational,Thuê xe số Cho Gia Đình,thue-xe-so-cho-gia-dinh,blog/thue-xe/thue-xe-so-cho-gia-dinh/index.html,blog/thue-xe/,,no,no-external,blog/thue-xe/; /,none,yes,MotoAI Editorial,,,0,,,
BA-1113,B23,EV,PLANNED,app theo dõi pin xe điện mùa hè,Xe điện / xe máy điện; app theo dõi pin xe điện mùa hè,informational-product,App Theo Dõi Pin xe Điện Mùa hè,app-theo-doi-pin-xe-dien-mua-he,blog/xe-dien/app-theo-doi-pin-xe-dien-mua-he/index.html,blog/xe-dien/,,no,no-external,blog/xe-dien/; /,none,yes,MotoAI Editorial,,,0,,,
BA-1114,B23,GUIDE,PLANNED,thuê xe cần người bảo lãnh không nhanh gọn,Hướng dẫn / thủ tục; thuê xe cần người bảo lãnh không nhanh gọn,informational,Thuê xe Cần Người Bảo Lãnh Không Nhanh Gọn,thue-xe-can-nguoi-bao-lanh-khong-nhanh-gon,blog/huong-dan/thue-xe-can-nguoi-bao-lanh-khong-nhanh-gon/index.html,blog/huong-dan/,,no,no-external,blog/huong-dan/; /,none,yes,MotoAI Editorial,,,0,,,
BA-1115,B23,SAFE,PLANNED,khiển nại dịch vụ thuê xe tóm tắt,An toàn / pháp lý; khiển nại dịch vụ thuê xe tóm tắt,informational-legal,Khiển Nại Dịch vụ Thuê xe Tóm Tắt,khien-nai-dich-vu-thue-xe-tom-tat,blog/an-toan/khien-nai-dich-vu-thue-xe-tom-tat/index.html,blog/an-toan/,,yes,legal-gate,blog/an-toan/; /,none,no,MotoAI Editorial,,,0,,,legal-gate: CLAIM->SUBJECT->CONDITION->RULE->VERSION->PRIMARY SOURCE required
BA-1116,B23,LOCAL,PLANNED,cầu giấy đi xe máy buổi sáng,Địa phương / du lịch; cầu giấy đi xe máy buổi sáng,local-informational,Cầu Giấy đi xe Máy Buổi Sáng,cau-giay-di-xe-may-buoi-sang,blog/dia-phuong/cau-giay-di-xe-may-buoi-sang/index.html,blog/dia-phuong/,Cầu Giấy,no,no-external,blog/dia-phuong/; /,none,yes,MotoAI Editorial,,,0,,,
BA-1117,B23,APP,PLANNED,cách tính giá thuê xe bằng app cho khách nước ngoài,App & Ứng dụng; cách tính giá thuê xe bằng app cho khách nước ngoài,informational-product,Cách Tính Giá Thuê xe Bằng App Cho Khách Nước Ngoài,cach-tinh-gia-thue-xe-bang-app-cho-khach-nuoc-ngoai,blog/app/cach-tinh-gia-thue-xe-bang-app-cho-khach-nuoc-ngoai/index.html,blog/app/,,no,no-external,blog/app/; /,none,yes,MotoAI Editorial,,,0,,,
BA-1118,B23,RENT,PLANNED,thuê xe ga cho gia đình,Thuê xe máy; thuê xe ga cho gia đình,commercial-informational,Thuê xe ga Cho Gia Đình,thue-xe-ga-cho-gia-dinh,blog/thue-xe/thue-xe-ga-cho-gia-dinh/index.html,blog/thue-xe/,,no,no-external,blog/thue-xe/; /,none,yes,MotoAI Editorial,,,0,,,
BA-1119,B23,EV,PLANNED,ứng dụng tìm chỗ sạc xe mùa hè,Xe điện / xe máy điện; ứng dụng tìm chỗ sạc xe mùa hè,informational-product,Ứng Dụng Tìm Chỗ Sạc xe Mùa hè,ung-dung-tim-cho-sac-xe-mua-he,blog/xe-dien/ung-dung-tim-cho-sac-xe-mua-he/index.html,blog/xe-dien/,,no,no-external,blog/xe-dien/; /,none,yes,MotoAI Editorial,,,0,,,
BA-1120,B23,GUIDE,PLANNED,thời gian nhận xe sớm nhanh gọn,Hướng dẫn / thủ tục; thời gian nhận xe sớm nhanh gọn,informational,Thời Gian Nhận xe Sớm Nhanh Gọn,thoi-gian-nhan-xe-som-nhanh-gon,blog/huong-dan/thoi-gian-nhan-xe-som-nhanh-gon/index.html,blog/huong-dan/,,no,no-external,blog/huong-dan/; /,none,yes,MotoAI Editorial,,,0,,,
BA-1121,B23,SAFE,PLANNED,bảo vệ dữ liệu cá nhân khi thuê xe tóm tắt,An toàn / pháp lý; bảo vệ dữ liệu cá nhân khi thuê xe tóm tắt,informational-legal,Bảo vệ dữ Liệu cá Nhân Khi Thuê xe Tóm Tắt,bao-ve-du-lieu-ca-nhan-khi-thue-xe-tom-tat,blog/an-toan/bao-ve-du-lieu-ca-nhan-khi-thue-xe-tom-tat/index.html,blog/an-toan/,,yes,legal-gate,blog/an-toan/; /,none,no,MotoAI Editorial,,,0,,,legal-gate: CLAIM->SUBJECT->CONDITION->RULE->VERSION->PRIMARY SOURCE required
BA-1122,B23,LOCAL,PLANNED,đống đa và xe máy buổi sáng,Địa phương / du lịch; đống đa và xe máy buổi sáng,local-informational,Đống đa và xe Máy Buổi Sáng,dong-da-va-xe-may-buoi-sang,blog/dia-phuong/dong-da-va-xe-may-buoi-sang/index.html,blog/dia-phuong/,Đống đa,no,no-external,blog/dia-phuong/; /,none,yes,MotoAI Editorial,,,0,,,
BA-1123,B23,APP,PLANNED,chọn xe bằng Agent cho khách nước ngoài,App & Ứng dụng; chọn xe bằng Agent cho khách nước ngoài,informational-product,Chọn xe Bằng Agent Cho Khách Nước Ngoài,chon-xe-bang-agent-cho-khach-nuoc-ngoai,blog/app/chon-xe-bang-agent-cho-khach-nuoc-ngoai/index.html,blog/app/,,no,no-external,blog/app/; /,none,yes,MotoAI Editorial,,,0,,,
BA-1124,B23,RENT,PLANNED,thuê xe 50cc cho gia đình,Thuê xe máy; thuê xe 50cc cho gia đình,commercial-informational,Thuê xe 50cc Cho Gia Đình,thue-xe-50cc-cho-gia-dinh,blog/thue-xe/thue-xe-50cc-cho-gia-dinh/index.html,blog/thue-xe/,,no,no-external,blog/thue-xe/; /,none,yes,MotoAI Editorial,,,0,,,
BA-1125,B23,EV,PLANNED,công cụ ước tính quãng đường xe điện mùa hè,Xe điện / xe máy điện; công cụ ước tính quãng đường xe điện mùa hè,informational-product,Công cụ Ước Tính Quãng Đường xe Điện Mùa hè,cong-cu-uoc-tinh-quang-duong-xe-dien-mua-he,blog/xe-dien/cong-cu-uoc-tinh-quang-duong-xe-dien-mua-he/index.html,blog/xe-dien/,,no,no-external,blog/xe-dien/; /,none,yes,MotoAI Editorial,,,0,,,
BA-1126,B23,GUIDE,PLANNED,nhận xe ban đêm nhanh gọn,Hướng dẫn / thủ tục; nhận xe ban đêm nhanh gọn,informational,Nhận xe Ban Đêm Nhanh Gọn,nhan-xe-ban-dem-nhanh-gon,blog/huong-dan/nhan-xe-ban-dem-nhanh-gon/index.html,blog/huong-dan/,,no,no-external,blog/huong-dan/; /,none,yes,MotoAI Editorial,,,0,,,
BA-1127,B23,SAFE,PLANNED,an toàn khi thanh toán cọc tóm tắt,An toàn / pháp lý; an toàn khi thanh toán cọc tóm tắt,informational-legal,an Toàn Khi Thanh Toán Cọc Tóm Tắt,an-toan-khi-thanh-toan-coc-tom-tat,blog/an-toan/an-toan-khi-thanh-toan-coc-tom-tat/index.html,blog/an-toan/,,yes,legal-gate,blog/an-toan/; /,none,no,MotoAI Editorial,,,0,,,legal-gate: CLAIM->SUBJECT->CONDITION->RULE->VERSION->PRIMARY SOURCE required
BA-1128,B23,LOCAL,PLANNED,thanh xuân đường đi buổi sáng,Địa phương / du lịch; thanh xuân đường đi buổi sáng,local-informational,Thanh Xuân Đường đi Buổi Sáng,thanh-xuan-duong-di-buoi-sang,blog/dia-phuong/thanh-xuan-duong-di-buoi-sang/index.html,blog/dia-phuong/,Thanh Xuân,no,no-external,blog/dia-phuong/; /,none,yes,MotoAI Editorial,,,0,,,
BA-1129,B23,APP,PLANNED,thuê xe online như thế nào cho khách nước ngoài,App & Ứng dụng; thuê xe online như thế nào cho khách nước ngoài,informational-product,Thuê xe Online Như Thế Nào Cho Khách Nước Ngoài,thue-xe-online-nhu-the-nao-cho-khach-nuoc-ngoai,blog/app/thue-xe-online-nhu-the-nao-cho-khach-nuoc-ngoai/index.html,blog/app/,,no,no-external,blog/app/; /,none,yes,MotoAI Editorial,,,0,,,
BA-1130,B23,RENT,PLANNED,thuê honda vision cho gia đình,Thuê xe máy; thuê honda vision cho gia đình,commercial-informational,Thuê Honda Vision Cho Gia Đình,thue-honda-vision-cho-gia-dinh,blog/thue-xe/thue-honda-vision-cho-gia-dinh/index.html,blog/thue-xe/,,no,no-external,blog/thue-xe/; /,none,yes,MotoAI Editorial,,,0,,,
BA-1131,B23,EV,PLANNED,xe điện và mùi môi trường mùa hè,Xe điện / xe máy điện; xe điện và mùi môi trường mùa hè,informational-product,xe Điện và Mùi Môi Trường Mùa hè,xe-dien-va-mui-moi-truong-mua-he,blog/xe-dien/xe-dien-va-mui-moi-truong-mua-he/index.html,blog/xe-dien/,,no,no-external,blog/xe-dien/; /,none,yes,MotoAI Editorial,,,0,,,
BA-1132,B23,GUIDE,PLANNED,giao xe tại khách sạn nhanh gọn,Hướng dẫn / thủ tục; giao xe tại khách sạn nhanh gọn,informational,Giao xe Tại Khách Sạn Nhanh Gọn,giao-xe-tai-khach-san-nhanh-gon,blog/huong-dan/giao-xe-tai-khach-san-nhanh-gon/index.html,blog/huong-dan/,,no,no-external,blog/huong-dan/; /,none,yes,MotoAI Editorial,,,0,,,
BA-1133,B23,SAFE,PLANNED,luật giao thông đường bộ cơ bản ví dụ thực tế,An toàn / pháp lý; luật giao thông đường bộ cơ bản ví dụ thực tế,informational-legal,Luật Giao Thông Đường bộ cơ Bản ví dụ Thực tế,luat-giao-thong-duong-bo-co-ban-vi-du-thuc-te,blog/an-toan/luat-giao-thong-duong-bo-co-ban-vi-du-thuc-te/index.html,blog/an-toan/,,yes,legal-gate,blog/an-toan/; /,none,no,MotoAI Editorial,,,0,,,legal-gate: CLAIM->SUBJECT->CONDITION->RULE->VERSION->PRIMARY SOURCE required
BA-1134,B23,LOCAL,PLANNED,hai bà trưng hành trình buổi sáng,Địa phương / du lịch; hai bà trưng hành trình buổi sáng,local-informational,Hai bà Trưng Hành Trình Buổi Sáng,hai-ba-trung-hanh-trinh-buoi-sang,blog/dia-phuong/hai-ba-trung-hanh-trinh-buoi-sang/index.html,blog/dia-phuong/,Hai bà Trưng,no,no-external,blog/dia-phuong/; /,none,yes,MotoAI Editorial,,,0,,,
BA-1135,B23,APP,PLANNED,web app và app native khác gì nhau cho khách nước ngoài,App & Ứng dụng; web app và app native khác gì nhau cho khách nước ngoài,informational-product,Web App và App Native Khác gì Nhau Cho Khách Nước Ngoài,web-app-va-app-native-khac-gi-nhau-cho-khach-nuoc-ngoai,blog/app/web-app-va-app-native-khac-gi-nhau-cho-khach-nuoc-ngoai/index.html,blog/app/,,no,no-external,blog/app/; /,none,yes,MotoAI Editorial,,,0,,,
BA-1136,B23,RENT,PLANNED,thuê honda air blade cho gia đình,Thuê xe máy; thuê honda air blade cho gia đình,commercial-informational,Thuê Honda Air Blade Cho Gia Đình,thue-honda-air-blade-cho-gia-dinh,blog/thue-xe/thue-honda-air-blade-cho-gia-dinh/index.html,blog/thue-xe/,,no,no-external,blog/thue-xe/; /,none,yes,MotoAI Editorial,,,0,,,
BA-1137,B23,EV,PLANNED,xe điện giảm tiếng ồn phố mùa hè,Xe điện / xe máy điện; xe điện giảm tiếng ồn phố mùa hè,informational-product,xe Điện Giảm Tiếng ồn Phố Mùa hè,xe-dien-giam-tieng-on-pho-mua-he,blog/xe-dien/xe-dien-giam-tieng-on-pho-mua-he/index.html,blog/xe-dien/,,no,no-external,blog/xe-dien/; /,none,yes,MotoAI Editorial,,,0,,,
BA-1138,B23,GUIDE,PLANNED,giao xe tại sân bay nội bài nhanh gọn,Hướng dẫn / thủ tục; giao xe tại sân bay nội bài nhanh gọn,informational,Giao xe Tại Sân Bay Nội Bài Nhanh Gọn,giao-xe-tai-san-bay-noi-bai-nhanh-gon,blog/huong-dan/giao-xe-tai-san-bay-noi-bai-nhanh-gon/index.html,blog/huong-dan/,,no,no-external,blog/huong-dan/; /,none,yes,MotoAI Editorial,,,0,,,
BA-1139,B23,SAFE,PLANNED,nồng độ cồn khi lái xe ví dụ thực tế,An toàn / pháp lý; nồng độ cồn khi lái xe ví dụ thực tế,informational-legal,Nồng độ Cồn Khi Lái xe ví dụ Thực tế,nong-do-con-khi-lai-xe-vi-du-thuc-te,blog/an-toan/nong-do-con-khi-lai-xe-vi-du-thuc-te/index.html,blog/an-toan/,,yes,legal-gate,blog/an-toan/; /,none,no,MotoAI Editorial,,,0,,,legal-gate: CLAIM->SUBJECT->CONDITION->RULE->VERSION->PRIMARY SOURCE required
BA-1140,B23,LOCAL,PLANNED,gia lâm và long biên buổi sáng,Địa phương / du lịch; gia lâm và long biên buổi sáng,local-informational,Gia Lâm và Long Biên Buổi Sáng,gia-lam-va-long-bien-buoi-sang,blog/dia-phuong/gia-lam-va-long-bien-buoi-sang/index.html,blog/dia-phuong/,Long Biên,no,no-external,blog/dia-phuong/; /,none,yes,MotoAI Editorial,,,0,,,
BA-1141,B23,APP,PLANNED,đặt xe bằng ứng dụng cho khách nước ngoài,App & Ứng dụng; đặt xe bằng ứng dụng cho khách nước ngoài,informational-product,Đặt xe Bằng Ứng Dụng Cho Khách Nước Ngoài,dat-xe-bang-ung-dung-cho-khach-nuoc-ngoai,blog/app/dat-xe-bang-ung-dung-cho-khach-nuoc-ngoai/index.html,blog/app/,,no,no-external,blog/app/; /,none,yes,MotoAI Editorial,,,0,,,
BA-1142,B23,RENT,PLANNED,thuê wave alpha cho gia đình,Thuê xe máy; thuê wave alpha cho gia đình,commercial-informational,Thuê Wave Alpha Cho Gia Đình,thue-wave-alpha-cho-gia-dinh,blog/thue-xe/thue-wave-alpha-cho-gia-dinh/index.html,blog/thue-xe/,,no,no-external,blog/thue-xe/; /,none,yes,MotoAI Editorial,,,0,,,
BA-1143,B23,EV,PLANNED,chính sách khuyến khích xe điện mùa hè,Xe điện / xe máy điện; chính sách khuyến khích xe điện mùa hè,informational-product,Chính Sách Khuyến Khích xe Điện Mùa hè,chinh-sach-khuyen-khich-xe-dien-mua-he,blog/xe-dien/chinh-sach-khuyen-khich-xe-dien-mua-he/index.html,blog/xe-dien/,,no,no-external,blog/xe-dien/; /,none,yes,MotoAI Editorial,,,0,,,
BA-1144,B23,GUIDE,PLANNED,thuê xe và check-in khách sạn nhanh gọn,Hướng dẫn / thủ tục; thuê xe và check-in khách sạn nhanh gọn,informational,Thuê xe và Check-in Khách Sạn Nhanh Gọn,thue-xe-va-check-in-khach-san-nhanh-gon,blog/huong-dan/thue-xe-va-check-in-khach-san-nhanh-gon/index.html,blog/huong-dan/,,no,no-external,blog/huong-dan/; /,none,yes,MotoAI Editorial,,,0,,,
BA-1145,B23,SAFE,PLANNED,mũ bảo hiểm chuẩn ví dụ thực tế,An toàn / pháp lý; mũ bảo hiểm chuẩn ví dụ thực tế,informational-legal,mũ Bảo Hiểm Chuẩn ví dụ Thực tế,mu-bao-hiem-chuan-vi-du-thuc-te,blog/an-toan/mu-bao-hiem-chuan-vi-du-thuc-te/index.html,blog/an-toan/,,yes,legal-gate,blog/an-toan/; /,none,no,MotoAI Editorial,,,0,,,legal-gate: CLAIM->SUBJECT->CONDITION->RULE->VERSION->PRIMARY SOURCE required
BA-1146,B23,LOCAL,PLANNED,sông hồng và cầu long biên buổi sáng,Địa phương / du lịch; sông hồng và cầu long biên buổi sáng,local-informational,Sông Hồng và Cầu Long Biên Buổi Sáng,song-hong-va-cau-long-bien-buoi-sang,blog/dia-phuong/song-hong-va-cau-long-bien-buoi-sang/index.html,blog/dia-phuong/,Long Biên,no,no-external,blog/dia-phuong/; /,none,yes,MotoAI Editorial,,,0,,,
BA-1147,B23,APP,PLANNED,privacy và xử lý cục bộ trong app thuê xe cho khách nước ngoài,App & Ứng dụng; privacy và xử lý cục bộ trong app thuê xe cho khách nước ngoài,informational-product,Privacy và xử lý Cục bộ Trong App Thuê xe Cho Khách Nước Ngoài,privacy-va-xu-ly-cuc-bo-trong-app-thue-xe-cho-khach-nuoc-ngoai,blog/app/privacy-va-xu-ly-cuc-bo-trong-app-thue-xe-cho-khach-nuoc-ngoai/index.html,blog/app/,,no,no-external,blog/app/; /,none,yes,MotoAI Editorial,,,0,,,
BA-1148,B23,RENT,PLANNED,thuê xe hạng nhẹ cho gia đình,Thuê xe máy; thuê xe hạng nhẹ cho gia đình,commercial-informational,Thuê xe Hạng Nhẹ Cho Gia Đình,thue-xe-hang-nhe-cho-gia-dinh,blog/thue-xe/thue-xe-hang-nhe-cho-gia-dinh/index.html,blog/thue-xe/,,no,no-external,blog/thue-xe/; /,none,yes,MotoAI Editorial,,,0,,,
BA-1149,B23,EV,PLANNED,xe điện hết hạn pin mùa hè,Xe điện / xe máy điện; xe điện hết hạn pin mùa hè,informational-product,xe Điện Hết Hạn Pin Mùa hè,xe-dien-het-han-pin-mua-he,blog/xe-dien/xe-dien-het-han-pin-mua-he/index.html,blog/xe-dien/,,no,no-external,blog/xe-dien/; /,none,yes,MotoAI Editorial,,,0,,,
BA-1150,B23,GUIDE,PLANNED,lên kế hoạch hành trình với agent nhanh gọn,Hướng dẫn / thủ tục; lên kế hoạch hành trình với agent nhanh gọn,informational,Lên kế Hoạch Hành Trình Với Agent Nhanh Gọn,len-ke-hoach-hanh-trinh-voi-agent-nhanh-gon,blog/huong-dan/len-ke-hoach-hanh-trinh-voi-agent-nhanh-gon/index.html,blog/huong-dan/,,no,no-external,blog/huong-dan/; /,none,yes,MotoAI Editorial,,,0,,,
BA-1151,B24,SAFE,PLANNED,tốc độ cho phép trong phố ví dụ thực tế,An toàn / pháp lý; tốc độ cho phép trong phố ví dụ thực tế,informational-legal,Tốc độ Cho Phép Trong Phố ví dụ Thực tế,toc-do-cho-phep-trong-pho-vi-du-thuc-te,blog/an-toan/toc-do-cho-phep-trong-pho-vi-du-thuc-te/index.html,blog/an-toan/,,yes,legal-gate,blog/an-toan/; /,none,no,MotoAI Editorial,,,0,,,legal-gate: CLAIM->SUBJECT->CONDITION->RULE->VERSION->PRIMARY SOURCE required
BA-1152,B24,LOCAL,PLANNED,chợ long biên đêm buổi sáng,Địa phương / du lịch; chợ long biên đêm buổi sáng,local-informational,Chợ Long Biên Đêm Buổi Sáng,cho-long-bien-dem-buoi-sang,blog/dia-phuong/cho-long-bien-dem-buoi-sang/index.html,blog/dia-phuong/,Long Biên,no,no-external,blog/dia-phuong/; /,none,yes,MotoAI Editorial,,,0,,,
BA-1153,B24,APP,PLANNED,app thuê xe cho khách du lịch cho khách nước ngoài,App & Ứng dụng; app thuê xe cho khách du lịch cho khách nước ngoài,informational-product,App Thuê xe Cho Khách du Lịch Cho Khách Nước Ngoài,app-thue-xe-cho-khach-du-lich-cho-khach-nuoc-ngoai,blog/app/app-thue-xe-cho-khach-du-lich-cho-khach-nuoc-ngoai/index.html,blog/app/,,no,no-external,blog/app/; /,none,yes,MotoAI Editorial,,,0,,,
BA-1154,B24,RENT,PLANNED,so sánh giá các loại xe máy cho thuê cho gia đình,Thuê xe máy; so sánh giá các loại xe máy cho thuê cho gia đình,commercial-informational,so Sánh Giá Các Loại xe Máy Cho Thuê Cho Gia Đình,so-sanh-gia-cac-loai-xe-may-cho-thue-cho-gia-dinh,blog/thue-xe/so-sanh-gia-cac-loai-xe-may-cho-thue-cho-gia-dinh/index.html,blog/thue-xe/,,no,no-external,blog/thue-xe/; /,none,yes,MotoAI Editorial,,,0,,,
BA-1155,B24,EV,PLANNED,thuê xe điện ban đêm mùa hè,Xe điện / xe máy điện; thuê xe điện ban đêm mùa hè,informational-product,Thuê xe Điện Ban Đêm Mùa hè,thue-xe-dien-ban-dem-mua-he,blog/xe-dien/thue-xe-dien-ban-dem-mua-he/index.html,blog/xe-dien/,,no,no-external,blog/xe-dien/; /,none,yes,MotoAI Editorial,,,0,,,
BA-1156,B24,GUIDE,PLANNED,tính lộ trình thuê xe theo ngày nhanh gọn,Hướng dẫn / thủ tục; tính lộ trình thuê xe theo ngày nhanh gọn,informational,Tính lộ Trình Thuê xe Theo Ngày Nhanh Gọn,tinh-lo-trinh-thue-xe-theo-ngay-nhanh-gon,blog/huong-dan/tinh-lo-trinh-thue-xe-theo-ngay-nhanh-gon/index.html,blog/huong-dan/,,no,no-external,blog/huong-dan/; /,none,yes,MotoAI Editorial,,,0,,,
BA-1157,B24,SAFE,PLANNED,đi xe không giấy phép ví dụ thực tế,An toàn / pháp lý; đi xe không giấy phép ví dụ thực tế,informational-legal,đi xe Không Giấy Phép ví dụ Thực tế,di-xe-khong-giay-phep-vi-du-thuc-te,blog/an-toan/di-xe-khong-giay-phep-vi-du-thuc-te/index.html,blog/an-toan/,,yes,legal-gate,blog/an-toan/; /,none,no,MotoAI Editorial,,,0,,,legal-gate: CLAIM->SUBJECT->CONDITION->RULE->VERSION->PRIMARY SOURCE required
BA-1158,B24,LOCAL,PLANNED,phố cổ ẩm thực xe máy buổi sáng,Địa phương / du lịch; phố cổ ẩm thực xe máy buổi sáng,local-informational,Phố cổ ẩm Thực xe Máy Buổi Sáng,pho-co-am-thuc-xe-may-buoi-sang,blog/dia-phuong/pho-co-am-thuc-xe-may-buoi-sang/index.html,blog/dia-phuong/,Phố cổ,no,no-external,blog/dia-phuong/; /,none,yes,MotoAI Editorial,,,0,,,
BA-1159,B24,APP,PLANNED,ứng dụng thuê xe máy hoạt động ra sao cho khách nước ngoài,App & Ứng dụng; ứng dụng thuê xe máy hoạt động ra sao cho khách nước ngoài,informational-product,Ứng Dụng Thuê xe Máy Hoạt Động ra Sao Cho Khách Nước Ngoài,ung-dung-thue-xe-may-hoat-dong-ra-sao-cho-khach-nuoc-ngoai,blog/app/ung-dung-thue-xe-may-hoat-dong-ra-sao-cho-khach-nuoc-ngoai/index.html,blog/app/,,no,no-external,blog/app/; /,none,yes,MotoAI Editorial,,,0,,,
BA-1160,B24,RENT,PLANNED,cọc thuê xe máy bao nhiêu cho gia đình,Thuê xe máy; cọc thuê xe máy bao nhiêu cho gia đình,commercial-informational,Cọc Thuê xe Máy Bao Nhiêu Cho Gia Đình,coc-thue-xe-may-bao-nhieu-cho-gia-dinh,blog/thue-xe/coc-thue-xe-may-bao-nhieu-cho-gia-dinh/index.html,blog/thue-xe/,,no,no-external,blog/thue-xe/; /,none,yes,MotoAI Editorial,,,0,,,
BA-1161,B24,EV,PLANNED,xe điện và thời tiết lạnh mùa hè,Xe điện / xe máy điện; xe điện và thời tiết lạnh mùa hè,informational-product,xe Điện và Thời Tiết Lạnh Mùa hè,xe-dien-va-thoi-tiet-lanh-mua-he,blog/xe-dien/xe-dien-va-thoi-tiet-lanh-mua-he/index.html,blog/xe-dien/,,no,no-external,blog/xe-dien/; /,none,yes,MotoAI Editorial,,,0,,,
BA-1162,B24,GUIDE,PLANNED,đi chợ bằng xe thuê nhanh gọn,Hướng dẫn / thủ tục; đi chợ bằng xe thuê nhanh gọn,informational,đi Chợ Bằng xe Thuê Nhanh Gọn,di-cho-bang-xe-thue-nhanh-gon,blog/huong-dan/di-cho-bang-xe-thue-nhanh-gon/index.html,blog/huong-dan/,,no,no-external,blog/huong-dan/; /,none,yes,MotoAI Editorial,,,0,,,
BA-1163,B24,SAFE,PLANNED,bằng lái a1 a2 khác gì ví dụ thực tế,An toàn / pháp lý; bằng lái a1 a2 khác gì ví dụ thực tế,informational-legal,Bằng Lái a1 a2 Khác gì ví dụ Thực tế,bang-lai-a1-a2-khac-gi-vi-du-thuc-te,blog/an-toan/bang-lai-a1-a2-khac-gi-vi-du-thuc-te/index.html,blog/an-toan/,,yes,legal-gate,blog/an-toan/; /,none,no,MotoAI Editorial,,,0,,,legal-gate: CLAIM->SUBJECT->CONDITION->RULE->VERSION->PRIMARY SOURCE required
BA-1164,B24,LOCAL,PLANNED,hồ gươm ban đêm buổi sáng,Địa phương / du lịch; hồ gươm ban đêm buổi sáng,local-informational,hồ Gươm Ban Đêm Buổi Sáng,ho-guom-ban-dem-buoi-sang,blog/dia-phuong/ho-guom-ban-dem-buoi-sang/index.html,blog/dia-phuong/,Hà Nội (khu vực),no,no-external,blog/dia-phuong/; /,none,yes,MotoAI Editorial,,,0,,,
BA-1165,B24,APP,PLANNED,trợ lý thuê xe máy là gì cho khách nước ngoài,App & Ứng dụng; trợ lý thuê xe máy là gì cho khách nước ngoài,informational-product,Trợ lý Thuê xe Máy là gì Cho Khách Nước Ngoài,tro-ly-thue-xe-may-la-gi-cho-khach-nuoc-ngoai,blog/app/tro-ly-thue-xe-may-la-gi-cho-khach-nuoc-ngoai/index.html,blog/app/,,no,no-external,blog/app/; /,none,yes,MotoAI Editorial,,,0,,,
BA-1166,B24,RENT,PLANNED,nhận xe thuê cần gì cho gia đình,Thuê xe máy; nhận xe thuê cần gì cho gia đình,commercial-informational,Nhận xe Thuê Cần gì Cho Gia Đình,nhan-xe-thue-can-gi-cho-gia-dinh,blog/thue-xe/nhan-xe-thue-can-gi-cho-gia-dinh/index.html,blog/thue-xe/,,no,no-external,blog/thue-xe/; /,none,yes,MotoAI Editorial,,,0,,,
BA-1167,B24,EV,PLANNED,xe điện và đường dốc mùa hè,Xe điện / xe máy điện; xe điện và đường dốc mùa hè,informational-product,xe Điện và Đường Dốc Mùa hè,xe-dien-va-duong-doc-mua-he,blog/xe-dien/xe-dien-va-duong-doc-mua-he/index.html,blog/xe-dien/,,no,no-external,blog/xe-dien/; /,none,yes,MotoAI Editorial,,,0,,,
BA-1168,B24,GUIDE,PLANNED,mua sắm và chở đồ nhanh gọn,Hướng dẫn / thủ tục; mua sắm và chở đồ nhanh gọn,informational,Mua Sắm và Chở đồ Nhanh Gọn,mua-sam-va-cho-do-nhanh-gon,blog/huong-dan/mua-sam-va-cho-do-nhanh-gon/index.html,blog/huong-dan/,,no,no-external,blog/huong-dan/; /,none,yes,MotoAI Editorial,,,0,,,
BA-1169,B24,SAFE,PLANNED,người nước ngoài lái xe ở việt nam ví dụ thực tế,An toàn / pháp lý; người nước ngoài lái xe ở việt nam ví dụ thực tế,informational-legal,Người Nước Ngoài Lái xe ở Việt Nam ví dụ Thực tế,nguoi-nuoc-ngoai-lai-xe-o-viet-nam-vi-du-thuc-te,blog/an-toan/nguoi-nuoc-ngoai-lai-xe-o-viet-nam-vi-du-thuc-te/index.html,blog/an-toan/,,yes,legal-gate,blog/an-toan/; /,none,no,MotoAI Editorial,,,0,,,legal-gate: CLAIM->SUBJECT->CONDITION->RULE->VERSION->PRIMARY SOURCE required
BA-1170,B24,LOCAL,PLANNED,ven đê sông hồng buổi sáng,Địa phương / du lịch; ven đê sông hồng buổi sáng,local-informational,Ven đê Sông Hồng Buổi Sáng,ven-de-song-hong-buoi-sang,blog/dia-phuong/ven-de-song-hong-buoi-sang/index.html,blog/dia-phuong/,Hà Nội (khu vực),no,no-external,blog/dia-phuong/; /,none,yes,MotoAI Editorial,,,0,,,
BA-1171,B24,APP,PLANNED,tìm xe máy thuê bằng ứng dụng cho khách nước ngoài,App & Ứng dụng; tìm xe máy thuê bằng ứng dụng cho khách nước ngoài,informational-product,Tìm xe Máy Thuê Bằng Ứng Dụng Cho Khách Nước Ngoài,tim-xe-may-thue-bang-ung-dung-cho-khach-nuoc-ngoai,blog/app/tim-xe-may-thue-bang-ung-dung-cho-khach-nuoc-ngoai/index.html,blog/app/,,no,no-external,blog/app/; /,none,yes,MotoAI Editorial,,,0,,,
BA-1172,B24,RENT,PLANNED,trả xe thuê đúng giờ cho gia đình,Thuê xe máy; trả xe thuê đúng giờ cho gia đình,commercial-informational,Trả xe Thuê Đúng Giờ Cho Gia Đình,tra-xe-thue-dung-gio-cho-gia-dinh,blog/thue-xe/tra-xe-thue-dung-gio-cho-gia-dinh/index.html,blog/thue-xe/,,no,no-external,blog/thue-xe/; /,none,yes,MotoAI Editorial,,,0,,,
BA-1173,B24,EV,PLANNED,lốp xe điện mùa hè,Xe điện / xe máy điện; lốp xe điện mùa hè,informational-product,Lốp xe Điện Mùa hè,lop-xe-dien-mua-he,blog/xe-dien/lop-xe-dien-mua-he/index.html,blog/xe-dien/,,no,no-external,blog/xe-dien/; /,none,yes,MotoAI Editorial,,,0,,,
BA-1174,B24,GUIDE,PLANNED,ăn uống và lái xe an toàn nhanh gọn,Hướng dẫn / thủ tục; ăn uống và lái xe an toàn nhanh gọn,informational,ăn Uống và Lái xe an Toàn Nhanh Gọn,an-uong-va-lai-xe-an-toan-nhanh-gon,blog/huong-dan/an-uong-va-lai-xe-an-toan-nhanh-gon/index.html,blog/huong-dan/,,no,no-external,blog/huong-dan/; /,none,yes,MotoAI Editorial,,,0,,,
BA-1175,B24,SAFE,PLANNED,idp và bằng lái quốc tế ví dụ thực tế,An toàn / pháp lý; idp và bằng lái quốc tế ví dụ thực tế,informational-legal,Idp và Bằng Lái Quốc tế ví dụ Thực tế,idp-va-bang-lai-quoc-te-vi-du-thuc-te,blog/an-toan/idp-va-bang-lai-quoc-te-vi-du-thuc-te/index.html,blog/an-toan/,,yes,legal-gate,blog/an-toan/; /,none,no,MotoAI Editorial,,,0,,,legal-gate: CLAIM->SUBJECT->CONDITION->RULE->VERSION->PRIMARY SOURCE required
BA-1176,B24,LOCAL,PLANNED,cột cờ hoàng thành buổi sáng,Địa phương / du lịch; cột cờ hoàng thành buổi sáng,local-informational,Cột cờ Hoàng Thành Buổi Sáng,cot-co-hoang-thanh-buoi-sang,blog/dia-phuong/cot-co-hoang-thanh-buoi-sang/index.html,blog/dia-phuong/,Hà Nội (khu vực),no,no-external,blog/dia-phuong/; /,none,yes,MotoAI Editorial,,,0,,,
BA-1177,B24,APP,PLANNED,so sánh cách thuê xe truyền thống và qua app cho khách nước ngoài,App & Ứng dụng; so sánh cách thuê xe truyền thống và qua app cho khách nước ngoài,informational-product,so Sánh Cách Thuê xe Truyền Thống và Qua App Cho Khách Nước Ngoài,so-sanh-cach-thue-xe-truyen-thong-va-qua-app-cho-khach-nuoc-ngoai,blog/app/so-sanh-cach-thue-xe-truyen-thong-va-qua-app-cho-khach-nuoc-ngoai/index.html,blog/app/,,no,no-external,blog/app/; /,none,yes,MotoAI Editorial,,,0,,,
BA-1178,B24,RENT,PLANNED,phí trễ hạn khi thuê xe cho gia đình,Thuê xe máy; phí trễ hạn khi thuê xe cho gia đình,commercial-informational,Phí Trễ Hạn Khi Thuê xe Cho Gia Đình,phi-tre-han-khi-thue-xe-cho-gia-dinh,blog/thue-xe/phi-tre-han-khi-thue-xe-cho-gia-dinh/index.html,blog/thue-xe/,,no,no-external,blog/thue-xe/; /,none,yes,MotoAI Editorial,,,0,,,
BA-1179,B24,EV,PLANNED,phanh xe máy điện mùa hè,Xe điện / xe máy điện; phanh xe máy điện mùa hè,informational-product,Phanh xe Máy Điện Mùa hè,phanh-xe-may-dien-mua-he,blog/xe-dien/phanh-xe-may-dien-mua-he/index.html,blog/xe-dien/,,no,no-external,blog/xe-dien/; /,none,yes,MotoAI Editorial,,,0,,,
BA-1180,B24,GUIDE,PLANNED,trời mưa thuê xe máy nhanh gọn,Hướng dẫn / thủ tục; trời mưa thuê xe máy nhanh gọn,informational,Trời Mưa Thuê xe Máy Nhanh Gọn,troi-mua-thue-xe-may-nhanh-gon,blog/huong-dan/troi-mua-thue-xe-may-nhanh-gon/index.html,blog/huong-dan/,,no,no-external,blog/huong-dan/; /,none,yes,MotoAI Editorial,,,0,,,
BA-1181,B24,SAFE,PLANNED,bảo hiểm khi thuê xe máy ví dụ thực tế,An toàn / pháp lý; bảo hiểm khi thuê xe máy ví dụ thực tế,informational-legal,Bảo Hiểm Khi Thuê xe Máy ví dụ Thực tế,bao-hiem-khi-thue-xe-may-vi-du-thuc-te,blog/an-toan/bao-hiem-khi-thue-xe-may-vi-du-thuc-te/index.html,blog/an-toan/,,yes,legal-gate,blog/an-toan/; /,none,no,MotoAI Editorial,,,0,,,legal-gate: CLAIM->SUBJECT->CONDITION->RULE->VERSION->PRIMARY SOURCE required
BA-1182,B24,LOCAL,PLANNED,lăng chủ tích qua phố buổi sáng,Địa phương / du lịch; lăng chủ tích qua phố buổi sáng,local-informational,Lăng Chủ Tích Qua Phố Buổi Sáng,lang-chu-tich-qua-pho-buoi-sang,blog/dia-phuong/lang-chu-tich-qua-pho-buoi-sang/index.html,blog/dia-phuong/,Hà Nội (khu vực),no,no-external,blog/dia-phuong/; /,none,yes,MotoAI Editorial,,,0,,,
BA-1183,B24,APP,PLANNED,ứng dụng web thuê xe máy cho khách nước ngoài,App & Ứng dụng; ứng dụng web thuê xe máy cho khách nước ngoài,informational-product,Ứng Dụng Web Thuê xe Máy Cho Khách Nước Ngoài,ung-dung-web-thue-xe-may-cho-khach-nuoc-ngoai,blog/app/ung-dung-web-thue-xe-may-cho-khach-nuoc-ngoai/index.html,blog/app/,,no,no-external,blog/app/; /,none,yes,MotoAI Editorial,,,0,,,
BA-1184,B24,RENT,PLANNED,kiểm tra xe trước khi nhận cho gia đình,Thuê xe máy; kiểm tra xe trước khi nhận cho gia đình,commercial-informational,Kiểm Tra xe Trước Khi Nhận Cho Gia Đình,kiem-tra-xe-truoc-khi-nhan-cho-gia-dinh,blog/thue-xe/kiem-tra-xe-truoc-khi-nhan-cho-gia-dinh/index.html,blog/thue-xe/,,no,no-external,blog/thue-xe/; /,none,yes,MotoAI Editorial,,,0,,,
BA-1185,B24,EV,PLANNED,hộp số xe điện mùa hè,Xe điện / xe máy điện; hộp số xe điện mùa hè,informational-product,Hộp số xe Điện Mùa hè,hop-so-xe-dien-mua-he,blog/xe-dien/hop-so-xe-dien-mua-he/index.html,blog/xe-dien/,,no,no-external,blog/xe-dien/; /,none,yes,MotoAI Editorial,,,0,,,
BA-1186,B24,GUIDE,PLANNED,mùa đông thuê xe hà nội nhanh gọn,Hướng dẫn / thủ tục; mùa đông thuê xe hà nội nhanh gọn,informational,Mùa Đông Thuê xe hà Nội Nhanh Gọn,mua-dong-thue-xe-ha-noi-nhanh-gon,blog/huong-dan/mua-dong-thue-xe-ha-noi-nhanh-gon/index.html,blog/huong-dan/,,no,no-external,blog/huong-dan/; /,none,yes,MotoAI Editorial,,,0,,,
BA-1187,B24,SAFE,PLANNED,trách nhiệm khi tai nạn với xe thuê ví dụ thực tế,An toàn / pháp lý; trách nhiệm khi tai nạn với xe thuê ví dụ thực tế,informational-legal,Trách Nhiệm Khi Tai Nạn Với xe Thuê ví dụ Thực tế,trach-nhiem-khi-tai-nan-voi-xe-thue-vi-du-thuc-te,blog/an-toan/trach-nhiem-khi-tai-nan-voi-xe-thue-vi-du-thuc-te/index.html,blog/an-toan/,,yes,legal-gate,blog/an-toan/; /,none,no,MotoAI Editorial,,,0,,,legal-gate: CLAIM->SUBJECT->CONDITION->RULE->VERSION->PRIMARY SOURCE required
BA-1188,B24,LOCAL,PLANNED,bảo tàng hà nội hành trình buổi sáng,Địa phương / du lịch; bảo tàng hà nội hành trình buổi sáng,local-informational,Bảo Tàng hà Nội Hành Trình Buổi Sáng,bao-tang-ha-noi-hanh-trinh-buoi-sang,blog/dia-phuong/bao-tang-ha-noi-hanh-trinh-buoi-sang/index.html,blog/dia-phuong/,hà Nội,no,no-external,blog/dia-phuong/; /,none,yes,MotoAI Editorial,,,0,,,
BA-1189,B24,APP,PLANNED,công cụ tính giá thuê xe máy online cho khách nước ngoài,App & Ứng dụng; công cụ tính giá thuê xe máy online cho khách nước ngoài,informational-product,Công cụ Tính Giá Thuê xe Máy Online Cho Khách Nước Ngoài,cong-cu-tinh-gia-thue-xe-may-online-cho-khach-nuoc-ngoai,blog/app/cong-cu-tinh-gia-thue-xe-may-online-cho-khach-nuoc-ngoai/index.html,blog/app/,,no,no-external,blog/app/; /,none,yes,MotoAI Editorial,,,0,,,
BA-1190,B24,RENT,PLANNED,điều kiện thuê xe máy ở hà nội cho gia đình,Thuê xe máy; điều kiện thuê xe máy ở hà nội cho gia đình,commercial-informational,Điều Kiện Thuê xe Máy ở hà Nội Cho Gia Đình,dieu-kien-thue-xe-may-o-ha-noi-cho-gia-dinh,blog/thue-xe/dieu-kien-thue-xe-may-o-ha-noi-cho-gia-dinh/index.html,blog/thue-xe/,,no,no-external,blog/thue-xe/; /,none,yes,MotoAI Editorial,,,0,,,
BA-1191,B24,EV,PLANNED,chìa khóa xe điện thông minh mùa hè,Xe điện / xe máy điện; chìa khóa xe điện thông minh mùa hè,informational-product,Chìa Khóa xe Điện Thông Minh Mùa hè,chia-khoa-xe-dien-thong-minh-mua-he,blog/xe-dien/chia-khoa-xe-dien-thong-minh-mua-he/index.html,blog/xe-dien/,,no,no-external,blog/xe-dien/; /,none,yes,MotoAI Editorial,,,0,,,
BA-1192,B24,GUIDE,PLANNED,nắng nóng và lái xe nhanh gọn,Hướng dẫn / thủ tục; nắng nóng và lái xe nhanh gọn,informational,Nắng Nóng và Lái xe Nhanh Gọn,nang-nong-va-lai-xe-nhanh-gon,blog/huong-dan/nang-nong-va-lai-xe-nhanh-gon/index.html,blog/huong-dan/,,no,no-external,blog/huong-dan/; /,none,yes,MotoAI Editorial,,,0,,,
BA-1193,B24,SAFE,PLANNED,thủ tục khi va chạm nhẹ ví dụ thực tế,An toàn / pháp lý; thủ tục khi va chạm nhẹ ví dụ thực tế,informational-legal,Thủ Tục Khi va Chạm Nhẹ ví dụ Thực tế,thu-tuc-khi-va-cham-nhe-vi-du-thuc-te,blog/an-toan/thu-tuc-khi-va-cham-nhe-vi-du-thuc-te/index.html,blog/an-toan/,,yes,legal-gate,blog/an-toan/; /,none,no,MotoAI Editorial,,,0,,,legal-gate: CLAIM->SUBJECT->CONDITION->RULE->VERSION->PRIMARY SOURCE required
BA-1194,B24,LOCAL,PLANNED,phố sách hà nội buổi sáng,Địa phương / du lịch; phố sách hà nội buổi sáng,local-informational,Phố Sách hà Nội Buổi Sáng,pho-sach-ha-noi-buoi-sang,blog/dia-phuong/pho-sach-ha-noi-buoi-sang/index.html,blog/dia-phuong/,hà Nội,no,no-external,blog/dia-phuong/; /,none,yes,MotoAI Editorial,,,0,,,
BA-1195,B24,APP,PLANNED,hỏi đáp với Agent thuê xe cho khách nước ngoài,App & Ứng dụng; hỏi đáp với Agent thuê xe cho khách nước ngoài,informational-product,Hỏi Đáp Với Agent Thuê xe Cho Khách Nước Ngoài,hoi-dap-voi-agent-thue-xe-cho-khach-nuoc-ngoai,blog/app/hoi-dap-voi-agent-thue-xe-cho-khach-nuoc-ngoai/index.html,blog/app/,,no,no-external,blog/app/; /,none,yes,MotoAI Editorial,,,0,,,
BA-1196,B24,RENT,PLANNED,thuê xe không bằng lái được không cho gia đình,Thuê xe máy; thuê xe không bằng lái được không cho gia đình,commercial-informational,Thuê xe Không Bằng Lái Được Không Cho Gia Đình,thue-xe-khong-bang-lai-duoc-khong-cho-gia-dinh,blog/thue-xe/thue-xe-khong-bang-lai-duoc-khong-cho-gia-dinh/index.html,blog/thue-xe/,,no,no-external,blog/thue-xe/; /,none,yes,MotoAI Editorial,,,0,,,
BA-1197,B24,EV,PLANNED,app mở khóa xe điện mùa hè,Xe điện / xe máy điện; app mở khóa xe điện mùa hè,informational-product,App mở Khóa xe Điện Mùa hè,app-mo-khoa-xe-dien-mua-he,blog/xe-dien/app-mo-khoa-xe-dien-mua-he/index.html,blog/xe-dien/,,no,no-external,blog/xe-dien/; /,none,yes,MotoAI Editorial,,,0,,,
BA-1198,B24,GUIDE,PLANNED,đi đường trường bằng xe thuê nhanh gọn,Hướng dẫn / thủ tục; đi đường trường bằng xe thuê nhanh gọn,informational,đi Đường Trường Bằng xe Thuê Nhanh Gọn,di-duong-truong-bang-xe-thue-nhanh-gon,blog/huong-dan/di-duong-truong-bang-xe-thue-nhanh-gon/index.html,blog/huong-dan/,,no,no-external,blog/huong-dan/; /,none,yes,MotoAI Editorial,,,0,,,
BA-1199,B24,SAFE,PLANNED,gọi cảnh sát khi tai nạn ví dụ thực tế,An toàn / pháp lý; gọi cảnh sát khi tai nạn ví dụ thực tế,informational-legal,Gọi Cảnh Sát Khi Tai Nạn ví dụ Thực tế,goi-canh-sat-khi-tai-nan-vi-du-thuc-te,blog/an-toan/goi-canh-sat-khi-tai-nan-vi-du-thuc-te/index.html,blog/an-toan/,,yes,legal-gate,blog/an-toan/; /,none,no,MotoAI Editorial,,,0,,,legal-gate: CLAIM->SUBJECT->CONDITION->RULE->VERSION->PRIMARY SOURCE required
BA-1200,B24,LOCAL,PLANNED,nhà thờ lớn hà nội buổi sáng,Địa phương / du lịch; nhà thờ lớn hà nội buổi sáng,local-informational,Nhà Thờ Lớn hà Nội Buổi Sáng,nha-tho-lon-ha-noi-buoi-sang,blog/dia-phuong/nha-tho-lon-ha-noi-buoi-sang/index.html,blog/dia-phuong/,hà Nội,no,no-external,blog/dia-phuong/; /,none,yes,MotoAI Editorial,,,0,,,
BA-1201,B25,APP,PLANNED,cách hỏi giá xe nhanh bằng chatbot cho khách nước ngoài,App & Ứng dụng; cách hỏi giá xe nhanh bằng chatbot cho khách nước ngoài,informational-product,Cách Hỏi Giá xe Nhanh Bằng Chatbot Cho Khách Nước Ngoài,cach-hoi-gia-xe-nhanh-bang-chatbot-cho-khach-nuoc-ngoai,blog/app/cach-hoi-gia-xe-nhanh-bang-chatbot-cho-khach-nuoc-ngoai/index.html,blog/app/,,no,no-external,blog/app/; /,none,yes,MotoAI Editorial,,,0,,,
BA-1202,B25,RENT,PLANNED,bằng lái a1 và thuê xe máy cho gia đình,Thuê xe máy; bằng lái a1 và thuê xe máy cho gia đình,commercial-informational,Bằng Lái a1 và Thuê xe Máy Cho Gia Đình,bang-lai-a1-va-thue-xe-may-cho-gia-dinh,blog/thue-xe/bang-lai-a1-va-thue-xe-may-cho-gia-dinh/index.html,blog/thue-xe/,,no,no-external,blog/thue-xe/; /,none,yes,MotoAI Editorial,,,0,,,
BA-1203,B25,EV,PLANNED,cửa hàng cho thuê xe điện mùa hè,Xe điện / xe máy điện; cửa hàng cho thuê xe điện mùa hè,informational-product,Cửa Hàng Cho Thuê xe Điện Mùa hè,cua-hang-cho-thue-xe-dien-mua-he,blog/xe-dien/cua-hang-cho-thue-xe-dien-mua-he/index.html,blog/xe-dien/,,no,no-external,blog/xe-dien/; /,none,yes,MotoAI Editorial,,,0,,,
BA-1204,B25,GUIDE,PLANNED,đèo dốc và xe máy thuê nhanh gọn,Hướng dẫn / thủ tục; đèo dốc và xe máy thuê nhanh gọn,informational,Đèo Dốc và xe Máy Thuê Nhanh Gọn,deo-doc-va-xe-may-thue-nhanh-gon,blog/huong-dan/deo-doc-va-xe-may-thue-nhanh-gon/index.html,blog/huong-dan/,,no,no-external,blog/huong-dan/; /,none,yes,MotoAI Editorial,,,0,,,
BA-1205,B25,SAFE,PLANNED,khám sức khỏe lái xe ví dụ thực tế,An toàn / pháp lý; khám sức khỏe lái xe ví dụ thực tế,informational-legal,Khám Sức Khỏe Lái xe ví dụ Thực tế,kham-suc-khoe-lai-xe-vi-du-thuc-te,blog/an-toan/kham-suc-khoe-lai-xe-vi-du-thuc-te/index.html,blog/an-toan/,,yes,legal-gate,blog/an-toan/; /,none,no,MotoAI Editorial,,,0,,,legal-gate: CLAIM->SUBJECT->CONDITION->RULE->VERSION->PRIMARY SOURCE required
BA-1206,B25,LOCAL,PLANNED,làng gốm bát tràng buổi sáng,Địa phương / du lịch; làng gốm bát tràng buổi sáng,local-informational,Làng Gốm Bát Tràng Buổi Sáng,lang-gom-bat-trang-buoi-sang,blog/dia-phuong/lang-gom-bat-trang-buoi-sang/index.html,blog/dia-phuong/,Hà Nội (khu vực),no,no-external,blog/dia-phuong/; /,none,yes,MotoAI Editorial,,,0,,,
BA-1207,B25,APP,PLANNED,gợi ý chọn xe máy phù hợp cho khách nước ngoài,App & Ứng dụng; gợi ý chọn xe máy phù hợp cho khách nước ngoài,informational-product,Gợi ý Chọn xe Máy Phù Hợp Cho Khách Nước Ngoài,goi-y-chon-xe-may-phu-hop-cho-khach-nuoc-ngoai,blog/app/goi-y-chon-xe-may-phu-hop-cho-khach-nuoc-ngoai/index.html,blog/app/,,no,no-external,blog/app/; /,none,yes,MotoAI Editorial,,,0,,,
BA-1208,B25,RENT,PLANNED,người nước ngoài thuê xe máy việt nam cho gia đình,Thuê xe máy; người nước ngoài thuê xe máy việt nam cho gia đình,commercial-informational,Người Nước Ngoài Thuê xe Máy Việt Nam Cho Gia Đình,nguoi-nuoc-ngoai-thue-xe-may-viet-nam-cho-gia-dinh,blog/thue-xe/nguoi-nuoc-ngoai-thue-xe-may-viet-nam-cho-gia-dinh/index.html,blog/thue-xe/,,no,no-external,blog/thue-xe/; /,none,yes,MotoAI Editorial,,,0,,,
BA-1209,B25,EV,PLANNED,dịch vụ sửa xe điện mùa hè,Xe điện / xe máy điện; dịch vụ sửa xe điện mùa hè,informational-product,Dịch vụ Sửa xe Điện Mùa hè,dich-vu-sua-xe-dien-mua-he,blog/xe-dien/dich-vu-sua-xe-dien-mua-he/index.html,blog/xe-dien/,,no,no-external,blog/xe-dien/; /,none,yes,MotoAI Editorial,,,0,,,
BA-1210,B25,GUIDE,PLANNED,đường vành đai hà nội nhanh gọn,Hướng dẫn / thủ tục; đường vành đai hà nội nhanh gọn,informational,Đường Vành Đai hà Nội Nhanh Gọn,duong-vanh-dai-ha-noi-nhanh-gon,blog/huong-dan/duong-vanh-dai-ha-noi-nhanh-gon/index.html,blog/huong-dan/,,no,no-external,blog/huong-dan/; /,none,yes,MotoAI Editorial,,,0,,,
BA-1211,B25,SAFE,PLANNED,đèn xe và an toàn đêm ví dụ thực tế,An toàn / pháp lý; đèn xe và an toàn đêm ví dụ thực tế,informational-legal,Đèn xe và an Toàn Đêm ví dụ Thực tế,den-xe-va-an-toan-dem-vi-du-thuc-te,blog/an-toan/den-xe-va-an-toan-dem-vi-du-thuc-te/index.html,blog/an-toan/,,yes,legal-gate,blog/an-toan/; /,none,no,MotoAI Editorial,,,0,,,legal-gate: CLAIM->SUBJECT->CONDITION->RULE->VERSION->PRIMARY SOURCE required
BA-1212,B25,LOCAL,PLANNED,bát tràng gốm xe máy buổi sáng,Địa phương / du lịch; bát tràng gốm xe máy buổi sáng,local-informational,Bát Tràng Gốm xe Máy Buổi Sáng,bat-trang-gom-xe-may-buoi-sang,blog/dia-phuong/bat-trang-gom-xe-may-buoi-sang/index.html,blog/dia-phuong/,Hà Nội (khu vực),no,no-external,blog/dia-phuong/; /,none,yes,MotoAI Editorial,,,0,,,
BA-1213,B25,APP,PLANNED,tính chi phí thuê xe theo ngày tuần tháng cho khách nước ngoài,App & Ứng dụng; tính chi phí thuê xe theo ngày tuần tháng cho khách nước ngoài,informational-product,Tính Chi Phí Thuê xe Theo Ngày Tuần Tháng Cho Khách Nước Ngoài,tinh-chi-phi-thue-xe-theo-ngay-tuan-thang-cho-khach-nuoc-ngoai,blog/app/tinh-chi-phi-thue-xe-theo-ngay-tuan-thang-cho-khach-nuoc-ngoai/index.html,blog/app/,,no,no-external,blog/app/; /,none,yes,MotoAI Editorial,,,0,,,
BA-1214,B25,RENT,PLANNED,khách du lịch thuê xe máy cho gia đình,Thuê xe máy; khách du lịch thuê xe máy cho gia đình,commercial-informational,Khách du Lịch Thuê xe Máy Cho Gia Đình,khach-du-lich-thue-xe-may-cho-gia-dinh,blog/thue-xe/khach-du-lich-thue-xe-may-cho-gia-dinh/index.html,blog/thue-xe/,,no,no-external,blog/thue-xe/; /,none,yes,MotoAI Editorial,,,0,,,
BA-1215,B25,EV,PLANNED,kiểm tra xe điện trước khi thuê mùa hè,Xe điện / xe máy điện; kiểm tra xe điện trước khi thuê mùa hè,informational-product,Kiểm Tra xe Điện Trước Khi Thuê Mùa hè,kiem-tra-xe-dien-truoc-khi-thue-mua-he,blog/xe-dien/kiem-tra-xe-dien-truoc-khi-thue-mua-he/index.html,blog/xe-dien/,,no,no-external,blog/xe-dien/; /,none,yes,MotoAI Editorial,,,0,,,
BA-1216,B25,GUIDE,PLANNED,trả xe đúng giờ để tránh phí nhanh gọn,Hướng dẫn / thủ tục; trả xe đúng giờ để tránh phí nhanh gọn,informational,Trả xe Đúng Giờ để Tránh Phí Nhanh Gọn,tra-xe-dung-gio-de-tranh-phi-nhanh-gon,blog/huong-dan/tra-xe-dung-gio-de-tranh-phi-nhanh-gon/index.html,blog/huong-dan/,,no,no-external,blog/huong-dan/; /,none,yes,MotoAI Editorial,,,0,,,
BA-1217,B25,SAFE,PLANNED,kỹ năng phanh gấp ví dụ thực tế,An toàn / pháp lý; kỹ năng phanh gấp ví dụ thực tế,informational-legal,kỹ Năng Phanh Gấp ví dụ Thực tế,ky-nang-phanh-gap-vi-du-thuc-te,blog/an-toan/ky-nang-phanh-gap-vi-du-thuc-te/index.html,blog/an-toan/,,yes,legal-gate,blog/an-toan/; /,none,no,MotoAI Editorial,,,0,,,legal-gate: CLAIM->SUBJECT->CONDITION->RULE->VERSION->PRIMARY SOURCE required
BA-1218,B25,LOCAL,PLANNED,đường đồng by bike buổi sáng,Địa phương / du lịch; đường đồng by bike buổi sáng,local-informational,Đường Đồng by Bike Buổi Sáng,duong-dong-by-bike-buoi-sang,blog/dia-phuong/duong-dong-by-bike-buoi-sang/index.html,blog/dia-phuong/,Hà Nội (khu vực),no,no-external,blog/dia-phuong/; /,none,yes,MotoAI Editorial,,,0,,,
BA-1219,B25,APP,PLANNED,ứng dụng tìm xe máy giá tốt cho khách nước ngoài,App & Ứng dụng; ứng dụng tìm xe máy giá tốt cho khách nước ngoài,informational-product,Ứng Dụng Tìm xe Máy Giá Tốt Cho Khách Nước Ngoài,ung-dung-tim-xe-may-gia-tot-cho-khach-nuoc-ngoai,blog/app/ung-dung-tim-xe-may-gia-tot-cho-khach-nuoc-ngoai/index.html,blog/app/,,no,no-external,blog/app/; /,none,yes,MotoAI Editorial,,,0,,,
BA-1220,B25,RENT,PLANNED,thuê xe cho người cao tuổi cho gia đình,Thuê xe máy; thuê xe cho người cao tuổi cho gia đình,commercial-informational,Thuê xe Cho Người Cao Tuổi Cho Gia Đình,thue-xe-cho-nguoi-cao-tuoi-cho-gia-dinh,blog/thue-xe/thue-xe-cho-nguoi-cao-tuoi-cho-gia-dinh/index.html,blog/thue-xe/,,no,no-external,blog/thue-xe/; /,none,yes,MotoAI Editorial,,,0,,,
BA-1221,B25,EV,PLANNED,quy trình trả xe điện mùa hè,Xe điện / xe máy điện; quy trình trả xe điện mùa hè,informational-product,Quy Trình Trả xe Điện Mùa hè,quy-trinh-tra-xe-dien-mua-he,blog/xe-dien/quy-trinh-tra-xe-dien-mua-he/index.html,blog/xe-dien/,,no,no-external,blog/xe-dien/; /,none,yes,MotoAI Editorial,,,0,,,
BA-1222,B25,GUIDE,PLANNED,đánh giá cửa hàng sau khi thuê nhanh gọn,Hướng dẫn / thủ tục; đánh giá cửa hàng sau khi thuê nhanh gọn,informational,Đánh Giá Cửa Hàng Sau Khi Thuê Nhanh Gọn,danh-gia-cua-hang-sau-khi-thue-nhanh-gon,blog/huong-dan/danh-gia-cua-hang-sau-khi-thue-nhanh-gon/index.html,blog/huong-dan/,,no,no-external,blog/huong-dan/; /,none,yes,MotoAI Editorial,,,0,,,
BA-1223,B25,SAFE,PLANNED,gương chiếu hậu an toàn ví dụ thực tế,An toàn / pháp lý; gương chiếu hậu an toàn ví dụ thực tế,informational-legal,Gương Chiếu Hậu an Toàn ví dụ Thực tế,guong-chieu-hau-an-toan-vi-du-thuc-te,blog/an-toan/guong-chieu-hau-an-toan-vi-du-thuc-te/index.html,blog/an-toan/,,yes,legal-gate,blog/an-toan/; /,none,no,MotoAI Editorial,,,0,,,legal-gate: CLAIM->SUBJECT->CONDITION->RULE->VERSION->PRIMARY SOURCE required
BA-1224,B25,LOCAL,PLANNED,văn giang ev and bikes buổi sáng,Địa phương / du lịch; văn giang ev and bikes buổi sáng,local-informational,Văn Giang ev And Bikes Buổi Sáng,van-giang-ev-and-bikes-buoi-sang,blog/dia-phuong/van-giang-ev-and-bikes-buoi-sang/index.html,blog/dia-phuong/,Hà Nội (khu vực),no,no-external,blog/dia-phuong/; /,none,yes,MotoAI Editorial,,,0,,,
BA-1225,B25,APP,PLANNED,app hỗ trợ thủ tục thuê xe cho khách nước ngoài,App & Ứng dụng; app hỗ trợ thủ tục thuê xe cho khách nước ngoài,informational-product,App hỗ Trợ Thủ Tục Thuê xe Cho Khách Nước Ngoài,app-ho-tro-thu-tuc-thue-xe-cho-khach-nuoc-ngoai,blog/app/app-ho-tro-thu-tuc-thue-xe-cho-khach-nuoc-ngoai/index.html,blog/app/,,no,no-external,blog/app/; /,none,yes,MotoAI Editorial,,,0,,,
BA-1226,B25,RENT,PLANNED,thuê xe hai người cho gia đình,Thuê xe máy; thuê xe hai người cho gia đình,commercial-informational,Thuê xe Hai Người Cho Gia Đình,thue-xe-hai-nguoi-cho-gia-dinh,blog/thue-xe/thue-xe-hai-nguoi-cho-gia-dinh/index.html,blog/thue-xe/,,no,no-external,blog/thue-xe/; /,none,yes,MotoAI Editorial,,,0,,,
BA-1227,B25,EV,PLANNED,pin chảy khi không dùng mùa hè,Xe điện / xe máy điện; pin chảy khi không dùng mùa hè,informational-product,Pin Chảy Khi Không Dùng Mùa hè,pin-chay-khi-khong-dung-mua-he,blog/xe-dien/pin-chay-khi-khong-dung-mua-he/index.html,blog/xe-dien/,,no,no-external,blog/xe-dien/; /,none,yes,MotoAI Editorial,,,0,,,
BA-1228,B25,GUIDE,PLANNED,thủ tục thuê xe máy tại Hà Nội,Hướng dẫn / thủ tục; thủ tục thuê xe máy tại Hà Nội,informational,Thủ Tục Thuê xe Máy Tại Hà Nội,thu-tuc-thue-xe-may-tai-ha-noi,blog/huong-dan/thu-tuc-thue-xe-may-tai-ha-noi/index.html,blog/huong-dan/,,no,no-external,blog/huong-dan/; /,none,yes,MotoAI Editorial,,,0,,,
BA-1229,B25,SAFE,PLANNED,mưa lớn và lái xe ví dụ thực tế,An toàn / pháp lý; mưa lớn và lái xe ví dụ thực tế,informational-legal,Mưa Lớn và Lái xe ví dụ Thực tế,mua-lon-va-lai-xe-vi-du-thuc-te,blog/an-toan/mua-lon-va-lai-xe-vi-du-thuc-te/index.html,blog/an-toan/,,yes,legal-gate,blog/an-toan/; /,none,no,MotoAI Editorial,,,0,,,legal-gate: CLAIM->SUBJECT->CONDITION->RULE->VERSION->PRIMARY SOURCE required
BA-1230,B25,LOCAL,PLANNED,chùa và Hà Nội buổi sáng,Địa phương / du lịch; chùa và Hà Nội buổi sáng,local-informational,Chùa và Hà Nội Buổi Sáng,chua-va-ha-noi-buoi-sang,blog/dia-phuong/chua-va-ha-noi-buoi-sang/index.html,blog/dia-phuong/,Hà Nội (khu vực),no,no-external,blog/dia-phuong/; /,none,yes,MotoAI Editorial,,,0,,,
BA-1231,B25,APP,PLANNED,công cụ chọn xe theo kinh nghiệm lái cho khách nước ngoài,App & Ứng dụng; công cụ chọn xe theo kinh nghiệm lái cho khách nước ngoài,informational-product,Công cụ Chọn xe Theo Kinh Nghiệm Lái Cho Khách Nước Ngoài,cong-cu-chon-xe-theo-kinh-nghiem-lai-cho-khach-nuoc-ngoai,blog/app/cong-cu-chon-xe-theo-kinh-nghiem-lai-cho-khach-nuoc-ngoai/index.html,blog/app/,,no,no-external,blog/app/; /,none,yes,MotoAI Editorial,,,0,,,
BA-1232,B25,RENT,PLANNED,chở người thân trên xe thuê cho gia đình,Thuê xe máy; chở người thân trên xe thuê cho gia đình,commercial-informational,Chở Người Thân Trên xe Thuê Cho Gia Đình,cho-nguoi-than-tren-xe-thue-cho-gia-dinh,blog/thue-xe/cho-nguoi-than-tren-xe-thue-cho-gia-dinh/index.html,blog/thue-xe/,,no,no-external,blog/thue-xe/; /,none,yes,MotoAI Editorial,,,0,,,
BA-1233,B25,EV,PLANNED,bảo quản xe điện mùa mưa mùa hè,Xe điện / xe máy điện; bảo quản xe điện mùa mưa mùa hè,informational-product,Bảo Quản xe Điện Mùa Mưa Mùa hè,bao-quan-xe-dien-mua-mua-mua-he,blog/xe-dien/bao-quan-xe-dien-mua-mua-mua-he/index.html,blog/xe-dien/,,no,no-external,blog/xe-dien/; /,none,yes,MotoAI Editorial,,,0,,,
BA-1234,B25,GUIDE,PLANNED,giấy tờ cần khi thuê xe tại Hà Nội,Hướng dẫn / thủ tục; giấy tờ cần khi thuê xe tại Hà Nội,informational,Giấy tờ Cần Khi Thuê xe Tại Hà Nội,giay-to-can-khi-thue-xe-tai-ha-noi,blog/huong-dan/giay-to-can-khi-thue-xe-tai-ha-noi/index.html,blog/huong-dan/,,no,no-external,blog/huong-dan/; /,none,yes,MotoAI Editorial,,,0,,,
BA-1235,B25,SAFE,PLANNED,sương mù mùa đông ví dụ thực tế,An toàn / pháp lý; sương mù mùa đông ví dụ thực tế,informational-legal,Sương mù Mùa Đông ví dụ Thực tế,suong-mu-mua-dong-vi-du-thuc-te,blog/an-toan/suong-mu-mua-dong-vi-du-thuc-te/index.html,blog/an-toan/,,yes,legal-gate,blog/an-toan/; /,none,no,MotoAI Editorial,,,0,,,legal-gate: CLAIM->SUBJECT->CONDITION->RULE->VERSION->PRIMARY SOURCE required
BA-1236,B25,LOCAL,PLANNED,đền nguyễn cần bằng xe buổi sáng,Địa phương / du lịch; đền nguyễn cần bằng xe buổi sáng,local-informational,Đền Nguyễn Cần Bằng xe Buổi Sáng,den-nguyen-can-bang-xe-buoi-sang,blog/dia-phuong/den-nguyen-can-bang-xe-buoi-sang/index.html,blog/dia-phuong/,Hà Nội (khu vực),no,no-external,blog/dia-phuong/; /,none,yes,MotoAI Editorial,,,0,,,
BA-1237,B25,APP,PLANNED,chatbot thuê xe máy có đáng tin không cho khách nước ngoài,App & Ứng dụng; chatbot thuê xe máy có đáng tin không cho khách nước ngoài,informational-product,Chatbot Thuê xe Máy có Đáng Tin Không Cho Khách Nước Ngoài,chatbot-thue-xe-may-co-dang-tin-khong-cho-khach-nuoc-ngoai,blog/app/chatbot-thue-xe-may-co-dang-tin-khong-cho-khach-nuoc-ngoai/index.html,blog/app/,,no,no-external,blog/app/; /,none,yes,MotoAI Editorial,,,0,,,
BA-1238,B25,RENT,PLANNED,đi phố cổ bằng xe máy thuê cho gia đình,Thuê xe máy; đi phố cổ bằng xe máy thuê cho gia đình,commercial-informational,đi Phố cổ Bằng xe Máy Thuê Cho Gia Đình,di-pho-co-bang-xe-may-thue-cho-gia-dinh,blog/thue-xe/di-pho-co-bang-xe-may-thue-cho-gia-dinh/index.html,blog/thue-xe/,,no,no-external,blog/thue-xe/; /,none,yes,MotoAI Editorial,,,0,,,
BA-1239,B25,EV,PLANNED,xe điện cho thành phố nhỏ mùa hè,Xe điện / xe máy điện; xe điện cho thành phố nhỏ mùa hè,informational-product,xe Điện Cho Thành Phố Nhỏ Mùa hè,xe-dien-cho-thanh-pho-nho-mua-he,blog/xe-dien/xe-dien-cho-thanh-pho-nho-mua-he/index.html,blog/xe-dien/,,no,no-external,blog/xe-dien/; /,none,yes,MotoAI Editorial,,,0,,,
BA-1240,B25,GUIDE,PLANNED,hướng dẫn đặt xe nhanh tại Hà Nội,Hướng dẫn / thủ tục; hướng dẫn đặt xe nhanh tại Hà Nội,informational,Hướng Dẫn Đặt xe Nhanh Tại Hà Nội,huong-dan-dat-xe-nhanh-tai-ha-noi,blog/huong-dan/huong-dan-dat-xe-nhanh-tai-ha-noi/index.html,blog/huong-dan/,,no,no-external,blog/huong-dan/; /,none,yes,MotoAI Editorial,,,0,,,
BA-1241,B25,SAFE,PLANNED,tầm nhìn khi lái xe ví dụ thực tế,An toàn / pháp lý; tầm nhìn khi lái xe ví dụ thực tế,informational-legal,Tầm Nhìn Khi Lái xe ví dụ Thực tế,tam-nhin-khi-lai-xe-vi-du-thuc-te,blog/an-toan/tam-nhin-khi-lai-xe-vi-du-thuc-te/index.html,blog/an-toan/,,yes,legal-gate,blog/an-toan/; /,none,no,MotoAI Editorial,,,0,,,legal-gate: CLAIM->SUBJECT->CONDITION->RULE->VERSION->PRIMARY SOURCE required
BA-1242,B25,LOCAL,PLANNED,quảng đi long biên view buổi sáng,Địa phương / du lịch; quảng đi long biên view buổi sáng,local-informational,Quảng đi Long Biên View Buổi Sáng,quang-di-long-bien-view-buoi-sang,blog/dia-phuong/quang-di-long-bien-view-buoi-sang/index.html,blog/dia-phuong/,Long Biên,no,no-external,blog/dia-phuong/; /,none,yes,MotoAI Editorial,,,0,,,
BA-1243,B25,APP,PLANNED,xử lý dữ liệu cá nhân khi thuê xe online cho khách nước ngoài,App & Ứng dụng; xử lý dữ liệu cá nhân khi thuê xe online cho khách nước ngoài,informational-product,xử lý dữ Liệu cá Nhân Khi Thuê xe Online Cho Khách Nước Ngoài,xu-ly-du-lieu-ca-nhan-khi-thue-xe-online-cho-khach-nuoc-ngoai,blog/app/xu-ly-du-lieu-ca-nhan-khi-thue-xe-online-cho-khach-nuoc-ngoai/index.html,blog/app/,,no,no-external,blog/app/; /,none,yes,MotoAI Editorial,,,0,,,
BA-1244,B25,RENT,PLANNED,thuê xe dài ngày giá tốt cho gia đình,Thuê xe máy; thuê xe dài ngày giá tốt cho gia đình,commercial-informational,Thuê xe Dài Ngày Giá Tốt Cho Gia Đình,thue-xe-dai-ngay-gia-tot-cho-gia-dinh,blog/thue-xe/thue-xe-dai-ngay-gia-tot-cho-gia-dinh/index.html,blog/thue-xe/,,no,no-external,blog/thue-xe/; /,none,yes,MotoAI Editorial,,,0,,,
BA-1245,B25,EV,PLANNED,tương lai xe điện cho thuê mùa hè,Xe điện / xe máy điện; tương lai xe điện cho thuê mùa hè,informational-product,Tương Lai xe Điện Cho Thuê Mùa hè,tuong-lai-xe-dien-cho-thue-mua-he,blog/xe-dien/tuong-lai-xe-dien-cho-thue-mua-he/index.html,blog/xe-dien/,,no,no-external,blog/xe-dien/; /,none,yes,MotoAI Editorial,,,0,,,
BA-1246,B25,GUIDE,PLANNED,quy trình nhận xe tại Hà Nội,Hướng dẫn / thủ tục; quy trình nhận xe tại Hà Nội,informational,Quy Trình Nhận xe Tại Hà Nội,quy-trinh-nhan-xe-tai-ha-noi,blog/huong-dan/quy-trinh-nhan-xe-tai-ha-noi/index.html,blog/huong-dan/,,no,no-external,blog/huong-dan/; /,none,yes,MotoAI Editorial,,,0,,,
BA-1247,B25,SAFE,PLANNED,xe cộ phía trước và khoảng cách an toàn ví dụ thực tế,An toàn / pháp lý; xe cộ phía trước và khoảng cách an toàn ví dụ thực tế,informational-legal,xe cộ Phía Trước và Khoảng Cách an Toàn ví dụ Thực tế,xe-co-phia-truoc-va-khoang-cach-an-toan-vi-du-thuc-te,blog/an-toan/xe-co-phia-truoc-va-khoang-cach-an-toan-vi-du-thuc-te/index.html,blog/an-toan/,,yes,legal-gate,blog/an-toan/; /,none,no,MotoAI Editorial,,,0,,,legal-gate: CLAIM->SUBJECT->CONDITION->RULE->VERSION->PRIMARY SOURCE required
BA-1248,B25,LOCAL,PLANNED,hoàng hôn hồ tây buổi sáng,Địa phương / du lịch; hoàng hôn hồ tây buổi sáng,local-informational,Hoàng Hôn hồ Tây Buổi Sáng,hoang-hon-ho-tay-buoi-sang,blog/dia-phuong/hoang-hon-ho-tay-buoi-sang/index.html,blog/dia-phuong/,hồ Tây,no,no-external,blog/dia-phuong/; /,none,yes,MotoAI Editorial,,,0,,,
BA-1249,B25,APP,PLANNED,kịch bản dùng app thuê xe cho người mới cho khách nước ngoài,App & Ứng dụng; kịch bản dùng app thuê xe cho người mới cho khách nước ngoài,informational-product,Kịch Bản Dùng App Thuê xe Cho Người Mới Cho Khách Nước Ngoài,kich-ban-dung-app-thue-xe-cho-nguoi-moi-cho-khach-nuoc-ngoai,blog/app/kich-ban-dung-app-thue-xe-cho-nguoi-moi-cho-khach-nuoc-ngoai/index.html,blog/app/,,no,no-external,blog/app/; /,none,yes,MotoAI Editorial,,,0,,,
BA-1250,B25,RENT,PLANNED,ưu đãi thuê xe dài hạn cho gia đình,Thuê xe máy; ưu đãi thuê xe dài hạn cho gia đình,commercial-informational,ưu Đãi Thuê xe Dài Hạn Cho Gia Đình,uu-dai-thue-xe-dai-han-cho-gia-dinh,blog/thue-xe/uu-dai-thue-xe-dai-han-cho-gia-dinh/index.html,blog/thue-xe/,,no,no-external,blog/thue-xe/; /,none,yes,MotoAI Editorial,,,0,,,
BA-1251,B26,EV,PLANNED,app thuê xe điện mùa mưa,Xe điện / xe máy điện; app thuê xe điện mùa mưa,informational-product,App Thuê xe Điện Mùa Mưa,app-thue-xe-dien-mua-mua,blog/xe-dien/app-thue-xe-dien-mua-mua/index.html,blog/xe-dien/,,no,no-external,blog/xe-dien/; /,none,yes,MotoAI Editorial,,,0,,,
BA-1252,B26,GUIDE,PLANNED,quy trình trả xe tại Hà Nội,Hướng dẫn / thủ tục; quy trình trả xe tại Hà Nội,informational,Quy Trình Trả xe Tại Hà Nội,quy-trinh-tra-xe-tai-ha-noi,blog/huong-dan/quy-trinh-tra-xe-tai-ha-noi/index.html,blog/huong-dan/,,no,no-external,blog/huong-dan/; /,none,yes,MotoAI Editorial,,,0,,,
BA-1253,B26,SAFE,PLANNED,làn đường và quy tắc nhường ví dụ thực tế,An toàn / pháp lý; làn đường và quy tắc nhường ví dụ thực tế,informational-legal,Làn Đường và Quy Tắc Nhường ví dụ Thực tế,lan-duong-va-quy-tac-nhuong-vi-du-thuc-te,blog/an-toan/lan-duong-va-quy-tac-nhuong-vi-du-thuc-te/index.html,blog/an-toan/,,yes,legal-gate,blog/an-toan/; /,none,no,MotoAI Editorial,,,0,,,legal-gate: CLAIM->SUBJECT->CONDITION->RULE->VERSION->PRIMARY SOURCE required
BA-1254,B26,LOCAL,PLANNED,chạy buổi sáng hồ gươm buổi sáng,Địa phương / du lịch; chạy buổi sáng hồ gươm buổi sáng,local-informational,Chạy Buổi Sáng hồ Gươm Buổi Sáng,chay-buoi-sang-ho-guom-buoi-sang,blog/dia-phuong/chay-buoi-sang-ho-guom-buoi-sang/index.html,blog/dia-phuong/,Hà Nội (khu vực),no,no-external,blog/dia-phuong/; /,none,yes,MotoAI Editorial,,,0,,,
BA-1255,B26,APP,PLANNED,so sánh ứng dụng thuê xe máy điện và xe xăng cho khách nước ngoài,App & Ứng dụng; so sánh ứng dụng thuê xe máy điện và xe xăng cho khách nước ngoài,informational-product,so Sánh Ứng Dụng Thuê xe Máy Điện và xe Xăng Cho Khách Nước Ngoài,so-sanh-ung-dung-thue-xe-may-dien-va-xe-xang-cho-khach-nuoc-ngoai,blog/app/so-sanh-ung-dung-thue-xe-may-dien-va-xe-xang-cho-khach-nuoc-ngoai/index.html,blog/app/,,no,no-external,blog/app/; /,none,yes,MotoAI Editorial,,,0,,,
BA-1256,B26,RENT,PLANNED,mùa cao điểm thuê xe máy cho gia đình,Thuê xe máy; mùa cao điểm thuê xe máy cho gia đình,commercial-informational,Mùa Cao Điểm Thuê xe Máy Cho Gia Đình,mua-cao-diem-thue-xe-may-cho-gia-dinh,blog/thue-xe/mua-cao-diem-thue-xe-may-cho-gia-dinh/index.html,blog/thue-xe/,,no,no-external,blog/thue-xe/; /,none,yes,MotoAI Editorial,,,0,,,
BA-1257,B26,EV,PLANNED,ứng dụng thuê xe máy điện mùa mưa,Xe điện / xe máy điện; ứng dụng thuê xe máy điện mùa mưa,informational-product,Ứng Dụng Thuê xe Máy Điện Mùa Mưa,ung-dung-thue-xe-may-dien-mua-mua,blog/xe-dien/ung-dung-thue-xe-may-dien-mua-mua/index.html,blog/xe-dien/,,no,no-external,blog/xe-dien/; /,none,yes,MotoAI Editorial,,,0,,,
BA-1258,B26,GUIDE,PLANNED,kiểm tra xe khi nhận tại Hà Nội,Hướng dẫn / thủ tục; kiểm tra xe khi nhận tại Hà Nội,informational,Kiểm Tra xe Khi Nhận Tại Hà Nội,kiem-tra-xe-khi-nhan-tai-ha-noi,blog/huong-dan/kiem-tra-xe-khi-nhan-tai-ha-noi/index.html,blog/huong-dan/,,no,no-external,blog/huong-dan/; /,none,yes,MotoAI Editorial,,,0,,,
BA-1259,B26,SAFE,PLANNED,đèn đỏ và camera phạt nguội ví dụ thực tế,An toàn / pháp lý; đèn đỏ và camera phạt nguội ví dụ thực tế,informational-legal,Đèn đỏ và Camera Phạt Nguội ví dụ Thực tế,den-do-va-camera-phat-nguoi-vi-du-thuc-te,blog/an-toan/den-do-va-camera-phat-nguoi-vi-du-thuc-te/index.html,blog/an-toan/,,yes,legal-gate,blog/an-toan/; /,none,no,MotoAI Editorial,,,0,,,legal-gate: CLAIM->SUBJECT->CONDITION->RULE->VERSION->PRIMARY SOURCE required
BA-1260,B26,LOCAL,PLANNED,cà phê phố cổ buổi sáng,Địa phương / du lịch; cà phê phố cổ buổi sáng,local-informational,cà Phê Phố cổ Buổi Sáng,ca-phe-pho-co-buoi-sang,blog/dia-phuong/ca-phe-pho-co-buoi-sang/index.html,blog/dia-phuong/,Phố cổ,no,no-external,blog/dia-phuong/; /,none,yes,MotoAI Editorial,,,0,,,
BA-1261,B26,APP,PLANNED,ứng dụng thuê xe không cần tải cho khách nước ngoài,App & Ứng dụng; ứng dụng thuê xe không cần tải cho khách nước ngoài,informational-product,Ứng Dụng Thuê xe Không Cần Tải Cho Khách Nước Ngoài,ung-dung-thue-xe-khong-can-tai-cho-khach-nuoc-ngoai,blog/app/ung-dung-thue-xe-khong-can-tai-cho-khach-nuoc-ngoai/index.html,blog/app/,,no,no-external,blog/app/; /,none,yes,MotoAI Editorial,,,0,,,
BA-1262,B26,RENT,PLANNED,đặt xe trước hay đến trực tiếp cho gia đình,Thuê xe máy; đặt xe trước hay đến trực tiếp cho gia đình,commercial-informational,Đặt xe Trước Hay Đến Trực Tiếp Cho Gia Đình,dat-xe-truoc-hay-den-truc-tiep-cho-gia-dinh,blog/thue-xe/dat-xe-truoc-hay-den-truc-tiep-cho-gia-dinh/index.html,blog/thue-xe/,,no,no-external,blog/thue-xe/; /,none,yes,MotoAI Editorial,,,0,,,
BA-1263,B26,EV,PLANNED,chọn xe điện phù hợp mùa mưa,Xe điện / xe máy điện; chọn xe điện phù hợp mùa mưa,informational-product,Chọn xe Điện Phù Hợp Mùa Mưa,chon-xe-dien-phu-hop-mua-mua,blog/xe-dien/chon-xe-dien-phu-hop-mua-mua/index.html,blog/xe-dien/,,no,no-external,blog/xe-dien/; /,none,yes,MotoAI Editorial,,,0,,,
BA-1264,B26,GUIDE,PLANNED,hợp đồng thuê xe cần những gì tại Hà Nội,Hướng dẫn / thủ tục; hợp đồng thuê xe cần những gì tại Hà Nội,informational,Hợp Đồng Thuê xe Cần Những gì Tại Hà Nội,hop-dong-thue-xe-can-nhung-gi-tai-ha-noi,blog/huong-dan/hop-dong-thue-xe-can-nhung-gi-tai-ha-noi/index.html,blog/huong-dan/,,no,no-external,blog/huong-dan/; /,none,yes,MotoAI Editorial,,,0,,,
BA-1265,B26,SAFE,PLANNED,đi ngược chiều hậu quả ví dụ thực tế,An toàn / pháp lý; đi ngược chiều hậu quả ví dụ thực tế,informational-legal,đi Ngược Chiều Hậu Quả ví dụ Thực tế,di-nguoc-chieu-hau-qua-vi-du-thuc-te,blog/an-toan/di-nguoc-chieu-hau-qua-vi-du-thuc-te/index.html,blog/an-toan/,,yes,legal-gate,blog/an-toan/; /,none,no,MotoAI Editorial,,,0,,,legal-gate: CLAIM->SUBJECT->CONDITION->RULE->VERSION->PRIMARY SOURCE required
BA-1266,B26,LOCAL,PLANNED,cà phê trứng và xe máy buổi sáng,Địa phương / du lịch; cà phê trứng và xe máy buổi sáng,local-informational,cà Phê Trứng và xe Máy Buổi Sáng,ca-phe-trung-va-xe-may-buoi-sang,blog/dia-phuong/ca-phe-trung-va-xe-may-buoi-sang/index.html,blog/dia-phuong/,Hà Nội (khu vực),no,no-external,blog/dia-phuong/; /,none,yes,MotoAI Editorial,,,0,,,
BA-1267,B26,APP,PLANNED,rental assistant là gì cho khách nước ngoài,App & Ứng dụng; rental assistant là gì cho khách nước ngoài,informational-product,Rental Assistant là gì Cho Khách Nước Ngoài,rental-assistant-la-gi-cho-khach-nuoc-ngoai,blog/app/rental-assistant-la-gi-cho-khach-nuoc-ngoai/index.html,blog/app/,,no,no-external,blog/app/; /,none,yes,MotoAI Editorial,,,0,,,
BA-1268,B26,RENT,PLANNED,liên hệ đặt xe nhanh cho gia đình,Thuê xe máy; liên hệ đặt xe nhanh cho gia đình,commercial-informational,Liên hệ Đặt xe Nhanh Cho Gia Đình,lien-he-dat-xe-nhanh-cho-gia-dinh,blog/thue-xe/lien-he-dat-xe-nhanh-cho-gia-dinh/index.html,blog/thue-xe/,,no,no-external,blog/thue-xe/; /,none,yes,MotoAI Editorial,,,0,,,
BA-1269,B26,EV,PLANNED,thuê xe điện theo ngày mùa mưa,Xe điện / xe máy điện; thuê xe điện theo ngày mùa mưa,informational-product,Thuê xe Điện Theo Ngày Mùa Mưa,thue-xe-dien-theo-ngay-mua-mua,blog/xe-dien/thue-xe-dien-theo-ngay-mua-mua/index.html,blog/xe-dien/,,no,no-external,blog/xe-dien/; /,none,yes,MotoAI Editorial,,,0,,,
BA-1270,B26,GUIDE,PLANNED,đặt cọc thế nào tại Hà Nội,Hướng dẫn / thủ tục; đặt cọc thế nào tại Hà Nội,informational,Đặt Cọc Thế Nào Tại Hà Nội,dat-coc-the-nao-tai-ha-noi,blog/huong-dan/dat-coc-the-nao-tai-ha-noi/index.html,blog/huong-dan/,,no,no-external,blog/huong-dan/; /,none,yes,MotoAI Editorial,,,0,,,
BA-1271,B26,SAFE,PLANNED,điện thoại khi lái xe ví dụ thực tế,An toàn / pháp lý; điện thoại khi lái xe ví dụ thực tế,informational-legal,Điện Thoại Khi Lái xe ví dụ Thực tế,dien-thoai-khi-lai-xe-vi-du-thuc-te,blog/an-toan/dien-thoai-khi-lai-xe-vi-du-thuc-te/index.html,blog/an-toan/,,yes,legal-gate,blog/an-toan/; /,none,no,MotoAI Editorial,,,0,,,legal-gate: CLAIM->SUBJECT->CONDITION->RULE->VERSION->PRIMARY SOURCE required
BA-1272,B26,LOCAL,PLANNED,bánh cuốn và hành trình buổi sáng,Địa phương / du lịch; bánh cuốn và hành trình buổi sáng,local-informational,Bánh Cuốn và Hành Trình Buổi Sáng,banh-cuon-va-hanh-trinh-buoi-sang,blog/dia-phuong/banh-cuon-va-hanh-trinh-buoi-sang/index.html,blog/dia-phuong/,Hà Nội (khu vực),no,no-external,blog/dia-phuong/; /,none,yes,MotoAI Editorial,,,0,,,
BA-1273,B26,APP,PLANNED,agent chọn xe giúp bạn cho khách nước ngoài,App & Ứng dụng; agent chọn xe giúp bạn cho khách nước ngoài,informational-product,Agent Chọn xe Giúp Bạn Cho Khách Nước Ngoài,agent-chon-xe-giup-ban-cho-khach-nuoc-ngoai,blog/app/agent-chon-xe-giup-ban-cho-khach-nuoc-ngoai/index.html,blog/app/,,no,no-external,blog/app/; /,none,yes,MotoAI Editorial,,,0,,,
BA-1274,B26,RENT,PLANNED,xác nhận giá trước khi đặt cho gia đình,Thuê xe máy; xác nhận giá trước khi đặt cho gia đình,commercial-informational,Xác Nhận Giá Trước Khi Đặt Cho Gia Đình,xac-nhan-gia-truoc-khi-dat-cho-gia-dinh,blog/thue-xe/xac-nhan-gia-truoc-khi-dat-cho-gia-dinh/index.html,blog/thue-xe/,,no,no-external,blog/thue-xe/; /,none,yes,MotoAI Editorial,,,0,,,
BA-1275,B26,EV,PLANNED,thuê xe điện dài ngày mùa mưa,Xe điện / xe máy điện; thuê xe điện dài ngày mùa mưa,informational-product,Thuê xe Điện Dài Ngày Mùa Mưa,thue-xe-dien-dai-ngay-mua-mua,blog/xe-dien/thue-xe-dien-dai-ngay-mua-mua/index.html,blog/xe-dien/,,no,no-external,blog/xe-dien/; /,none,yes,MotoAI Editorial,,,0,,,
BA-1276,B26,GUIDE,PLANNED,nhận lại tiền cọc tại Hà Nội,Hướng dẫn / thủ tục; nhận lại tiền cọc tại Hà Nội,informational,Nhận Lại Tiền Cọc Tại Hà Nội,nhan-lai-tien-coc-tai-ha-noi,blog/huong-dan/nhan-lai-tien-coc-tai-ha-noi/index.html,blog/huong-dan/,,no,no-external,blog/huong-dan/; /,none,yes,MotoAI Editorial,,,0,,,
BA-1277,B26,SAFE,PLANNED,chở trẻ em trên xe máy ví dụ thực tế,An toàn / pháp lý; chở trẻ em trên xe máy ví dụ thực tế,informational-legal,Chở Trẻ em Trên xe Máy ví dụ Thực tế,cho-tre-em-tren-xe-may-vi-du-thuc-te,blog/an-toan/cho-tre-em-tren-xe-may-vi-du-thuc-te/index.html,blog/an-toan/,,yes,legal-gate,blog/an-toan/; /,none,no,MotoAI Editorial,,,0,,,legal-gate: CLAIM->SUBJECT->CONDITION->RULE->VERSION->PRIMARY SOURCE required
BA-1278,B26,LOCAL,PLANNED,phở bò và hành trình sáng buổi sáng,Địa phương / du lịch; phở bò và hành trình sáng buổi sáng,local-informational,Phở bò và Hành Trình Sáng Buổi Sáng,pho-bo-va-hanh-trinh-sang-buoi-sang,blog/dia-phuong/pho-bo-va-hanh-trinh-sang-buoi-sang/index.html,blog/dia-phuong/,Hà Nội (khu vực),no,no-external,blog/dia-phuong/; /,none,yes,MotoAI Editorial,,,0,,,
BA-1279,B26,APP,PLANNED,đặt cọc và ứng dụng thuê xe cho khách nước ngoài,App & Ứng dụng; đặt cọc và ứng dụng thuê xe cho khách nước ngoài,informational-product,Đặt Cọc và Ứng Dụng Thuê xe Cho Khách Nước Ngoài,dat-coc-va-ung-dung-thue-xe-cho-khach-nuoc-ngoai,blog/app/dat-coc-va-ung-dung-thue-xe-cho-khach-nuoc-ngoai/index.html,blog/app/,,no,no-external,blog/app/; /,none,yes,MotoAI Editorial,,,0,,,
BA-1280,B26,RENT,PLANNED,xe thuê có bảo hiểm không cho gia đình,Thuê xe máy; xe thuê có bảo hiểm không cho gia đình,commercial-informational,xe Thuê có Bảo Hiểm Không Cho Gia Đình,xe-thue-co-bao-hiem-khong-cho-gia-dinh,blog/thue-xe/xe-thue-co-bao-hiem-khong-cho-gia-dinh/index.html,blog/thue-xe/,,no,no-external,blog/thue-xe/; /,none,yes,MotoAI Editorial,,,0,,,
BA-1281,B26,EV,PLANNED,pin của xe máy điện mùa mưa,Xe điện / xe máy điện; pin của xe máy điện mùa mưa,informational-product,Pin Của xe Máy Điện Mùa Mưa,pin-cua-xe-may-dien-mua-mua,blog/xe-dien/pin-cua-xe-may-dien-mua-mua/index.html,blog/xe-dien/,,no,no-external,blog/xe-dien/; /,none,yes,MotoAI Editorial,,,0,,,
BA-1282,B26,GUIDE,PLANNED,chụp ảnh xe trước khi nhận tại Hà Nội,Hướng dẫn / thủ tục; chụp ảnh xe trước khi nhận tại Hà Nội,informational,Chụp Ảnh xe Trước Khi Nhận Tại Hà Nội,chup-anh-xe-truoc-khi-nhan-tai-ha-noi,blog/huong-dan/chup-anh-xe-truoc-khi-nhan-tai-ha-noi/index.html,blog/huong-dan/,,no,no-external,blog/huong-dan/; /,none,yes,MotoAI Editorial,,,0,,,
BA-1283,B26,SAFE,PLANNED,quy định mũ bảo hiểm trẻ em ví dụ thực tế,An toàn / pháp lý; quy định mũ bảo hiểm trẻ em ví dụ thực tế,informational-legal,Quy Định mũ Bảo Hiểm Trẻ em ví dụ Thực tế,quy-dinh-mu-bao-hiem-tre-em-vi-du-thuc-te,blog/an-toan/quy-dinh-mu-bao-hiem-tre-em-vi-du-thuc-te/index.html,blog/an-toan/,,yes,legal-gate,blog/an-toan/; /,none,no,MotoAI Editorial,,,0,,,legal-gate: CLAIM->SUBJECT->CONDITION->RULE->VERSION->PRIMARY SOURCE required
BA-1284,B26,LOCAL,PLANNED,chợ hoa quận tám buổi sáng,Địa phương / du lịch; chợ hoa quận tám buổi sáng,local-informational,Chợ Hoa Quận Tám Buổi Sáng,cho-hoa-quan-tam-buoi-sang,blog/dia-phuong/cho-hoa-quan-tam-buoi-sang/index.html,blog/dia-phuong/,Hà Nội (khu vực),no,no-external,blog/dia-phuong/; /,none,yes,MotoAI Editorial,,,0,,,
BA-1285,B26,APP,PLANNED,nhận xe khi đặt qua ứng dụng cho khách nước ngoài,App & Ứng dụng; nhận xe khi đặt qua ứng dụng cho khách nước ngoài,informational-product,Nhận xe Khi Đặt Qua Ứng Dụng Cho Khách Nước Ngoài,nhan-xe-khi-dat-qua-ung-dung-cho-khach-nuoc-ngoai,blog/app/nhan-xe-khi-dat-qua-ung-dung-cho-khach-nuoc-ngoai/index.html,blog/app/,,no,no-external,blog/app/; /,none,yes,MotoAI Editorial,,,0,,,
BA-1286,B26,RENT,PLANNED,hỏng xe giữa đường khi thuê cho gia đình,Thuê xe máy; hỏng xe giữa đường khi thuê cho gia đình,commercial-informational,Hỏng xe Giữa Đường Khi Thuê Cho Gia Đình,hong-xe-giua-duong-khi-thue-cho-gia-dinh,blog/thue-xe/hong-xe-giua-duong-khi-thue-cho-gia-dinh/index.html,blog/thue-xe/,,no,no-external,blog/thue-xe/; /,none,yes,MotoAI Editorial,,,0,,,
BA-1287,B26,EV,PLANNED,phạm vi hoạt động của xe điện mùa mưa,Xe điện / xe máy điện; phạm vi hoạt động của xe điện mùa mưa,informational-product,Phạm vi Hoạt Động Của xe Điện Mùa Mưa,pham-vi-hoat-dong-cua-xe-dien-mua-mua,blog/xe-dien/pham-vi-hoat-dong-cua-xe-dien-mua-mua/index.html,blog/xe-dien/,,no,no-external,blog/xe-dien/; /,none,yes,MotoAI Editorial,,,0,,,
BA-1288,B26,GUIDE,PLANNED,nhiên liệu khi nhận trả xe tại Hà Nội,Hướng dẫn / thủ tục; nhiên liệu khi nhận trả xe tại Hà Nội,informational,Nhiên Liệu Khi Nhận Trả xe Tại Hà Nội,nhien-lieu-khi-nhan-tra-xe-tai-ha-noi,blog/huong-dan/nhien-lieu-khi-nhan-tra-xe-tai-ha-noi/index.html,blog/huong-dan/,,no,no-external,blog/huong-dan/; /,none,yes,MotoAI Editorial,,,0,,,
BA-1289,B26,SAFE,PLANNED,đeo nón đúng cách ví dụ thực tế,An toàn / pháp lý; đeo nón đúng cách ví dụ thực tế,informational-legal,Đeo Nón Đúng Cách ví dụ Thực tế,deo-non-dung-cach-vi-du-thuc-te,blog/an-toan/deo-non-dung-cach-vi-du-thuc-te/index.html,blog/an-toan/,,yes,legal-gate,blog/an-toan/; /,none,no,MotoAI Editorial,,,0,,,legal-gate: CLAIM->SUBJECT->CONDITION->RULE->VERSION->PRIMARY SOURCE required
BA-1290,B26,LOCAL,PLANNED,chùa một cột hà nội buổi sáng,Địa phương / du lịch; chùa một cột hà nội buổi sáng,local-informational,Chùa Một Cột hà Nội Buổi Sáng,chua-mot-cot-ha-noi-buoi-sang,blog/dia-phuong/chua-mot-cot-ha-noi-buoi-sang/index.html,blog/dia-phuong/,hà Nội,no,no-external,blog/dia-phuong/; /,none,yes,MotoAI Editorial,,,0,,,
BA-1291,B26,APP,PLANNED,hủy lịch thuê xe qua app cho khách nước ngoài,App & Ứng dụng; hủy lịch thuê xe qua app cho khách nước ngoài,informational-product,Hủy Lịch Thuê xe Qua App Cho Khách Nước Ngoài,huy-lich-thue-xe-qua-app-cho-khach-nuoc-ngoai,blog/app/huy-lich-thue-xe-qua-app-cho-khach-nuoc-ngoai/index.html,blog/app/,,no,no-external,blog/app/; /,none,yes,MotoAI Editorial,,,0,,,
BA-1292,B26,RENT,PLANNED,hỗ trợ khi xe thuê gặp sự cố cho gia đình,Thuê xe máy; hỗ trợ khi xe thuê gặp sự cố cho gia đình,commercial-informational,hỗ Trợ Khi xe Thuê Gặp sự cố Cho Gia Đình,ho-tro-khi-xe-thue-gap-su-co-cho-gia-dinh,blog/thue-xe/ho-tro-khi-xe-thue-gap-su-co-cho-gia-dinh/index.html,blog/thue-xe/,,no,no-external,blog/thue-xe/; /,none,yes,MotoAI Editorial,,,0,,,
BA-1293,B26,EV,PLANNED,hướng dẫn sử dụng xe máy điện mùa mưa,Xe điện / xe máy điện; hướng dẫn sử dụng xe máy điện mùa mưa,informational-product,Hướng Dẫn sử Dụng xe Máy Điện Mùa Mưa,huong-dan-su-dung-xe-may-dien-mua-mua,blog/xe-dien/huong-dan-su-dung-xe-may-dien-mua-mua/index.html,blog/xe-dien/,,no,no-external,blog/xe-dien/; /,none,yes,MotoAI Editorial,,,0,,,
BA-1294,B26,GUIDE,PLANNED,giao xe tận nơi thủ tục tại Hà Nội,Hướng dẫn / thủ tục; giao xe tận nơi thủ tục tại Hà Nội,informational,Giao xe Tận Nơi Thủ Tục Tại Hà Nội,giao-xe-tan-noi-thu-tuc-tai-ha-noi,blog/huong-dan/giao-xe-tan-noi-thu-tuc-tai-ha-noi/index.html,blog/huong-dan/,,no,no-external,blog/huong-dan/; /,none,yes,MotoAI Editorial,,,0,,,
BA-1295,B26,SAFE,PLANNED,thuốc và lái xe ví dụ thực tế,An toàn / pháp lý; thuốc và lái xe ví dụ thực tế,informational-legal,Thuốc và Lái xe ví dụ Thực tế,thuoc-va-lai-xe-vi-du-thuc-te,blog/an-toan/thuoc-va-lai-xe-vi-du-thuc-te/index.html,blog/an-toan/,,yes,legal-gate,blog/an-toan/; /,none,no,MotoAI Editorial,,,0,,,legal-gate: CLAIM->SUBJECT->CONDITION->RULE->VERSION->PRIMARY SOURCE required
BA-1296,B26,LOCAL,PLANNED,cầu nhật tân hoàng hôn buổi sáng,Địa phương / du lịch; cầu nhật tân hoàng hôn buổi sáng,local-informational,Cầu Nhật Tân Hoàng Hôn Buổi Sáng,cau-nhat-tan-hoang-hon-buoi-sang,blog/dia-phuong/cau-nhat-tan-hoang-hon-buoi-sang/index.html,blog/dia-phuong/,Hà Nội (khu vực),no,no-external,blog/dia-phuong/; /,none,yes,MotoAI Editorial,,,0,,,
BA-1297,B26,APP,PLANNED,app thuê xe cho người nước ngoài cho khách nước ngoài,App & Ứng dụng; app thuê xe cho người nước ngoài cho khách nước ngoài,informational-product,App Thuê xe Cho Người Nước Ngoài Cho Khách Nước Ngoài,app-thue-xe-cho-nguoi-nuoc-ngoai-cho-khach-nuoc-ngoai,blog/app/app-thue-xe-cho-nguoi-nuoc-ngoai-cho-khach-nuoc-ngoai/index.html,blog/app/,,no,no-external,blog/app/; /,none,yes,MotoAI Editorial,,,0,,,
BA-1298,B26,RENT,PLANNED,thuê xe giao tận nơi cho gia đình,Thuê xe máy; thuê xe giao tận nơi cho gia đình,commercial-informational,Thuê xe Giao Tận Nơi Cho Gia Đình,thue-xe-giao-tan-noi-cho-gia-dinh,blog/thue-xe/thue-xe-giao-tan-noi-cho-gia-dinh/index.html,blog/thue-xe/,,no,no-external,blog/thue-xe/; /,none,yes,MotoAI Editorial,,,0,,,
BA-1299,B26,EV,PLANNED,khác biệt xe điện và xe xăng mùa mưa,Xe điện / xe máy điện; khác biệt xe điện và xe xăng mùa mưa,informational-product,Khác Biệt xe Điện và xe Xăng Mùa Mưa,khac-biet-xe-dien-va-xe-xang-mua-mua,blog/xe-dien/khac-biet-xe-dien-va-xe-xang-mua-mua/index.html,blog/xe-dien/,,no,no-external,blog/xe-dien/; /,none,yes,MotoAI Editorial,,,0,,,
BA-1300,B26,GUIDE,PLANNED,hủy đặt xe đúng cách tại Hà Nội,Hướng dẫn / thủ tục; hủy đặt xe đúng cách tại Hà Nội,informational,Hủy Đặt xe Đúng Cách Tại Hà Nội,huy-dat-xe-dung-cach-tai-ha-noi,blog/huong-dan/huy-dat-xe-dung-cach-tai-ha-noi/index.html,blog/huong-dan/,,no,no-external,blog/huong-dan/; /,none,yes,MotoAI Editorial,,,0,,,
BA-1301,B27,SAFE,PLANNED,mệt mỏi khi lái đường dài ví dụ thực tế,An toàn / pháp lý; mệt mỏi khi lái đường dài ví dụ thực tế,informational-legal,Mệt Mỏi Khi Lái Đường Dài ví dụ Thực tế,met-moi-khi-lai-duong-dai-vi-du-thuc-te,blog/an-toan/met-moi-khi-lai-duong-dai-vi-du-thuc-te/index.html,blog/an-toan/,,yes,legal-gate,blog/an-toan/; /,none,no,MotoAI Editorial,,,0,,,legal-gate: CLAIM->SUBJECT->CONDITION->RULE->VERSION->PRIMARY SOURCE required
BA-1302,B27,LOCAL,PLANNED,đường 5 và ngoại ô buổi sáng,Địa phương / du lịch; đường 5 và ngoại ô buổi sáng,local-informational,Đường 5 và Ngoại ô Buổi Sáng,duong-5-va-ngoai-o-buoi-sang,blog/dia-phuong/duong-5-va-ngoai-o-buoi-sang/index.html,blog/dia-phuong/,Hà Nội (khu vực),no,no-external,blog/dia-phuong/; /,none,yes,MotoAI Editorial,,,0,,,
BA-1303,B27,APP,PLANNED,ứng dụng thuê xe tiếng Anh cho khách nước ngoài,App & Ứng dụng; ứng dụng thuê xe tiếng Anh cho khách nước ngoài,informational-product,Ứng Dụng Thuê xe Tiếng Anh Cho Khách Nước Ngoài,ung-dung-thue-xe-tieng-anh-cho-khach-nuoc-ngoai,blog/app/ung-dung-thue-xe-tieng-anh-cho-khach-nuoc-ngoai/index.html,blog/app/,,no,no-external,blog/app/; /,none,yes,MotoAI Editorial,,,0,,,
BA-1304,B27,RENT,PLANNED,phí giao xe thuê cho gia đình,Thuê xe máy; phí giao xe thuê cho gia đình,commercial-informational,Phí Giao xe Thuê Cho Gia Đình,phi-giao-xe-thue-cho-gia-dinh,blog/thue-xe/phi-giao-xe-thue-cho-gia-dinh/index.html,blog/thue-xe/,,no,no-external,blog/thue-xe/; /,none,yes,MotoAI Editorial,,,0,,,
BA-1305,B27,EV,PLANNED,sạc pin xe điện ở đâu mùa mưa,Xe điện / xe máy điện; sạc pin xe điện ở đâu mùa mưa,informational-product,Sạc Pin xe Điện ở Đâu Mùa Mưa,sac-pin-xe-dien-o-dau-mua-mua,blog/xe-dien/sac-pin-xe-dien-o-dau-mua-mua/index.html,blog/xe-dien/,,no,no-external,blog/xe-dien/; /,none,yes,MotoAI Editorial,,,0,,,
BA-1306,B27,GUIDE,PLANNED,đổi xe giữa kỳ thuê tại Hà Nội,Hướng dẫn / thủ tục; đổi xe giữa kỳ thuê tại Hà Nội,informational,Đổi xe Giữa kỳ Thuê Tại Hà Nội,doi-xe-giua-ky-thue-tai-ha-noi,blog/huong-dan/doi-xe-giua-ky-thue-tai-ha-noi/index.html,blog/huong-dan/,,no,no-external,blog/huong-dan/; /,none,yes,MotoAI Editorial,,,0,,,
BA-1307,B27,SAFE,PLANNED,đi nhóm an toàn ví dụ thực tế,An toàn / pháp lý; đi nhóm an toàn ví dụ thực tế,informational-legal,đi Nhóm an Toàn ví dụ Thực tế,di-nhom-an-toan-vi-du-thuc-te,blog/an-toan/di-nhom-an-toan-vi-du-thuc-te/index.html,blog/an-toan/,,yes,legal-gate,blog/an-toan/; /,none,no,MotoAI Editorial,,,0,,,legal-gate: CLAIM->SUBJECT->CONDITION->RULE->VERSION->PRIMARY SOURCE required
BA-1308,B27,LOCAL,PLANNED,soc son và co loa buổi sáng,Địa phương / du lịch; soc son và co loa buổi sáng,local-informational,Soc Son và co Loa Buổi Sáng,soc-son-va-co-loa-buoi-sang,blog/dia-phuong/soc-son-va-co-loa-buoi-sang/index.html,blog/dia-phuong/,Hà Nội (khu vực),no,no-external,blog/dia-phuong/; /,none,yes,MotoAI Editorial,,,0,,,
BA-1309,B27,APP,PLANNED,kết nối Zalo với ứng dụng thuê xe cho khách nước ngoài,App & Ứng dụng; kết nối Zalo với ứng dụng thuê xe cho khách nước ngoài,informational-product,Kết Nối Zalo Với Ứng Dụng Thuê xe Cho Khách Nước Ngoài,ket-noi-zalo-voi-ung-dung-thue-xe-cho-khach-nuoc-ngoai,blog/app/ket-noi-zalo-voi-ung-dung-thue-xe-cho-khach-nuoc-ngoai/index.html,blog/app/,,no,no-external,blog/app/; /,none,yes,MotoAI Editorial,,,0,,,
BA-1310,B27,RENT,PLANNED,thuê xe ở ga tàu sân bay cho gia đình,Thuê xe máy; thuê xe ở ga tàu sân bay cho gia đình,commercial-informational,Thuê xe ở ga Tàu Sân Bay Cho Gia Đình,thue-xe-o-ga-tau-san-bay-cho-gia-dinh,blog/thue-xe/thue-xe-o-ga-tau-san-bay-cho-gia-dinh/index.html,blog/thue-xe/,,no,no-external,blog/thue-xe/; /,none,yes,MotoAI Editorial,,,0,,,
BA-1311,B27,EV,PLANNED,thời gian sạc xe máy điện mùa mưa,Xe điện / xe máy điện; thời gian sạc xe máy điện mùa mưa,informational-product,Thời Gian Sạc xe Máy Điện Mùa Mưa,thoi-gian-sac-xe-may-dien-mua-mua,blog/xe-dien/thoi-gian-sac-xe-may-dien-mua-mua/index.html,blog/xe-dien/,,no,no-external,blog/xe-dien/; /,none,yes,MotoAI Editorial,,,0,,,
BA-1312,B27,GUIDE,PLANNED,gia hạn thời gian thuê tại Hà Nội,Hướng dẫn / thủ tục; gia hạn thời gian thuê tại Hà Nội,informational,Gia Hạn Thời Gian Thuê Tại Hà Nội,gia-han-thoi-gian-thue-tai-ha-noi,blog/huong-dan/gia-han-thoi-gian-thue-tai-ha-noi/index.html,blog/huong-dan/,,no,no-external,blog/huong-dan/; /,none,yes,MotoAI Editorial,,,0,,,
BA-1313,B27,SAFE,PLANNED,bão và xe máy ví dụ thực tế,An toàn / pháp lý; bão và xe máy ví dụ thực tế,informational-legal,Bão và xe Máy ví dụ Thực tế,bao-va-xe-may-vi-du-thuc-te,blog/an-toan/bao-va-xe-may-vi-du-thuc-te/index.html,blog/an-toan/,,yes,legal-gate,blog/an-toan/; /,none,no,MotoAI Editorial,,,0,,,legal-gate: CLAIM->SUBJECT->CONDITION->RULE->VERSION->PRIMARY SOURCE required
BA-1314,B27,LOCAL,PLANNED,ba vì cuối tuần buổi sáng,Địa phương / du lịch; ba vì cuối tuần buổi sáng,local-informational,ba vì Cuối Tuần Buổi Sáng,ba-vi-cuoi-tuan-buoi-sang,blog/dia-phuong/ba-vi-cuoi-tuan-buoi-sang/index.html,blog/dia-phuong/,Hà Nội (khu vực),no,no-external,blog/dia-phuong/; /,none,yes,MotoAI Editorial,,,0,,,
BA-1315,B27,APP,PLANNED,gọi điện từ ứng dụng thuê xe cho khách nước ngoài,App & Ứng dụng; gọi điện từ ứng dụng thuê xe cho khách nước ngoài,informational-product,Gọi Điện từ Ứng Dụng Thuê xe Cho Khách Nước Ngoài,goi-dien-tu-ung-dung-thue-xe-cho-khach-nuoc-ngoai,blog/app/goi-dien-tu-ung-dung-thue-xe-cho-khach-nuoc-ngoai/index.html,blog/app/,,no,no-external,blog/app/; /,none,yes,MotoAI Editorial,,,0,,,
BA-1316,B27,RENT,PLANNED,so sánh thuê xe máy và taxi cho gia đình,Thuê xe máy; so sánh thuê xe máy và taxi cho gia đình,commercial-informational,so Sánh Thuê xe Máy và Taxi Cho Gia Đình,so-sanh-thue-xe-may-va-taxi-cho-gia-dinh,blog/thue-xe/so-sanh-thue-xe-may-va-taxi-cho-gia-dinh/index.html,blog/thue-xe/,,no,no-external,blog/thue-xe/; /,none,yes,MotoAI Editorial,,,0,,,
BA-1317,B27,EV,PLANNED,chi phí điện khi thuê xe điện mùa mưa,Xe điện / xe máy điện; chi phí điện khi thuê xe điện mùa mưa,informational-product,Chi Phí Điện Khi Thuê xe Điện Mùa Mưa,chi-phi-dien-khi-thue-xe-dien-mua-mua,blog/xe-dien/chi-phi-dien-khi-thue-xe-dien-mua-mua/index.html,blog/xe-dien/,,no,no-external,blog/xe-dien/; /,none,yes,MotoAI Editorial,,,0,,,
BA-1318,B27,GUIDE,PLANNED,chở hành lý khi thuê xe tại Hà Nội,Hướng dẫn / thủ tục; chở hành lý khi thuê xe tại Hà Nội,informational,Chở Hành lý Khi Thuê xe Tại Hà Nội,cho-hanh-ly-khi-thue-xe-tai-ha-noi,blog/huong-dan/cho-hanh-ly-khi-thue-xe-tai-ha-noi/index.html,blog/huong-dan/,,no,no-external,blog/huong-dan/; /,none,yes,MotoAI Editorial,,,0,,,
BA-1319,B27,SAFE,PLANNED,ngập nước và xe máy ví dụ thực tế,An toàn / pháp lý; ngập nước và xe máy ví dụ thực tế,informational-legal,Ngập Nước và xe Máy ví dụ Thực tế,ngap-nuoc-va-xe-may-vi-du-thuc-te,blog/an-toan/ngap-nuoc-va-xe-may-vi-du-thuc-te/index.html,blog/an-toan/,,yes,legal-gate,blog/an-toan/; /,none,no,MotoAI Editorial,,,0,,,legal-gate: CLAIM->SUBJECT->CONDITION->RULE->VERSION->PRIMARY SOURCE required
BA-1320,B27,LOCAL,PLANNED,thạch thất và sơn tây buổi sáng,Địa phương / du lịch; thạch thất và sơn tây buổi sáng,local-informational,Thạch Thất và Sơn Tây Buổi Sáng,thach-that-va-son-tay-buoi-sang,blog/dia-phuong/thach-that-va-son-tay-buoi-sang/index.html,blog/dia-phuong/,Hà Nội (khu vực),no,no-external,blog/dia-phuong/; /,none,yes,MotoAI Editorial,,,0,,,
BA-1321,B27,APP,PLANNED,kinh nghiệm dùng trợ lý thuê xe lần đầu cho khách nước ngoài,App & Ứng dụng; kinh nghiệm dùng trợ lý thuê xe lần đầu cho khách nước ngoài,informational-product,Kinh Nghiệm Dùng Trợ lý Thuê xe Lần Đầu Cho Khách Nước Ngoài,kinh-nghiem-dung-tro-ly-thue-xe-lan-dau-cho-khach-nuoc-ngoai,blog/app/kinh-nghiem-dung-tro-ly-thue-xe-lan-dau-cho-khach-nuoc-ngoai/index.html,blog/app/,,no,no-external,blog/app/; /,none,yes,MotoAI Editorial,,,0,,,
BA-1322,B27,RENT,PLANNED,thuê xe máy hay đi grab cho gia đình,Thuê xe máy; thuê xe máy hay đi grab cho gia đình,commercial-informational,Thuê xe Máy Hay đi Grab Cho Gia Đình,thue-xe-may-hay-di-grab-cho-gia-dinh,blog/thue-xe/thue-xe-may-hay-di-grab-cho-gia-dinh/index.html,blog/thue-xe/,,no,no-external,blog/thue-xe/; /,none,yes,MotoAI Editorial,,,0,,,
BA-1323,B27,EV,PLANNED,thuê xe điện có rẻ không mùa mưa,Xe điện / xe máy điện; thuê xe điện có rẻ không mùa mưa,informational-product,Thuê xe Điện có rẻ Không Mùa Mưa,thue-xe-dien-co-re-khong-mua-mua,blog/xe-dien/thue-xe-dien-co-re-khong-mua-mua/index.html,blog/xe-dien/,,no,no-external,blog/xe-dien/; /,none,yes,MotoAI Editorial,,,0,,,
BA-1324,B27,GUIDE,PLANNED,đi hai người trên xe thuê tại Hà Nội,Hướng dẫn / thủ tục; đi hai người trên xe thuê tại Hà Nội,informational,đi Hai Người Trên xe Thuê Tại Hà Nội,di-hai-nguoi-tren-xe-thue-tai-ha-noi,blog/huong-dan/di-hai-nguoi-tren-xe-thue-tai-ha-noi/index.html,blog/huong-dan/,,no,no-external,blog/huong-dan/; /,none,yes,MotoAI Editorial,,,0,,,
BA-1325,B27,SAFE,PLANNED,trộm xe và phòng ngừa ví dụ thực tế,An toàn / pháp lý; trộm xe và phòng ngừa ví dụ thực tế,informational-legal,Trộm xe và Phòng Ngừa ví dụ Thực tế,trom-xe-va-phong-ngua-vi-du-thuc-te,blog/an-toan/trom-xe-va-phong-ngua-vi-du-thuc-te/index.html,blog/an-toan/,,yes,legal-gate,blog/an-toan/; /,none,no,MotoAI Editorial,,,0,,,legal-gate: CLAIM->SUBJECT->CONDITION->RULE->VERSION->PRIMARY SOURCE required
BA-1326,B27,LOCAL,PLANNED,hòa bình đường trường buổi sáng,Địa phương / du lịch; hòa bình đường trường buổi sáng,local-informational,Hòa Bình Đường Trường Buổi Sáng,hoa-binh-duong-truong-buoi-sang,blog/dia-phuong/hoa-binh-duong-truong-buoi-sang/index.html,blog/dia-phuong/,Hà Nội (khu vực),no,no-external,blog/dia-phuong/; /,none,yes,MotoAI Editorial,,,0,,,
BA-1327,B27,APP,PLANNED,ứng dụng thuê xe trên điện thoại cũ cho khách nước ngoài,App & Ứng dụng; ứng dụng thuê xe trên điện thoại cũ cho khách nước ngoài,informational-product,Ứng Dụng Thuê xe Trên Điện Thoại cũ Cho Khách Nước Ngoài,ung-dung-thue-xe-tren-dien-thoai-cu-cho-khach-nuoc-ngoai,blog/app/ung-dung-thue-xe-tren-dien-thoai-cu-cho-khach-nuoc-ngoai/index.html,blog/app/,,no,no-external,blog/app/; /,none,yes,MotoAI Editorial,,,0,,,
BA-1328,B27,RENT,PLANNED,khoảng chi phí đi lại khi thuê xe cho gia đình,Thuê xe máy; khoảng chi phí đi lại khi thuê xe cho gia đình,commercial-informational,Khoảng Chi Phí đi Lại Khi Thuê xe Cho Gia Đình,khoang-chi-phi-di-lai-khi-thue-xe-cho-gia-dinh,blog/thue-xe/khoang-chi-phi-di-lai-khi-thue-xe-cho-gia-dinh/index.html,blog/thue-xe/,,no,no-external,blog/thue-xe/; /,none,yes,MotoAI Editorial,,,0,,,
BA-1329,B27,EV,PLANNED,xe điện chạy bao xa mùa mưa,Xe điện / xe máy điện; xe điện chạy bao xa mùa mưa,informational-product,xe Điện Chạy Bao xa Mùa Mưa,xe-dien-chay-bao-xa-mua-mua,blog/xe-dien/xe-dien-chay-bao-xa-mua-mua/index.html,blog/xe-dien/,,no,no-external,blog/xe-dien/; /,none,yes,MotoAI Editorial,,,0,,,
BA-1330,B27,GUIDE,PLANNED,bản đồ và định vị khi thuê xe tại Hà Nội,Hướng dẫn / thủ tục; bản đồ và định vị khi thuê xe tại Hà Nội,informational,Bản đồ và Định vị Khi Thuê xe Tại Hà Nội,ban-do-va-dinh-vi-khi-thue-xe-tai-ha-noi,blog/huong-dan/ban-do-va-dinh-vi-khi-thue-xe-tai-ha-noi/index.html,blog/huong-dan/,,no,no-external,blog/huong-dan/; /,none,yes,MotoAI Editorial,,,0,,,
BA-1331,B27,SAFE,PLANNED,camera phạt nguội khi thuê xe ví dụ thực tế,An toàn / pháp lý; camera phạt nguội khi thuê xe ví dụ thực tế,informational-legal,Camera Phạt Nguội Khi Thuê xe ví dụ Thực tế,camera-phat-nguoi-khi-thue-xe-vi-du-thuc-te,blog/an-toan/camera-phat-nguoi-khi-thue-xe-vi-du-thuc-te/index.html,blog/an-toan/,,yes,legal-gate,blog/an-toan/; /,none,no,MotoAI Editorial,,,0,,,legal-gate: CLAIM->SUBJECT->CONDITION->RULE->VERSION->PRIMARY SOURCE required
BA-1332,B27,LOCAL,PLANNED,tam đảo bằng xe máy buổi sáng,Địa phương / du lịch; tam đảo bằng xe máy buổi sáng,local-informational,Tam Đảo Bằng xe Máy Buổi Sáng,tam-dao-bang-xe-may-buoi-sang,blog/dia-phuong/tam-dao-bang-xe-may-buoi-sang/index.html,blog/dia-phuong/,Hà Nội (khu vực),no,no-external,blog/dia-phuong/; /,none,yes,MotoAI Editorial,,,0,,,
BA-1333,B27,APP,PLANNED,app thuê xe không cần tài khoản cho khách nước ngoài,App & Ứng dụng; app thuê xe không cần tài khoản cho khách nước ngoài,informational-product,App Thuê xe Không Cần Tài Khoản Cho Khách Nước Ngoài,app-thue-xe-khong-can-tai-khoan-cho-khach-nuoc-ngoai,blog/app/app-thue-xe-khong-can-tai-khoan-cho-khach-nuoc-ngoai/index.html,blog/app/,,no,no-external,blog/app/; /,none,yes,MotoAI Editorial,,,0,,,
BA-1334,B27,RENT,PLANNED,bảng giá thuê xe tham khảo cho gia đình,Thuê xe máy; bảng giá thuê xe tham khảo cho gia đình,commercial-informational,Bảng Giá Thuê xe Tham Khảo Cho Gia Đình,bang-gia-thue-xe-tham-khao-cho-gia-dinh,blog/thue-xe/bang-gia-thue-xe-tham-khao-cho-gia-dinh/index.html,blog/thue-xe/,,no,no-external,blog/thue-xe/; /,none,yes,MotoAI Editorial,,,0,,,
BA-1335,B27,EV,PLANNED,xe máy điện cho người mới mùa mưa,Xe điện / xe máy điện; xe máy điện cho người mới mùa mưa,informational-product,xe Máy Điện Cho Người Mới Mùa Mưa,xe-may-dien-cho-nguoi-moi-mua-mua,blog/xe-dien/xe-may-dien-cho-nguoi-moi-mua-mua/index.html,blog/xe-dien/,,no,no-external,blog/xe-dien/; /,none,yes,MotoAI Editorial,,,0,,,
BA-1336,B27,GUIDE,PLANNED,ứng dụng bản đồ cho người thuê xe tại Hà Nội,Hướng dẫn / thủ tục; ứng dụng bản đồ cho người thuê xe tại Hà Nội,informational,Ứng Dụng Bản đồ Cho Người Thuê xe Tại Hà Nội,ung-dung-ban-do-cho-nguoi-thue-xe-tai-ha-noi,blog/huong-dan/ung-dung-ban-do-cho-nguoi-thue-xe-tai-ha-noi/index.html,blog/huong-dan/,,no,no-external,blog/huong-dan/; /,none,yes,MotoAI Editorial,,,0,,,
BA-1337,B27,SAFE,PLANNED,phạt nguội và xe thuê ví dụ thực tế,An toàn / pháp lý; phạt nguội và xe thuê ví dụ thực tế,informational-legal,Phạt Nguội và xe Thuê ví dụ Thực tế,phat-nguoi-va-xe-thue-vi-du-thuc-te,blog/an-toan/phat-nguoi-va-xe-thue-vi-du-thuc-te/index.html,blog/an-toan/,,yes,legal-gate,blog/an-toan/; /,none,no,MotoAI Editorial,,,0,,,legal-gate: CLAIM->SUBJECT->CONDITION->RULE->VERSION->PRIMARY SOURCE required
BA-1338,B27,LOCAL,PLANNED,mộc châu hành trình dài buổi sáng,Địa phương / du lịch; mộc châu hành trình dài buổi sáng,local-informational,Mộc Châu Hành Trình Dài Buổi Sáng,moc-chau-hanh-trinh-dai-buoi-sang,blog/dia-phuong/moc-chau-hanh-trinh-dai-buoi-sang/index.html,blog/dia-phuong/,Hà Nội (khu vực),no,no-external,blog/dia-phuong/; /,none,yes,MotoAI Editorial,,,0,,,
BA-1339,B27,APP,PLANNED,trợ lý ảo tư vấn thuê xe máy cho khách nước ngoài,App & Ứng dụng; trợ lý ảo tư vấn thuê xe máy cho khách nước ngoài,informational-product,Trợ lý ảo tư Vấn Thuê xe Máy Cho Khách Nước Ngoài,tro-ly-ao-tu-van-thue-xe-may-cho-khach-nuoc-ngoai,blog/app/tro-ly-ao-tu-van-thue-xe-may-cho-khach-nuoc-ngoai/index.html,blog/app/,,no,no-external,blog/app/; /,none,yes,MotoAI Editorial,,,0,,,
BA-1340,B27,RENT,PLANNED,cách đọc bảng giá thuê xe cho gia đình,Thuê xe máy; cách đọc bảng giá thuê xe cho gia đình,commercial-informational,Cách Đọc Bảng Giá Thuê xe Cho Gia Đình,cach-doc-bang-gia-thue-xe-cho-gia-dinh,blog/thue-xe/cach-doc-bang-gia-thue-xe-cho-gia-dinh/index.html,blog/thue-xe/,,no,no-external,blog/thue-xe/; /,none,yes,MotoAI Editorial,,,0,,,
BA-1341,B27,EV,PLANNED,xe điện an toàn không mùa mưa,Xe điện / xe máy điện; xe điện an toàn không mùa mưa,informational-product,xe Điện an Toàn Không Mùa Mưa,xe-dien-an-toan-khong-mua-mua,blog/xe-dien/xe-dien-an-toan-khong-mua-mua/index.html,blog/xe-dien/,,no,no-external,blog/xe-dien/; /,none,yes,MotoAI Editorial,,,0,,,
BA-1342,B27,GUIDE,PLANNED,kỹ năng lái xe an toàn cơ bản tại Hà Nội,Hướng dẫn / thủ tục; kỹ năng lái xe an toàn cơ bản tại Hà Nội,informational,kỹ Năng Lái xe an Toàn cơ Bản Tại Hà Nội,ky-nang-lai-xe-an-toan-co-ban-tai-ha-noi,blog/huong-dan/ky-nang-lai-xe-an-toan-co-ban-tai-ha-noi/index.html,blog/huong-dan/,,no,no-external,blog/huong-dan/; /,none,yes,MotoAI Editorial,,,0,,,
BA-1343,B27,SAFE,PLANNED,ai chịu phạt khi đi xe thuê ví dụ thực tế,An toàn / pháp lý; ai chịu phạt khi đi xe thuê ví dụ thực tế,informational-legal,ai Chịu Phạt Khi đi xe Thuê ví dụ Thực tế,ai-chiu-phat-khi-di-xe-thue-vi-du-thuc-te,blog/an-toan/ai-chiu-phat-khi-di-xe-thue-vi-du-thuc-te/index.html,blog/an-toan/,,yes,legal-gate,blog/an-toan/; /,none,no,MotoAI Editorial,,,0,,,legal-gate: CLAIM->SUBJECT->CONDITION->RULE->VERSION->PRIMARY SOURCE required
BA-1344,B27,LOCAL,PLANNED,ninh bình cuối tuần xe máy buổi sáng,Địa phương / du lịch; ninh bình cuối tuần xe máy buổi sáng,local-informational,Ninh Bình Cuối Tuần xe Máy Buổi Sáng,ninh-binh-cuoi-tuan-xe-may-buoi-sang,blog/dia-phuong/ninh-binh-cuoi-tuan-xe-may-buoi-sang/index.html,blog/dia-phuong/,Hà Nội (khu vực),no,no-external,blog/dia-phuong/; /,none,yes,MotoAI Editorial,,,0,,,
BA-1345,B27,APP,PLANNED,cách ứng dụng hiểu câu hỏi về giá xe cho khách nước ngoài,App & Ứng dụng; cách ứng dụng hiểu câu hỏi về giá xe cho khách nước ngoài,informational-product,Cách Ứng Dụng Hiểu Câu Hỏi về Giá xe Cho Khách Nước Ngoài,cach-ung-dung-hieu-cau-hoi-ve-gia-xe-cho-khach-nuoc-ngoai,blog/app/cach-ung-dung-hieu-cau-hoi-ve-gia-xe-cho-khach-nuoc-ngoai/index.html,blog/app/,,no,no-external,blog/app/; /,none,yes,MotoAI Editorial,,,0,,,
BA-1346,B27,RENT,PLANNED,giá thuê thay đổi theo mùa không cho gia đình,Thuê xe máy; giá thuê thay đổi theo mùa không cho gia đình,commercial-informational,Giá Thuê Thay Đổi Theo Mùa Không Cho Gia Đình,gia-thue-thay-doi-theo-mua-khong-cho-gia-dinh,blog/thue-xe/gia-thue-thay-doi-theo-mua-khong-cho-gia-dinh/index.html,blog/thue-xe/,,no,no-external,blog/thue-xe/; /,none,yes,MotoAI Editorial,,,0,,,
BA-1347,B27,EV,PLANNED,bảo dưỡng xe điện mùa mưa,Xe điện / xe máy điện; bảo dưỡng xe điện mùa mưa,informational-product,Bảo Dưỡng xe Điện Mùa Mưa,bao-duong-xe-dien-mua-mua,blog/xe-dien/bao-duong-xe-dien-mua-mua/index.html,blog/xe-dien/,,no,no-external,blog/xe-dien/; /,none,yes,MotoAI Editorial,,,0,,,
BA-1348,B27,GUIDE,PLANNED,chạy xe số cho người mới tại Hà Nội,Hướng dẫn / thủ tục; chạy xe số cho người mới tại Hà Nội,informational,Chạy xe số Cho Người Mới Tại Hà Nội,chay-xe-so-cho-nguoi-moi-tai-ha-noi,blog/huong-dan/chay-xe-so-cho-nguoi-moi-tai-ha-noi/index.html,blog/huong-dan/,,no,no-external,blog/huong-dan/; /,none,yes,MotoAI Editorial,,,0,,,
BA-1349,B27,SAFE,PLANNED,cầm đồ xe máy đúng luật ví dụ thực tế,An toàn / pháp lý; cầm đồ xe máy đúng luật ví dụ thực tế,informational-legal,Cầm đồ xe Máy Đúng Luật ví dụ Thực tế,cam-do-xe-may-dung-luat-vi-du-thuc-te,blog/an-toan/cam-do-xe-may-dung-luat-vi-du-thuc-te/index.html,blog/an-toan/,,yes,legal-gate,blog/an-toan/; /,none,no,MotoAI Editorial,,,0,,,legal-gate: CLAIM->SUBJECT->CONDITION->RULE->VERSION->PRIMARY SOURCE required
BA-1350,B27,LOCAL,PLANNED,hạ long đường quốc lộ buổi sáng,Địa phương / du lịch; hạ long đường quốc lộ buổi sáng,local-informational,hạ Long Đường Quốc lộ Buổi Sáng,ha-long-duong-quoc-lo-buoi-sang,blog/dia-phuong/ha-long-duong-quoc-lo-buoi-sang/index.html,blog/dia-phuong/,Hà Nội (khu vực),no,no-external,blog/dia-phuong/; /,none,yes,MotoAI Editorial,,,0,,,
BA-1351,B28,APP,PLANNED,tìm hiểu hybrid search trong ứng dụng thuê xe cho khách nước ngoài,App & Ứng dụng; tìm hiểu hybrid search trong ứng dụng thuê xe cho khách nước ngoài,informational-product,Tìm Hiểu Hybrid Search Trong Ứng Dụng Thuê xe Cho Khách Nước Ngoài,tim-hieu-hybrid-search-trong-ung-dung-thue-xe-cho-khach-nuoc-ngoai,blog/app/tim-hieu-hybrid-search-trong-ung-dung-thue-xe-cho-khach-nuoc-ngoai/index.html,blog/app/,,no,no-external,blog/app/; /,none,yes,MotoAI Editorial,,,0,,,
BA-1352,B28,RENT,PLANNED,thuê xe cho công việc giao hàng cho gia đình,Thuê xe máy; thuê xe cho công việc giao hàng cho gia đình,commercial-informational,Thuê xe Cho Công Việc Giao Hàng Cho Gia Đình,thue-xe-cho-cong-viec-giao-hang-cho-gia-dinh,blog/thue-xe/thue-xe-cho-cong-viec-giao-hang-cho-gia-dinh/index.html,blog/thue-xe/,,no,no-external,blog/thue-xe/; /,none,yes,MotoAI Editorial,,,0,,,
BA-1353,B28,EV,PLANNED,xe điện khi mưa mùa mưa,Xe điện / xe máy điện; xe điện khi mưa mùa mưa,informational-product,xe Điện Khi Mưa Mùa Mưa,xe-dien-khi-mua-mua-mua,blog/xe-dien/xe-dien-khi-mua-mua-mua/index.html,blog/xe-dien/,,no,no-external,blog/xe-dien/; /,none,yes,MotoAI Editorial,,,0,,,
BA-1354,B28,GUIDE,PLANNED,chạy xe ga lần đầu tại Hà Nội,Hướng dẫn / thủ tục; chạy xe ga lần đầu tại Hà Nội,informational,Chạy xe ga Lần Đầu Tại Hà Nội,chay-xe-ga-lan-dau-tai-ha-noi,blog/huong-dan/chay-xe-ga-lan-dau-tai-ha-noi/index.html,blog/huong-dan/,,no,no-external,blog/huong-dan/; /,none,yes,MotoAI Editorial,,,0,,,
BA-1355,B28,SAFE,PLANNED,mua bán xe máy giấy tờ ví dụ thực tế,An toàn / pháp lý; mua bán xe máy giấy tờ ví dụ thực tế,informational-legal,Mua Bán xe Máy Giấy tờ ví dụ Thực tế,mua-ban-xe-may-giay-to-vi-du-thuc-te,blog/an-toan/mua-ban-xe-may-giay-to-vi-du-thuc-te/index.html,blog/an-toan/,,yes,legal-gate,blog/an-toan/; /,none,no,MotoAI Editorial,,,0,,,legal-gate: CLAIM->SUBJECT->CONDITION->RULE->VERSION->PRIMARY SOURCE required
BA-1356,B28,LOCAL,PLANNED,cửa lò ven biển buổi sáng,Địa phương / du lịch; cửa lò ven biển buổi sáng,local-informational,Cửa lò Ven Biển Buổi Sáng,cua-lo-ven-bien-buoi-sang,blog/dia-phuong/cua-lo-ven-bien-buoi-sang/index.html,blog/dia-phuong/,Hà Nội (khu vực),no,no-external,blog/dia-phuong/; /,none,yes,MotoAI Editorial,,,0,,,
BA-1357,B28,APP,PLANNED,ai trả lời trong ứng dụng thuê xe cho khách nước ngoài,App & Ứng dụng; ai trả lời trong ứng dụng thuê xe cho khách nước ngoài,informational-product,ai Trả Lời Trong Ứng Dụng Thuê xe Cho Khách Nước Ngoài,ai-tra-loi-trong-ung-dung-thue-xe-cho-khach-nuoc-ngoai,blog/app/ai-tra-loi-trong-ung-dung-thue-xe-cho-khach-nuoc-ngoai/index.html,blog/app/,,no,no-external,blog/app/; /,none,yes,MotoAI Editorial,,,0,,,
BA-1358,B28,RENT,PLANNED,thuê xe chạy dịch vụ cho gia đình,Thuê xe máy; thuê xe chạy dịch vụ cho gia đình,commercial-informational,Thuê xe Chạy Dịch vụ Cho Gia Đình,thue-xe-chay-dich-vu-cho-gia-dinh,blog/thue-xe/thue-xe-chay-dich-vu-cho-gia-dinh/index.html,blog/thue-xe/,,no,no-external,blog/thue-xe/; /,none,yes,MotoAI Editorial,,,0,,,
BA-1359,B28,EV,PLANNED,đi xe điện đường dài mùa mưa,Xe điện / xe máy điện; đi xe điện đường dài mùa mưa,informational-product,đi xe Điện Đường Dài Mùa Mưa,di-xe-dien-duong-dai-mua-mua,blog/xe-dien/di-xe-dien-duong-dai-mua-mua/index.html,blog/xe-dien/,,no,no-external,blog/xe-dien/; /,none,yes,MotoAI Editorial,,,0,,,
BA-1360,B28,GUIDE,PLANNED,chạy xe điện lần đầu tại Hà Nội,Hướng dẫn / thủ tục; chạy xe điện lần đầu tại Hà Nội,informational,Chạy xe Điện Lần Đầu Tại Hà Nội,chay-xe-dien-lan-dau-tai-ha-noi,blog/huong-dan/chay-xe-dien-lan-dau-tai-ha-noi/index.html,blog/huong-dan/,,no,no-external,blog/huong-dan/; /,none,yes,MotoAI Editorial,,,0,,,
BA-1361,B28,SAFE,PLANNED,kiểm định xe máy ví dụ thực tế,An toàn / pháp lý; kiểm định xe máy ví dụ thực tế,informational-legal,Kiểm Định xe Máy ví dụ Thực tế,kiem-dinh-xe-may-vi-du-thuc-te,blog/an-toan/kiem-dinh-xe-may-vi-du-thuc-te/index.html,blog/an-toan/,,yes,legal-gate,blog/an-toan/; /,none,no,MotoAI Editorial,,,0,,,legal-gate: CLAIM->SUBJECT->CONDITION->RULE->VERSION->PRIMARY SOURCE required
BA-1362,B28,LOCAL,PLANNED,thanh hóa và xe đường dài buổi sáng,Địa phương / du lịch; thanh hóa và xe đường dài buổi sáng,local-informational,Thanh Hóa và xe Đường Dài Buổi Sáng,thanh-hoa-va-xe-duong-dai-buoi-sang,blog/dia-phuong/thanh-hoa-va-xe-duong-dai-buoi-sang/index.html,blog/dia-phuong/,Hà Nội (khu vực),no,no-external,blog/dia-phuong/; /,none,yes,MotoAI Editorial,,,0,,,
BA-1363,B28,APP,PLANNED,chính sách dữ liệu của ứng dụng thuê xe cho khách nước ngoài,App & Ứng dụng; chính sách dữ liệu của ứng dụng thuê xe cho khách nước ngoài,informational-product,Chính Sách dữ Liệu Của Ứng Dụng Thuê xe Cho Khách Nước Ngoài,chinh-sach-du-lieu-cua-ung-dung-thue-xe-cho-khach-nuoc-ngoai,blog/app/chinh-sach-du-lieu-cua-ung-dung-thue-xe-cho-khach-nuoc-ngoai/index.html,blog/app/,,no,no-external,blog/app/; /,none,yes,MotoAI Editorial,,,0,,,
BA-1364,B28,RENT,PLANNED,chọn xe theo mục đích sử dụng cho gia đình,Thuê xe máy; chọn xe theo mục đích sử dụng cho gia đình,commercial-informational,Chọn xe Theo Mục Đích sử Dụng Cho Gia Đình,chon-xe-theo-muc-dich-su-dung-cho-gia-dinh,blog/thue-xe/chon-xe-theo-muc-dich-su-dung-cho-gia-dinh/index.html,blog/thue-xe/,,no,no-external,blog/thue-xe/; /,none,yes,MotoAI Editorial,,,0,,,
BA-1365,B28,EV,PLANNED,xe điện trong phố mùa mưa,Xe điện / xe máy điện; xe điện trong phố mùa mưa,informational-product,xe Điện Trong Phố Mùa Mưa,xe-dien-trong-pho-mua-mua,blog/xe-dien/xe-dien-trong-pho-mua-mua/index.html,blog/xe-dien/,,no,no-external,blog/xe-dien/; /,none,yes,MotoAI Editorial,,,0,,,
BA-1366,B28,GUIDE,PLANNED,đỗ xe ở hà nội tại Hà Nội,Hướng dẫn / thủ tục; đỗ xe ở hà nội tại Hà Nội,informational,đỗ xe ở hà Nội Tại Hà Nội,do-xe-o-ha-noi-tai-ha-noi,blog/huong-dan/do-xe-o-ha-noi-tai-ha-noi/index.html,blog/huong-dan/,,no,no-external,blog/huong-dan/; /,none,yes,MotoAI Editorial,,,0,,,
BA-1367,B28,SAFE,PLANNED,thuế và phí xe máy cá nhân ví dụ thực tế,An toàn / pháp lý; thuế và phí xe máy cá nhân ví dụ thực tế,informational-legal,Thuế và Phí xe Máy cá Nhân ví dụ Thực tế,thue-va-phi-xe-may-ca-nhan-vi-du-thuc-te,blog/an-toan/thue-va-phi-xe-may-ca-nhan-vi-du-thuc-te/index.html,blog/an-toan/,,yes,legal-gate,blog/an-toan/; /,none,no,MotoAI Editorial,,,0,,,legal-gate: CLAIM->SUBJECT->CONDITION->RULE->VERSION->PRIMARY SOURCE required
BA-1368,B28,LOCAL,PLANNED,tràng an ride buổi sáng,Địa phương / du lịch; tràng an ride buổi sáng,local-informational,Tràng an Ride Buổi Sáng,trang-an-ride-buoi-sang,blog/dia-phuong/trang-an-ride-buoi-sang/index.html,blog/dia-phuong/,Hà Nội (khu vực),no,no-external,blog/dia-phuong/; /,none,yes,MotoAI Editorial,,,0,,,
BA-1369,B28,APP,PLANNED,câu hỏi thường gặp về app thuê xe cho khách nước ngoài,App & Ứng dụng; câu hỏi thường gặp về app thuê xe cho khách nước ngoài,informational-product,Câu Hỏi Thường Gặp về App Thuê xe Cho Khách Nước Ngoài,cau-hoi-thuong-gap-ve-app-thue-xe-cho-khach-nuoc-ngoai,blog/app/cau-hoi-thuong-gap-ve-app-thue-xe-cho-khach-nuoc-ngoai/index.html,blog/app/,,no,no-external,blog/app/; /,none,yes,MotoAI Editorial,,,0,,,
BA-1370,B28,RENT,PLANNED,thuê xe số hay xe ga cho người mới cho gia đình,Thuê xe máy; thuê xe số hay xe ga cho người mới cho gia đình,commercial-informational,Thuê xe số Hay xe ga Cho Người Mới Cho Gia Đình,thue-xe-so-hay-xe-ga-cho-nguoi-moi-cho-gia-dinh,blog/thue-xe/thue-xe-so-hay-xe-ga-cho-nguoi-moi-cho-gia-dinh/index.html,blog/thue-xe/,,no,no-external,blog/thue-xe/; /,none,yes,MotoAI Editorial,,,0,,,
BA-1371,B28,EV,PLANNED,xe điện chở hai người mùa mưa,Xe điện / xe máy điện; xe điện chở hai người mùa mưa,informational-product,xe Điện Chở Hai Người Mùa Mưa,xe-dien-cho-hai-nguoi-mua-mua,blog/xe-dien/xe-dien-cho-hai-nguoi-mua-mua/index.html,blog/xe-dien/,,no,no-external,blog/xe-dien/; /,none,yes,MotoAI Editorial,,,0,,,
BA-1372,B28,GUIDE,PLANNED,luật đỗ xe phố cổ tại Hà Nội,Hướng dẫn / thủ tục; luật đỗ xe phố cổ tại Hà Nội,informational,Luật đỗ xe Phố cổ Tại Hà Nội,luat-do-xe-pho-co-tai-ha-noi,blog/huong-dan/luat-do-xe-pho-co-tai-ha-noi/index.html,blog/huong-dan/,,no,no-external,blog/huong-dan/; /,none,yes,MotoAI Editorial,,,0,,,
BA-1373,B28,SAFE,PLANNED,tránh app thuê xe lừa đảo ví dụ thực tế,An toàn / pháp lý; tránh app thuê xe lừa đảo ví dụ thực tế,informational-legal,Tránh App Thuê xe Lừa Đảo ví dụ Thực tế,tranh-app-thue-xe-lua-dao-vi-du-thuc-te,blog/an-toan/tranh-app-thue-xe-lua-dao-vi-du-thuc-te/index.html,blog/an-toan/,,yes,legal-gate,blog/an-toan/; /,none,no,MotoAI Editorial,,,0,,,legal-gate: CLAIM->SUBJECT->CONDITION->RULE->VERSION->PRIMARY SOURCE required
BA-1374,B28,LOCAL,PLANNED,bái đính xe máy buổi sáng,Địa phương / du lịch; bái đính xe máy buổi sáng,local-informational,Bái Đính xe Máy Buổi Sáng,bai-dinh-xe-may-buoi-sang,blog/dia-phuong/bai-dinh-xe-may-buoi-sang/index.html,blog/dia-phuong/,Hà Nội (khu vực),no,no-external,blog/dia-phuong/; /,none,yes,MotoAI Editorial,,,0,,,
BA-1375,B28,APP,PLANNED,dùng ứng dụng thuê xe khi đi du lịch Hà Nội cho khách nước ngoài,App & Ứng dụng; dùng ứng dụng thuê xe khi đi du lịch Hà Nội cho khách nước ngoài,informational-product,Dùng Ứng Dụng Thuê xe Khi đi du Lịch Hà Nội Cho Khách Nước Ngoài,dung-ung-dung-thue-xe-khi-di-du-lich-ha-noi-cho-khach-nuoc-ngoai,blog/app/dung-ung-dung-thue-xe-khi-di-du-lich-ha-noi-cho-khach-nuoc-ngoai/index.html,blog/app/,,no,no-external,blog/app/; /,none,yes,MotoAI Editorial,,,0,,,
BA-1376,B28,RENT,PLANNED,xe nào tiết kiệm xăng khi thuê cho gia đình,Thuê xe máy; xe nào tiết kiệm xăng khi thuê cho gia đình,commercial-informational,xe Nào Tiết Kiệm Xăng Khi Thuê Cho Gia Đình,xe-nao-tiet-kiem-xang-khi-thue-cho-gia-dinh,blog/thue-xe/xe-nao-tiet-kiem-xang-khi-thue-cho-gia-dinh/index.html,blog/thue-xe/,,no,no-external,blog/thue-xe/; /,none,yes,MotoAI Editorial,,,0,,,
BA-1377,B28,EV,PLANNED,vận tốc xe máy điện mùa mưa,Xe điện / xe máy điện; vận tốc xe máy điện mùa mưa,informational-product,Vận Tốc xe Máy Điện Mùa Mưa,van-toc-xe-may-dien-mua-mua,blog/xe-dien/van-toc-xe-may-dien-mua-mua/index.html,blog/xe-dien/,,no,no-external,blog/xe-dien/; /,none,yes,MotoAI Editorial,,,0,,,
BA-1378,B28,GUIDE,PLANNED,trộm cắp xe và xe thuê tại Hà Nội,Hướng dẫn / thủ tục; trộm cắp xe và xe thuê tại Hà Nội,informational,Trộm Cắp xe và xe Thuê Tại Hà Nội,trom-cap-xe-va-xe-thue-tai-ha-noi,blog/huong-dan/trom-cap-xe-va-xe-thue-tai-ha-noi/index.html,blog/huong-dan/,,no,no-external,blog/huong-dan/; /,none,yes,MotoAI Editorial,,,0,,,
BA-1379,B28,SAFE,PLANNED,nhận diện hợp đồng thuê xe hợp pháp ví dụ thực tế,An toàn / pháp lý; nhận diện hợp đồng thuê xe hợp pháp ví dụ thực tế,informational-legal,Nhận Diện Hợp Đồng Thuê xe Hợp Pháp ví dụ Thực tế,nhan-dien-hop-dong-thue-xe-hop-phap-vi-du-thuc-te,blog/an-toan/nhan-dien-hop-dong-thue-xe-hop-phap-vi-du-thuc-te/index.html,blog/an-toan/,,yes,legal-gate,blog/an-toan/; /,none,no,MotoAI Editorial,,,0,,,legal-gate: CLAIM->SUBJECT->CONDITION->RULE->VERSION->PRIMARY SOURCE required
BA-1380,B28,LOCAL,PLANNED,cúc phương weekend buổi sáng,Địa phương / du lịch; cúc phương weekend buổi sáng,local-informational,Cúc Phương Weekend Buổi Sáng,cuc-phuong-weekend-buoi-sang,blog/dia-phuong/cuc-phuong-weekend-buoi-sang/index.html,blog/dia-phuong/,Hà Nội (khu vực),no,no-external,blog/dia-phuong/; /,none,yes,MotoAI Editorial,,,0,,,
BA-1381,B28,APP,PLANNED,lộ trình tính năng của ứng dụng thuê xe máy cho khách nước ngoài,App & Ứng dụng; lộ trình tính năng của ứng dụng thuê xe máy cho khách nước ngoài,informational-product,lộ Trình Tính Năng Của Ứng Dụng Thuê xe Máy Cho Khách Nước Ngoài,lo-trinh-tinh-nang-cua-ung-dung-thue-xe-may-cho-khach-nuoc-ngoai,blog/app/lo-trinh-tinh-nang-cua-ung-dung-thue-xe-may-cho-khach-nuoc-ngoai/index.html,blog/app/,,no,no-external,blog/app/; /,none,yes,MotoAI Editorial,,,0,,,
BA-1382,B28,RENT,PLANNED,xe nào dễ điều khiển cho gia đình,Thuê xe máy; xe nào dễ điều khiển cho gia đình,commercial-informational,xe Nào dễ Điều Khiển Cho Gia Đình,xe-nao-de-dieu-khien-cho-gia-dinh,blog/thue-xe/xe-nao-de-dieu-khien-cho-gia-dinh/index.html,blog/thue-xe/,,no,no-external,blog/thue-xe/; /,none,yes,MotoAI Editorial,,,0,,,
BA-1383,B28,EV,PLANNED,đăng ký thuê xe điện mùa mưa,Xe điện / xe máy điện; đăng ký thuê xe điện mùa mưa,informational-product,Đăng ký Thuê xe Điện Mùa Mưa,dang-ky-thue-xe-dien-mua-mua,blog/xe-dien/dang-ky-thue-xe-dien-mua-mua/index.html,blog/xe-dien/,,no,no-external,blog/xe-dien/; /,none,yes,MotoAI Editorial,,,0,,,
BA-1384,B28,GUIDE,PLANNED,khoá xe khi thuê tại Hà Nội,Hướng dẫn / thủ tục; khoá xe khi thuê tại Hà Nội,informational,Khoá xe Khi Thuê Tại Hà Nội,khoa-xe-khi-thue-tai-ha-noi,blog/huong-dan/khoa-xe-khi-thue-tai-ha-noi/index.html,blog/huong-dan/,,no,no-external,blog/huong-dan/; /,none,yes,MotoAI Editorial,,,0,,,
BA-1385,B28,SAFE,PLANNED,quyền của người thuê xe ví dụ thực tế,An toàn / pháp lý; quyền của người thuê xe ví dụ thực tế,informational-legal,Quyền Của Người Thuê xe ví dụ Thực tế,quyen-cua-nguoi-thue-xe-vi-du-thuc-te,blog/an-toan/quyen-cua-nguoi-thue-xe-vi-du-thuc-te/index.html,blog/an-toan/,,yes,legal-gate,blog/an-toan/; /,none,no,MotoAI Editorial,,,0,,,legal-gate: CLAIM->SUBJECT->CONDITION->RULE->VERSION->PRIMARY SOURCE required
BA-1386,B28,LOCAL,PLANNED,hành trình mài châu buổi sáng,Địa phương / du lịch; hành trình mài châu buổi sáng,local-informational,Hành Trình Mài Châu Buổi Sáng,hanh-trinh-mai-chau-buoi-sang,blog/dia-phuong/hanh-trinh-mai-chau-buoi-sang/index.html,blog/dia-phuong/,Hà Nội (khu vực),no,no-external,blog/dia-phuong/; /,none,yes,MotoAI Editorial,,,0,,,
BA-1387,B28,APP,PLANNED,ứng dụng thuê xe và khách vãng lai cho khách nước ngoài,App & Ứng dụng; ứng dụng thuê xe và khách vãng lai cho khách nước ngoài,informational-product,Ứng Dụng Thuê xe và Khách Vãng Lai Cho Khách Nước Ngoài,ung-dung-thue-xe-va-khach-vang-lai-cho-khach-nuoc-ngoai,blog/app/ung-dung-thue-xe-va-khach-vang-lai-cho-khach-nuoc-ngoai/index.html,blog/app/,,no,no-external,blog/app/; /,none,yes,MotoAI Editorial,,,0,,,
BA-1388,B28,RENT,PLANNED,thuê xe máy cũ hay mới cho gia đình,Thuê xe máy; thuê xe máy cũ hay mới cho gia đình,commercial-informational,Thuê xe Máy cũ Hay Mới Cho Gia Đình,thue-xe-may-cu-hay-moi-cho-gia-dinh,blog/thue-xe/thue-xe-may-cu-hay-moi-cho-gia-dinh/index.html,blog/thue-xe/,,no,no-external,blog/thue-xe/; /,none,yes,MotoAI Editorial,,,0,,,
BA-1389,B28,EV,PLANNED,cọc khi thuê xe điện mùa mưa,Xe điện / xe máy điện; cọc khi thuê xe điện mùa mưa,informational-product,Cọc Khi Thuê xe Điện Mùa Mưa,coc-khi-thue-xe-dien-mua-mua,blog/xe-dien/coc-khi-thue-xe-dien-mua-mua/index.html,blog/xe-dien/,,no,no-external,blog/xe-dien/; /,none,yes,MotoAI Editorial,,,0,,,
BA-1390,B28,GUIDE,PLANNED,sửa xe nhỏ khi đang thuê tại Hà Nội,Hướng dẫn / thủ tục; sửa xe nhỏ khi đang thuê tại Hà Nội,informational,Sửa xe Nhỏ Khi Đang Thuê Tại Hà Nội,sua-xe-nho-khi-dang-thue-tai-ha-noi,blog/huong-dan/sua-xe-nho-khi-dang-thue-tai-ha-noi/index.html,blog/huong-dan/,,no,no-external,blog/huong-dan/; /,none,yes,MotoAI Editorial,,,0,,,
BA-1391,B28,SAFE,PLANNED,nghĩa vụ của bên cho thuê ví dụ thực tế,An toàn / pháp lý; nghĩa vụ của bên cho thuê ví dụ thực tế,informational-legal,Nghĩa vụ Của Bên Cho Thuê ví dụ Thực tế,nghia-vu-cua-ben-cho-thue-vi-du-thuc-te,blog/an-toan/nghia-vu-cua-ben-cho-thue-vi-du-thuc-te/index.html,blog/an-toan/,,yes,legal-gate,blog/an-toan/; /,none,no,MotoAI Editorial,,,0,,,legal-gate: CLAIM->SUBJECT->CONDITION->RULE->VERSION->PRIMARY SOURCE required
BA-1392,B28,LOCAL,PLANNED,đà lạt đường xa buổi sáng,Địa phương / du lịch; đà lạt đường xa buổi sáng,local-informational,đà Lạt Đường xa Buổi Sáng,da-lat-duong-xa-buoi-sang,blog/dia-phuong/da-lat-duong-xa-buoi-sang/index.html,blog/dia-phuong/,Hà Nội (khu vực),no,no-external,blog/dia-phuong/; /,none,yes,MotoAI Editorial,,,0,,,
BA-1393,B28,APP,PLANNED,cách gửi feedback cho ứng dụng thuê xe cho khách nước ngoài,App & Ứng dụng; cách gửi feedback cho ứng dụng thuê xe cho khách nước ngoài,informational-product,Cách Gửi Feedback Cho Ứng Dụng Thuê xe Cho Khách Nước Ngoài,cach-gui-feedback-cho-ung-dung-thue-xe-cho-khach-nuoc-ngoai,blog/app/cach-gui-feedback-cho-ung-dung-thue-xe-cho-khach-nuoc-ngoai/index.html,blog/app/,,no,no-external,blog/app/; /,none,yes,MotoAI Editorial,,,0,,,
BA-1394,B28,RENT,PLANNED,tình trạng xe tại cửa hàng cho gia đình,Thuê xe máy; tình trạng xe tại cửa hàng cho gia đình,commercial-informational,Tình Trạng xe Tại Cửa Hàng Cho Gia Đình,tinh-trang-xe-tai-cua-hang-cho-gia-dinh,blog/thue-xe/tinh-trang-xe-tai-cua-hang-cho-gia-dinh/index.html,blog/thue-xe/,,no,no-external,blog/thue-xe/; /,none,yes,MotoAI Editorial,,,0,,,
BA-1395,B28,EV,PLANNED,so sánh các dòng xe điện cho thuê mùa mưa,Xe điện / xe máy điện; so sánh các dòng xe điện cho thuê mùa mưa,informational-product,so Sánh Các Dòng xe Điện Cho Thuê Mùa Mưa,so-sanh-cac-dong-xe-dien-cho-thue-mua-mua,blog/xe-dien/so-sanh-cac-dong-xe-dien-cho-thue-mua-mua/index.html,blog/xe-dien/,,no,no-external,blog/xe-dien/; /,none,yes,MotoAI Editorial,,,0,,,
BA-1396,B28,GUIDE,PLANNED,gặp cảnh sát giao thông với xe thuê tại Hà Nội,Hướng dẫn / thủ tục; gặp cảnh sát giao thông với xe thuê tại Hà Nội,informational,Gặp Cảnh Sát Giao Thông Với xe Thuê Tại Hà Nội,gap-canh-sat-giao-thong-voi-xe-thue-tai-ha-noi,blog/huong-dan/gap-canh-sat-giao-thong-voi-xe-thue-tai-ha-noi/index.html,blog/huong-dan/,,no,no-external,blog/huong-dan/; /,none,yes,MotoAI Editorial,,,0,,,
BA-1397,B28,SAFE,PLANNED,khiển nại dịch vụ thuê xe ví dụ thực tế,An toàn / pháp lý; khiển nại dịch vụ thuê xe ví dụ thực tế,informational-legal,Khiển Nại Dịch vụ Thuê xe ví dụ Thực tế,khien-nai-dich-vu-thue-xe-vi-du-thuc-te,blog/an-toan/khien-nai-dich-vu-thue-xe-vi-du-thuc-te/index.html,blog/an-toan/,,yes,legal-gate,blog/an-toan/; /,none,no,MotoAI Editorial,,,0,,,legal-gate: CLAIM->SUBJECT->CONDITION->RULE->VERSION->PRIMARY SOURCE required
BA-1398,B28,LOCAL,PLANNED,huế xuyên việt buổi sáng,Địa phương / du lịch; huế xuyên việt buổi sáng,local-informational,Huế Xuyên Việt Buổi Sáng,hue-xuyen-viet-buoi-sang,blog/dia-phuong/hue-xuyen-viet-buoi-sang/index.html,blog/dia-phuong/,Hà Nội (khu vực),no,no-external,blog/dia-phuong/; /,none,yes,MotoAI Editorial,,,0,,,
BA-1399,B28,APP,PLANNED,module gợi ý xe trong ứng dụng thuê xe cho khách nước ngoài,App & Ứng dụng; module gợi ý xe trong ứng dụng thuê xe cho khách nước ngoài,informational-product,Module Gợi ý xe Trong Ứng Dụng Thuê xe Cho Khách Nước Ngoài,module-goi-y-xe-trong-ung-dung-thue-xe-cho-khach-nuoc-ngoai,blog/app/module-goi-y-xe-trong-ung-dung-thue-xe-cho-khach-nuoc-ngoai/index.html,blog/app/,,no,no-external,blog/app/; /,none,yes,MotoAI Editorial,,,0,,,
BA-1400,B28,RENT,PLANNED,đồngo kèm theo xe thuê cho gia đình,Thuê xe máy; đồngo kèm theo xe thuê cho gia đình,commercial-informational,Đồngo Kèm Theo xe Thuê Cho Gia Đình,dongo-kem-theo-xe-thue-cho-gia-dinh,blog/thue-xe/dongo-kem-theo-xe-thue-cho-gia-dinh/index.html,blog/thue-xe/,,no,no-external,blog/thue-xe/; /,none,yes,MotoAI Editorial,,,0,,,
BA-1401,B29,EV,PLANNED,thuê xe điện cho khách du lịch mùa mưa,Xe điện / xe máy điện; thuê xe điện cho khách du lịch mùa mưa,informational-product,Thuê xe Điện Cho Khách du Lịch Mùa Mưa,thue-xe-dien-cho-khach-du-lich-mua-mua,blog/xe-dien/thue-xe-dien-cho-khach-du-lich-mua-mua/index.html,blog/xe-dien/,,no,no-external,blog/xe-dien/; /,none,yes,MotoAI Editorial,,,0,,,
BA-1402,B29,GUIDE,PLANNED,giấy tờ người nước ngoài thuê xe tại Hà Nội,Hướng dẫn / thủ tục; giấy tờ người nước ngoài thuê xe tại Hà Nội,informational,Giấy tờ Người Nước Ngoài Thuê xe Tại Hà Nội,giay-to-nguoi-nuoc-ngoai-thue-xe-tai-ha-noi,blog/huong-dan/giay-to-nguoi-nuoc-ngoai-thue-xe-tai-ha-noi/index.html,blog/huong-dan/,,no,no-external,blog/huong-dan/; /,none,yes,MotoAI Editorial,,,0,,,
BA-1403,B29,SAFE,PLANNED,bảo vệ dữ liệu cá nhân khi thuê xe ví dụ thực tế,An toàn / pháp lý; bảo vệ dữ liệu cá nhân khi thuê xe ví dụ thực tế,informational-legal,Bảo vệ dữ Liệu cá Nhân Khi Thuê xe ví dụ Thực tế,bao-ve-du-lieu-ca-nhan-khi-thue-xe-vi-du-thuc-te,blog/an-toan/bao-ve-du-lieu-ca-nhan-khi-thue-xe-vi-du-thuc-te/index.html,blog/an-toan/,,yes,legal-gate,blog/an-toan/; /,none,no,MotoAI Editorial,,,0,,,legal-gate: CLAIM->SUBJECT->CONDITION->RULE->VERSION->PRIMARY SOURCE required
BA-1404,B29,LOCAL,PLANNED,đà nẵng hành trình bắc nam buổi sáng,Địa phương / du lịch; đà nẵng hành trình bắc nam buổi sáng,local-informational,đà Nẵng Hành Trình Bắc Nam Buổi Sáng,da-nang-hanh-trinh-bac-nam-buoi-sang,blog/dia-phuong/da-nang-hanh-trinh-bac-nam-buoi-sang/index.html,blog/dia-phuong/,Hà Nội (khu vực),no,no-external,blog/dia-phuong/; /,none,yes,MotoAI Editorial,,,0,,,
BA-1405,B29,APP,PLANNED,tại sao nên dùng ứng dụng trước khi gọi điện cho khách nước ngoài,App & Ứng dụng; tại sao nên dùng ứng dụng trước khi gọi điện cho khách nước ngoài,informational-product,Tại Sao Nên Dùng Ứng Dụng Trước Khi Gọi Điện Cho Khách Nước Ngoài,tai-sao-nen-dung-ung-dung-truoc-khi-goi-dien-cho-khach-nuoc-ngoai,blog/app/tai-sao-nen-dung-ung-dung-truoc-khi-goi-dien-cho-khach-nuoc-ngoai/index.html,blog/app/,,no,no-external,blog/app/; /,none,yes,MotoAI Editorial,,,0,,,
BA-1406,B29,RENT,PLANNED,mũ bảo hiểm khi thuê xe cho gia đình,Thuê xe máy; mũ bảo hiểm khi thuê xe cho gia đình,commercial-informational,mũ Bảo Hiểm Khi Thuê xe Cho Gia Đình,mu-bao-hiem-khi-thue-xe-cho-gia-dinh,blog/thue-xe/mu-bao-hiem-khi-thue-xe-cho-gia-dinh/index.html,blog/thue-xe/,,no,no-external,blog/thue-xe/; /,none,yes,MotoAI Editorial,,,0,,,
BA-1407,B29,EV,PLANNED,cách giữ pin bền khi thuê xe điện mùa mưa,Xe điện / xe máy điện; cách giữ pin bền khi thuê xe điện mùa mưa,informational-product,Cách Giữ Pin Bền Khi Thuê xe Điện Mùa Mưa,cach-giu-pin-ben-khi-thue-xe-dien-mua-mua,blog/xe-dien/cach-giu-pin-ben-khi-thue-xe-dien-mua-mua/index.html,blog/xe-dien/,,no,no-external,blog/xe-dien/; /,none,yes,MotoAI Editorial,,,0,,,
BA-1408,B29,GUIDE,PLANNED,dịch công chứng giấy tờ thuê xe tại Hà Nội,Hướng dẫn / thủ tục; dịch công chứng giấy tờ thuê xe tại Hà Nội,informational,Dịch Công Chứng Giấy tờ Thuê xe Tại Hà Nội,dich-cong-chung-giay-to-thue-xe-tai-ha-noi,blog/huong-dan/dich-cong-chung-giay-to-thue-xe-tai-ha-noi/index.html,blog/huong-dan/,,no,no-external,blog/huong-dan/; /,none,yes,MotoAI Editorial,,,0,,,
BA-1409,B29,SAFE,PLANNED,an toàn khi thanh toán cọc ví dụ thực tế,An toàn / pháp lý; an toàn khi thanh toán cọc ví dụ thực tế,informational-legal,an Toàn Khi Thanh Toán Cọc ví dụ Thực tế,an-toan-khi-thanh-toan-coc-vi-du-thuc-te,blog/an-toan/an-toan-khi-thanh-toan-coc-vi-du-thuc-te/index.html,blog/an-toan/,,yes,legal-gate,blog/an-toan/; /,none,no,MotoAI Editorial,,,0,,,legal-gate: CLAIM->SUBJECT->CONDITION->RULE->VERSION->PRIMARY SOURCE required
BA-1410,B29,LOCAL,PLANNED,hội an cuối tuần buổi sáng,Địa phương / du lịch; hội an cuối tuần buổi sáng,local-informational,Hội an Cuối Tuần Buổi Sáng,hoi-an-cuoi-tuan-buoi-sang,blog/dia-phuong/hoi-an-cuoi-tuan-buoi-sang/index.html,blog/dia-phuong/,Hà Nội (khu vực),no,no-external,blog/dia-phuong/; /,none,yes,MotoAI Editorial,,,0,,,
BA-1411,B29,APP,PLANNED,soạn câu hỏi hiệu quả cho Agent thuê xe cho khách nước ngoài,App & Ứng dụng; soạn câu hỏi hiệu quả cho Agent thuê xe cho khách nước ngoài,informational-product,Soạn Câu Hỏi Hiệu Quả Cho Agent Thuê xe Cho Khách Nước Ngoài,soan-cau-hoi-hieu-qua-cho-agent-thue-xe-cho-khach-nuoc-ngoai,blog/app/soan-cau-hoi-hieu-qua-cho-agent-thue-xe-cho-khach-nuoc-ngoai/index.html,blog/app/,,no,no-external,blog/app/; /,none,yes,MotoAI Editorial,,,0,,,
BA-1412,B29,RENT,PLANNED,áo mưa khi thuê xe máy cho gia đình,Thuê xe máy; áo mưa khi thuê xe máy cho gia đình,commercial-informational,áo Mưa Khi Thuê xe Máy Cho Gia Đình,ao-mua-khi-thue-xe-may-cho-gia-dinh,blog/thue-xe/ao-mua-khi-thue-xe-may-cho-gia-dinh/index.html,blog/thue-xe/,,no,no-external,blog/thue-xe/; /,none,yes,MotoAI Editorial,,,0,,,
BA-1413,B29,EV,PLANNED,hết pin giữa đường phải làm gì mùa mưa,Xe điện / xe máy điện; hết pin giữa đường phải làm gì mùa mưa,informational-product,Hết Pin Giữa Đường Phải Làm gì Mùa Mưa,het-pin-giua-duong-phai-lam-gi-mua-mua,blog/xe-dien/het-pin-giua-duong-phai-lam-gi-mua-mua/index.html,blog/xe-dien/,,no,no-external,blog/xe-dien/; /,none,yes,MotoAI Editorial,,,0,,,
BA-1414,B29,GUIDE,PLANNED,thuê xe cho người dưới 18 tuổi tại Hà Nội,Hướng dẫn / thủ tục; thuê xe cho người dưới 18 tuổi tại Hà Nội,informational,Thuê xe Cho Người Dưới 18 Tuổi Tại Hà Nội,thue-xe-cho-nguoi-duoi-18-tuoi-tai-ha-noi,blog/huong-dan/thue-xe-cho-nguoi-duoi-18-tuoi-tai-ha-noi/index.html,blog/huong-dan/,,no,no-external,blog/huong-dan/; /,none,yes,MotoAI Editorial,,,0,,,
BA-1415,B29,SAFE,PLANNED,luật giao thông đường bộ cơ bản câu hỏi thường gặp,An toàn / pháp lý; luật giao thông đường bộ cơ bản câu hỏi thường gặp,informational-legal,Luật Giao Thông Đường bộ cơ Bản Câu Hỏi Thường Gặp,luat-giao-thong-duong-bo-co-ban-cau-hoi-thuong-gap,blog/an-toan/luat-giao-thong-duong-bo-co-ban-cau-hoi-thuong-gap/index.html,blog/an-toan/,,yes,legal-gate,blog/an-toan/; /,none,no,MotoAI Editorial,,,0,,,legal-gate: CLAIM->SUBJECT->CONDITION->RULE->VERSION->PRIMARY SOURCE required
BA-1416,B29,LOCAL,PLANNED,sài gòn đường nam buổi sáng,Địa phương / du lịch; sài gòn đường nam buổi sáng,local-informational,Sài Gòn Đường Nam Buổi Sáng,sai-gon-duong-nam-buoi-sang,blog/dia-phuong/sai-gon-duong-nam-buoi-sang/index.html,blog/dia-phuong/,Hà Nội (khu vực),no,no-external,blog/dia-phuong/; /,none,yes,MotoAI Editorial,,,0,,,
BA-1417,B29,APP,PLANNED,ứng dụng thuê xe và người mới biết lái xe cho khách nước ngoài,App & Ứng dụng; ứng dụng thuê xe và người mới biết lái xe cho khách nước ngoài,informational-product,Ứng Dụng Thuê xe và Người Mới Biết Lái xe Cho Khách Nước Ngoài,ung-dung-thue-xe-va-nguoi-moi-biet-lai-xe-cho-khach-nuoc-ngoai,blog/app/ung-dung-thue-xe-va-nguoi-moi-biet-lai-xe-cho-khach-nuoc-ngoai/index.html,blog/app/,,no,no-external,blog/app/; /,none,yes,MotoAI Editorial,,,0,,,
BA-1418,B29,RENT,PLANNED,giá xe tháng cho sinh viên cho gia đình,Thuê xe máy; giá xe tháng cho sinh viên cho gia đình,commercial-informational,Giá xe Tháng Cho Sinh Viên Cho Gia Đình,gia-xe-thang-cho-sinh-vien-cho-gia-dinh,blog/thue-xe/gia-xe-thang-cho-sinh-vien-cho-gia-dinh/index.html,blog/thue-xe/,,no,no-external,blog/thue-xe/; /,none,yes,MotoAI Editorial,,,0,,,
BA-1419,B29,EV,PLANNED,trạm đổi pin mùa mưa,Xe điện / xe máy điện; trạm đổi pin mùa mưa,informational-product,Trạm Đổi Pin Mùa Mưa,tram-doi-pin-mua-mua,blog/xe-dien/tram-doi-pin-mua-mua/index.html,blog/xe-dien/,,no,no-external,blog/xe-dien/; /,none,yes,MotoAI Editorial,,,0,,,
BA-1420,B29,GUIDE,PLANNED,thuê xe cần người bảo lãnh không tại Hà Nội,Hướng dẫn / thủ tục; thuê xe cần người bảo lãnh không tại Hà Nội,informational,Thuê xe Cần Người Bảo Lãnh Không Tại Hà Nội,thue-xe-can-nguoi-bao-lanh-khong-tai-ha-noi,blog/huong-dan/thue-xe-can-nguoi-bao-lanh-khong-tai-ha-noi/index.html,blog/huong-dan/,,no,no-external,blog/huong-dan/; /,none,yes,MotoAI Editorial,,,0,,,
BA-1421,B29,SAFE,PLANNED,nồng độ cồn khi lái xe câu hỏi thường gặp,An toàn / pháp lý; nồng độ cồn khi lái xe câu hỏi thường gặp,informational-legal,Nồng độ Cồn Khi Lái xe Câu Hỏi Thường Gặp,nong-do-con-khi-lai-xe-cau-hoi-thuong-gap,blog/an-toan/nong-do-con-khi-lai-xe-cau-hoi-thuong-gap/index.html,blog/an-toan/,,yes,legal-gate,blog/an-toan/; /,none,no,MotoAI Editorial,,,0,,,legal-gate: CLAIM->SUBJECT->CONDITION->RULE->VERSION->PRIMARY SOURCE required
BA-1422,B29,LOCAL,PLANNED,mekong delta ride buổi sáng,Địa phương / du lịch; mekong delta ride buổi sáng,local-informational,Mekong Delta Ride Buổi Sáng,mekong-delta-ride-buoi-sang,blog/dia-phuong/mekong-delta-ride-buoi-sang/index.html,blog/dia-phuong/,Hà Nội (khu vực),no,no-external,blog/dia-phuong/; /,none,yes,MotoAI Editorial,,,0,,,
BA-1423,B29,APP,PLANNED,cảnh giác với app thuê xe giả mạo cho khách nước ngoài,App & Ứng dụng; cảnh giác với app thuê xe giả mạo cho khách nước ngoài,informational-product,Cảnh Giác Với App Thuê xe Giả Mạo Cho Khách Nước Ngoài,canh-giac-voi-app-thue-xe-gia-mao-cho-khach-nuoc-ngoai,blog/app/canh-giac-voi-app-thue-xe-gia-mao-cho-khach-nuoc-ngoai/index.html,blog/app/,,no,no-external,blog/app/; /,none,yes,MotoAI Editorial,,,0,,,
BA-1424,B29,RENT,PLANNED,thuê xe dài hạn cho người đi làm cho gia đình,Thuê xe máy; thuê xe dài hạn cho người đi làm cho gia đình,commercial-informational,Thuê xe Dài Hạn Cho Người đi Làm Cho Gia Đình,thue-xe-dai-han-cho-nguoi-di-lam-cho-gia-dinh,blog/thue-xe/thue-xe-dai-han-cho-nguoi-di-lam-cho-gia-dinh/index.html,blog/thue-xe/,,no,no-external,blog/thue-xe/; /,none,yes,MotoAI Editorial,,,0,,,
BA-1425,B29,EV,PLANNED,app theo dõi pin xe điện mùa mưa,Xe điện / xe máy điện; app theo dõi pin xe điện mùa mưa,informational-product,App Theo Dõi Pin xe Điện Mùa Mưa,app-theo-doi-pin-xe-dien-mua-mua,blog/xe-dien/app-theo-doi-pin-xe-dien-mua-mua/index.html,blog/xe-dien/,,no,no-external,blog/xe-dien/; /,none,yes,MotoAI Editorial,,,0,,,
BA-1426,B29,GUIDE,PLANNED,thời gian nhận xe sớm tại Hà Nội,Hướng dẫn / thủ tục; thời gian nhận xe sớm tại Hà Nội,informational,Thời Gian Nhận xe Sớm Tại Hà Nội,thoi-gian-nhan-xe-som-tai-ha-noi,blog/huong-dan/thoi-gian-nhan-xe-som-tai-ha-noi/index.html,blog/huong-dan/,,no,no-external,blog/huong-dan/; /,none,yes,MotoAI Editorial,,,0,,,
BA-1427,B29,SAFE,PLANNED,mũ bảo hiểm chuẩn câu hỏi thường gặp,An toàn / pháp lý; mũ bảo hiểm chuẩn câu hỏi thường gặp,informational-legal,mũ Bảo Hiểm Chuẩn Câu Hỏi Thường Gặp,mu-bao-hiem-chuan-cau-hoi-thuong-gap,blog/an-toan/mu-bao-hiem-chuan-cau-hoi-thuong-gap/index.html,blog/an-toan/,,yes,legal-gate,blog/an-toan/; /,none,no,MotoAI Editorial,,,0,,,legal-gate: CLAIM->SUBJECT->CONDITION->RULE->VERSION->PRIMARY SOURCE required
BA-1428,B29,LOCAL,PLANNED,ha giang vòng cung buổi sáng,Địa phương / du lịch; ha giang vòng cung buổi sáng,local-informational,ha Giang Vòng Cung Buổi Sáng,ha-giang-vong-cung-buoi-sang,blog/dia-phuong/ha-giang-vong-cung-buoi-sang/index.html,blog/dia-phuong/,Hà Nội (khu vực),no,no-external,blog/dia-phuong/; /,none,yes,MotoAI Editorial,,,0,,,
BA-1429,B29,APP,PLANNED,trợ lý thuê xe xử lý câu hỏi đa ngôn ngữ cho khách nước ngoài,App & Ứng dụng; trợ lý thuê xe xử lý câu hỏi đa ngôn ngữ cho khách nước ngoài,informational-product,Trợ lý Thuê xe xử lý Câu Hỏi đa Ngôn Ngữ Cho Khách Nước Ngoài,tro-ly-thue-xe-xu-ly-cau-hoi-da-ngon-ngu-cho-khach-nuoc-ngoai,blog/app/tro-ly-thue-xe-xu-ly-cau-hoi-da-ngon-ngu-cho-khach-nuoc-ngoai/index.html,blog/app/,,no,no-external,blog/app/; /,none,yes,MotoAI Editorial,,,0,,,
BA-1430,B29,RENT,PLANNED,hợp đồng thuê xe máy cho gia đình,Thuê xe máy; hợp đồng thuê xe máy cho gia đình,commercial-informational,Hợp Đồng Thuê xe Máy Cho Gia Đình,hop-dong-thue-xe-may-cho-gia-dinh,blog/thue-xe/hop-dong-thue-xe-may-cho-gia-dinh/index.html,blog/thue-xe/,,no,no-external,blog/thue-xe/; /,none,yes,MotoAI Editorial,,,0,,,
BA-1431,B29,EV,PLANNED,ứng dụng tìm chỗ sạc xe mùa mưa,Xe điện / xe máy điện; ứng dụng tìm chỗ sạc xe mùa mưa,informational-product,Ứng Dụng Tìm Chỗ Sạc xe Mùa Mưa,ung-dung-tim-cho-sac-xe-mua-mua,blog/xe-dien/ung-dung-tim-cho-sac-xe-mua-mua/index.html,blog/xe-dien/,,no,no-external,blog/xe-dien/; /,none,yes,MotoAI Editorial,,,0,,,
BA-1432,B29,GUIDE,PLANNED,nhận xe ban đêm tại Hà Nội,Hướng dẫn / thủ tục; nhận xe ban đêm tại Hà Nội,informational,Nhận xe Ban Đêm Tại Hà Nội,nhan-xe-ban-dem-tai-ha-noi,blog/huong-dan/nhan-xe-ban-dem-tai-ha-noi/index.html,blog/huong-dan/,,no,no-external,blog/huong-dan/; /,none,yes,MotoAI Editorial,,,0,,,
BA-1433,B29,SAFE,PLANNED,tốc độ cho phép trong phố câu hỏi thường gặp,An toàn / pháp lý; tốc độ cho phép trong phố câu hỏi thường gặp,informational-legal,Tốc độ Cho Phép Trong Phố Câu Hỏi Thường Gặp,toc-do-cho-phep-trong-pho-cau-hoi-thuong-gap,blog/an-toan/toc-do-cho-phep-trong-pho-cau-hoi-thuong-gap/index.html,blog/an-toan/,,yes,legal-gate,blog/an-toan/; /,none,no,MotoAI Editorial,,,0,,,legal-gate: CLAIM->SUBJECT->CONDITION->RULE->VERSION->PRIMARY SOURCE required
BA-1434,B29,LOCAL,PLANNED,cao nguyên đá đồng văn buổi sáng,Địa phương / du lịch; cao nguyên đá đồng văn buổi sáng,local-informational,Cao Nguyên đá Đồng Văn Buổi Sáng,cao-nguyen-da-dong-van-buoi-sang,blog/dia-phuong/cao-nguyen-da-dong-van-buoi-sang/index.html,blog/dia-phuong/,Hà Nội (khu vực),no,no-external,blog/dia-phuong/; /,none,yes,MotoAI Editorial,,,0,,,
BA-1435,B29,APP,PLANNED,tính năng tìm hiểu thủ tục trong app cho khách nước ngoài,App & Ứng dụng; tính năng tìm hiểu thủ tục trong app cho khách nước ngoài,informational-product,Tính Năng Tìm Hiểu Thủ Tục Trong App Cho Khách Nước Ngoài,tinh-nang-tim-hieu-thu-tuc-trong-app-cho-khach-nuoc-ngoai,blog/app/tinh-nang-tim-hieu-thu-tuc-trong-app-cho-khach-nuoc-ngoai/index.html,blog/app/,,no,no-external,blog/app/; /,none,yes,MotoAI Editorial,,,0,,,
BA-1436,B29,RENT,PLANNED,thuê xe công ty cho nhân viên cho gia đình,Thuê xe máy; thuê xe công ty cho nhân viên cho gia đình,commercial-informational,Thuê xe Công ty Cho Nhân Viên Cho Gia Đình,thue-xe-cong-ty-cho-nhan-vien-cho-gia-dinh,blog/thue-xe/thue-xe-cong-ty-cho-nhan-vien-cho-gia-dinh/index.html,blog/thue-xe/,,no,no-external,blog/thue-xe/; /,none,yes,MotoAI Editorial,,,0,,,
BA-1437,B29,EV,PLANNED,công cụ ước tính quãng đường xe điện mùa mưa,Xe điện / xe máy điện; công cụ ước tính quãng đường xe điện mùa mưa,informational-product,Công cụ Ước Tính Quãng Đường xe Điện Mùa Mưa,cong-cu-uoc-tinh-quang-duong-xe-dien-mua-mua,blog/xe-dien/cong-cu-uoc-tinh-quang-duong-xe-dien-mua-mua/index.html,blog/xe-dien/,,no,no-external,blog/xe-dien/; /,none,yes,MotoAI Editorial,,,0,,,
BA-1438,B29,GUIDE,PLANNED,giao xe tại khách sạn tại Hà Nội,Hướng dẫn / thủ tục; giao xe tại khách sạn tại Hà Nội,informational,Giao xe Tại Khách Sạn Tại Hà Nội,giao-xe-tai-khach-san-tai-ha-noi,blog/huong-dan/giao-xe-tai-khach-san-tai-ha-noi/index.html,blog/huong-dan/,,no,no-external,blog/huong-dan/; /,none,yes,MotoAI Editorial,,,0,,,
BA-1439,B29,SAFE,PLANNED,đi xe không giấy phép câu hỏi thường gặp,An toàn / pháp lý; đi xe không giấy phép câu hỏi thường gặp,informational-legal,đi xe Không Giấy Phép Câu Hỏi Thường Gặp,di-xe-khong-giay-phep-cau-hoi-thuong-gap,blog/an-toan/di-xe-khong-giay-phep-cau-hoi-thuong-gap/index.html,blog/an-toan/,,yes,legal-gate,blog/an-toan/; /,none,no,MotoAI Editorial,,,0,,,legal-gate: CLAIM->SUBJECT->CONDITION->RULE->VERSION->PRIMARY SOURCE required
BA-1440,B29,LOCAL,PLANNED,mèo vạc đồng cao buổi sáng,Địa phương / du lịch; mèo vạc đồng cao buổi sáng,local-informational,Mèo Vạc Đồng Cao Buổi Sáng,meo-vac-dong-cao-buoi-sang,blog/dia-phuong/meo-vac-dong-cao-buoi-sang/index.html,blog/dia-phuong/,Hà Nội (khu vực),no,no-external,blog/dia-phuong/; /,none,yes,MotoAI Editorial,,,0,,,
BA-1441,B29,APP,PLANNED,quy trình tư vấn tự động chọn xe cho khách nước ngoài,App & Ứng dụng; quy trình tư vấn tự động chọn xe cho khách nước ngoài,informational-product,Quy Trình tư Vấn tự Động Chọn xe Cho Khách Nước Ngoài,quy-trinh-tu-van-tu-dong-chon-xe-cho-khach-nuoc-ngoai,blog/app/quy-trinh-tu-van-tu-dong-chon-xe-cho-khach-nuoc-ngoai/index.html,blog/app/,,no,no-external,blog/app/; /,none,yes,MotoAI Editorial,,,0,,,
BA-1442,B29,RENT,PLANNED,thuê xe máy giá rẻ chạy phố,Thuê xe máy; thuê xe máy giá rẻ chạy phố,commercial-informational,Thuê xe Máy Giá rẻ Chạy Phố,thue-xe-may-gia-re-chay-pho,blog/thue-xe/thue-xe-may-gia-re-chay-pho/index.html,blog/thue-xe/,,no,no-external,blog/thue-xe/; /,none,yes,MotoAI Editorial,,,0,,,
BA-1443,B29,EV,PLANNED,xe điện và mùi môi trường mùa mưa,Xe điện / xe máy điện; xe điện và mùi môi trường mùa mưa,informational-product,xe Điện và Mùi Môi Trường Mùa Mưa,xe-dien-va-mui-moi-truong-mua-mua,blog/xe-dien/xe-dien-va-mui-moi-truong-mua-mua/index.html,blog/xe-dien/,,no,no-external,blog/xe-dien/; /,none,yes,MotoAI Editorial,,,0,,,
BA-1444,B29,GUIDE,PLANNED,giao xe tại sân bay nội bài tại Hà Nội,Hướng dẫn / thủ tục; giao xe tại sân bay nội bài tại Hà Nội,informational,Giao xe Tại Sân Bay Nội Bài Tại Hà Nội,giao-xe-tai-san-bay-noi-bai-tai-ha-noi,blog/huong-dan/giao-xe-tai-san-bay-noi-bai-tai-ha-noi/index.html,blog/huong-dan/,,no,no-external,blog/huong-dan/; /,none,yes,MotoAI Editorial,,,0,,,
BA-1445,B29,SAFE,PLANNED,bằng lái a1 a2 khác gì câu hỏi thường gặp,An toàn / pháp lý; bằng lái a1 a2 khác gì câu hỏi thường gặp,informational-legal,Bằng Lái a1 a2 Khác gì Câu Hỏi Thường Gặp,bang-lai-a1-a2-khac-gi-cau-hoi-thuong-gap,blog/an-toan/bang-lai-a1-a2-khac-gi-cau-hoi-thuong-gap/index.html,blog/an-toan/,,yes,legal-gate,blog/an-toan/; /,none,no,MotoAI Editorial,,,0,,,legal-gate: CLAIM->SUBJECT->CONDITION->RULE->VERSION->PRIMARY SOURCE required
BA-1446,B29,LOCAL,PLANNED,thuê xe máy quanh long biên buổi tối,Địa phương / du lịch; thuê xe máy quanh long biên buổi tối,local-informational,Thuê xe Máy Quanh Long Biên Buổi Tối,thue-xe-may-quanh-long-bien-buoi-toi,blog/dia-phuong/thue-xe-may-quanh-long-bien-buoi-toi/index.html,blog/dia-phuong/,Long Biên,no,no-external,blog/dia-phuong/; /,none,yes,MotoAI Editorial,,,0,,,
BA-1447,B29,APP,PLANNED,ứng dụng hỗ trợ thuê xe theo tháng cho khách nước ngoài,App & Ứng dụng; ứng dụng hỗ trợ thuê xe theo tháng cho khách nước ngoài,informational-product,Ứng Dụng hỗ Trợ Thuê xe Theo Tháng Cho Khách Nước Ngoài,ung-dung-ho-tro-thue-xe-theo-thang-cho-khach-nuoc-ngoai,blog/app/ung-dung-ho-tro-thue-xe-theo-thang-cho-khach-nuoc-ngoai/index.html,blog/app/,,no,no-external,blog/app/; /,none,yes,MotoAI Editorial,,,0,,,
BA-1448,B29,RENT,PLANNED,giá thuê xe máy theo ngày chạy phố,Thuê xe máy; giá thuê xe máy theo ngày chạy phố,commercial-informational,Giá Thuê xe Máy Theo Ngày Chạy Phố,gia-thue-xe-may-theo-ngay-chay-pho,blog/thue-xe/gia-thue-xe-may-theo-ngay-chay-pho/index.html,blog/thue-xe/,,no,no-external,blog/thue-xe/; /,none,yes,MotoAI Editorial,,,0,,,
BA-1449,B29,EV,PLANNED,xe điện giảm tiếng ồn phố mùa mưa,Xe điện / xe máy điện; xe điện giảm tiếng ồn phố mùa mưa,informational-product,xe Điện Giảm Tiếng ồn Phố Mùa Mưa,xe-dien-giam-tieng-on-pho-mua-mua,blog/xe-dien/xe-dien-giam-tieng-on-pho-mua-mua/index.html,blog/xe-dien/,,no,no-external,blog/xe-dien/; /,none,yes,MotoAI Editorial,,,0,,,
BA-1450,B29,GUIDE,PLANNED,thuê xe và check-in khách sạn tại Hà Nội,Hướng dẫn / thủ tục; thuê xe và check-in khách sạn tại Hà Nội,informational,Thuê xe và Check-in Khách Sạn Tại Hà Nội,thue-xe-va-check-in-khach-san-tai-ha-noi,blog/huong-dan/thue-xe-va-check-in-khach-san-tai-ha-noi/index.html,blog/huong-dan/,,no,no-external,blog/huong-dan/; /,none,yes,MotoAI Editorial,,,0,,,
BA-1451,B30,SAFE,PLANNED,người nước ngoài lái xe ở việt nam câu hỏi thường gặp,An toàn / pháp lý; người nước ngoài lái xe ở việt nam câu hỏi thường gặp,informational-legal,Người Nước Ngoài Lái xe ở Việt Nam Câu Hỏi Thường Gặp,nguoi-nuoc-ngoai-lai-xe-o-viet-nam-cau-hoi-thuong-gap,blog/an-toan/nguoi-nuoc-ngoai-lai-xe-o-viet-nam-cau-hoi-thuong-gap/index.html,blog/an-toan/,,yes,legal-gate,blog/an-toan/; /,none,no,MotoAI Editorial,,,0,,,legal-gate: CLAIM->SUBJECT->CONDITION->RULE->VERSION->PRIMARY SOURCE required
BA-1452,B30,LOCAL,PLANNED,đi phố cổ bằng xe máy buổi tối,Địa phương / du lịch; đi phố cổ bằng xe máy buổi tối,local-informational,đi Phố cổ Bằng xe Máy Buổi Tối,di-pho-co-bang-xe-may-buoi-toi,blog/dia-phuong/di-pho-co-bang-xe-may-buoi-toi/index.html,blog/dia-phuong/,Phố cổ,no,no-external,blog/dia-phuong/; /,none,yes,MotoAI Editorial,,,0,,,
BA-1453,B30,APP,PLANNED,chọn thời điểm thuê xe bằng ứng dụng cho khách nước ngoài,App & Ứng dụng; chọn thời điểm thuê xe bằng ứng dụng cho khách nước ngoài,informational-product,Chọn Thời Điểm Thuê xe Bằng Ứng Dụng Cho Khách Nước Ngoài,chon-thoi-diem-thue-xe-bang-ung-dung-cho-khach-nuoc-ngoai,blog/app/chon-thoi-diem-thue-xe-bang-ung-dung-cho-khach-nuoc-ngoai/index.html,blog/app/,,no,no-external,blog/app/; /,none,yes,MotoAI Editorial,,,0,,,
BA-1454,B30,RENT,PLANNED,thuê xe máy theo tuần chạy phố,Thuê xe máy; thuê xe máy theo tuần chạy phố,commercial-informational,Thuê xe Máy Theo Tuần Chạy Phố,thue-xe-may-theo-tuan-chay-pho,blog/thue-xe/thue-xe-may-theo-tuan-chay-pho/index.html,blog/thue-xe/,,no,no-external,blog/thue-xe/; /,none,yes,MotoAI Editorial,,,0,,,
BA-1455,B30,EV,PLANNED,chính sách khuyến khích xe điện mùa mưa,Xe điện / xe máy điện; chính sách khuyến khích xe điện mùa mưa,informational-product,Chính Sách Khuyến Khích xe Điện Mùa Mưa,chinh-sach-khuyen-khich-xe-dien-mua-mua,blog/xe-dien/chinh-sach-khuyen-khich-xe-dien-mua-mua/index.html,blog/xe-dien/,,no,no-external,blog/xe-dien/; /,none,yes,MotoAI Editorial,,,0,,,
BA-1456,B30,GUIDE,PLANNED,lên kế hoạch hành trình với agent tại Hà Nội,Hướng dẫn / thủ tục; lên kế hoạch hành trình với agent tại Hà Nội,informational,Lên kế Hoạch Hành Trình Với Agent Tại Hà Nội,len-ke-hoach-hanh-trinh-voi-agent-tai-ha-noi,blog/huong-dan/len-ke-hoach-hanh-trinh-voi-agent-tai-ha-noi/index.html,blog/huong-dan/,,no,no-external,blog/huong-dan/; /,none,yes,MotoAI Editorial,,,0,,,
BA-1457,B30,SAFE,PLANNED,idp và bằng lái quốc tế câu hỏi thường gặp,An toàn / pháp lý; idp và bằng lái quốc tế câu hỏi thường gặp,informational-legal,Idp và Bằng Lái Quốc tế Câu Hỏi Thường Gặp,idp-va-bang-lai-quoc-te-cau-hoi-thuong-gap,blog/an-toan/idp-va-bang-lai-quoc-te-cau-hoi-thuong-gap/index.html,blog/an-toan/,,yes,legal-gate,blog/an-toan/; /,none,no,MotoAI Editorial,,,0,,,legal-gate: CLAIM->SUBJECT->CONDITION->RULE->VERSION->PRIMARY SOURCE required
BA-1458,B30,LOCAL,PLANNED,du lịch hoàn kiếm bằng xe máy buổi tối,Địa phương / du lịch; du lịch hoàn kiếm bằng xe máy buổi tối,local-informational,du Lịch Hoàn Kiếm Bằng xe Máy Buổi Tối,du-lich-hoan-kiem-bang-xe-may-buoi-toi,blog/dia-phuong/du-lich-hoan-kiem-bang-xe-may-buoi-toi/index.html,blog/dia-phuong/,Hoàn Kiếm,no,no-external,blog/dia-phuong/; /,none,yes,MotoAI Editorial,,,0,,,
BA-1459,B30,APP,PLANNED,câu chuyện người dùng ứng dụng thuê xe cho khách nước ngoài,App & Ứng dụng; câu chuyện người dùng ứng dụng thuê xe cho khách nước ngoài,informational-product,Câu Chuyện Người Dùng Ứng Dụng Thuê xe Cho Khách Nước Ngoài,cau-chuyen-nguoi-dung-ung-dung-thue-xe-cho-khach-nuoc-ngoai,blog/app/cau-chuyen-nguoi-dung-ung-dung-thue-xe-cho-khach-nuoc-ngoai/index.html,blog/app/,,no,no-external,blog/app/; /,none,yes,MotoAI Editorial,,,0,,,
BA-1460,B30,RENT,PLANNED,thuê xe máy theo tháng chạy phố,Thuê xe máy; thuê xe máy theo tháng chạy phố,commercial-informational,Thuê xe Máy Theo Tháng Chạy Phố,thue-xe-may-theo-thang-chay-pho,blog/thue-xe/thue-xe-may-theo-thang-chay-pho/index.html,blog/thue-xe/,,no,no-external,blog/thue-xe/; /,none,yes,MotoAI Editorial,,,0,,,
BA-1461,B30,EV,PLANNED,xe điện hết hạn pin mùa mưa,Xe điện / xe máy điện; xe điện hết hạn pin mùa mưa,informational-product,xe Điện Hết Hạn Pin Mùa Mưa,xe-dien-het-han-pin-mua-mua,blog/xe-dien/xe-dien-het-han-pin-mua-mua/index.html,blog/xe-dien/,,no,no-external,blog/xe-dien/; /,none,yes,MotoAI Editorial,,,0,,,
BA-1462,B30,GUIDE,PLANNED,tính lộ trình thuê xe theo ngày tại Hà Nội,Hướng dẫn / thủ tục; tính lộ trình thuê xe theo ngày tại Hà Nội,informational,Tính lộ Trình Thuê xe Theo Ngày Tại Hà Nội,tinh-lo-trinh-thue-xe-theo-ngay-tai-ha-noi,blog/huong-dan/tinh-lo-trinh-thue-xe-theo-ngay-tai-ha-noi/index.html,blog/huong-dan/,,no,no-external,blog/huong-dan/; /,none,yes,MotoAI Editorial,,,0,,,
BA-1463,B30,SAFE,PLANNED,bảo hiểm khi thuê xe máy câu hỏi thường gặp,An toàn / pháp lý; bảo hiểm khi thuê xe máy câu hỏi thường gặp,informational-legal,Bảo Hiểm Khi Thuê xe Máy Câu Hỏi Thường Gặp,bao-hiem-khi-thue-xe-may-cau-hoi-thuong-gap,blog/an-toan/bao-hiem-khi-thue-xe-may-cau-hoi-thuong-gap/index.html,blog/an-toan/,,yes,legal-gate,blog/an-toan/; /,none,no,MotoAI Editorial,,,0,,,legal-gate: CLAIM->SUBJECT->CONDITION->RULE->VERSION->PRIMARY SOURCE required
BA-1464,B30,LOCAL,PLANNED,hồ tây và xe máy buổi tối,Địa phương / du lịch; hồ tây và xe máy buổi tối,local-informational,hồ Tây và xe Máy Buổi Tối,ho-tay-va-xe-may-buoi-toi,blog/dia-phuong/ho-tay-va-xe-may-buoi-toi/index.html,blog/dia-phuong/,hồ Tây,no,no-external,blog/dia-phuong/; /,none,yes,MotoAI Editorial,,,0,,,
BA-1465,B30,APP,PLANNED,app thuê xe máy là gì tận nơi,App & Ứng dụng; app thuê xe máy là gì tận nơi,informational-product,App Thuê xe Máy là gì Tận Nơi,app-thue-xe-may-la-gi-tan-noi,blog/app/app-thue-xe-may-la-gi-tan-noi/index.html,blog/app/,,no,no-external,blog/app/; /,none,yes,MotoAI Editorial,,,0,,,
BA-1466,B30,RENT,PLANNED,cho thuê xe máy thủ tục đơn giản chạy phố,Thuê xe máy; cho thuê xe máy thủ tục đơn giản chạy phố,commercial-informational,Cho Thuê xe Máy Thủ Tục Đơn Giản Chạy Phố,cho-thue-xe-may-thu-tuc-don-gian-chay-pho,blog/thue-xe/cho-thue-xe-may-thu-tuc-don-gian-chay-pho/index.html,blog/thue-xe/,,no,no-external,blog/thue-xe/; /,none,yes,MotoAI Editorial,,,0,,,
BA-1467,B30,EV,PLANNED,thuê xe điện ban đêm mùa mưa,Xe điện / xe máy điện; thuê xe điện ban đêm mùa mưa,informational-product,Thuê xe Điện Ban Đêm Mùa Mưa,thue-xe-dien-ban-dem-mua-mua,blog/xe-dien/thue-xe-dien-ban-dem-mua-mua/index.html,blog/xe-dien/,,no,no-external,blog/xe-dien/; /,none,yes,MotoAI Editorial,,,0,,,
BA-1468,B30,GUIDE,PLANNED,đi chợ bằng xe thuê tại Hà Nội,Hướng dẫn / thủ tục; đi chợ bằng xe thuê tại Hà Nội,informational,đi Chợ Bằng xe Thuê Tại Hà Nội,di-cho-bang-xe-thue-tai-ha-noi,blog/huong-dan/di-cho-bang-xe-thue-tai-ha-noi/index.html,blog/huong-dan/,,no,no-external,blog/huong-dan/; /,none,yes,MotoAI Editorial,,,0,,,
BA-1469,B30,SAFE,PLANNED,trách nhiệm khi tai nạn với xe thuê câu hỏi thường gặp,An toàn / pháp lý; trách nhiệm khi tai nạn với xe thuê câu hỏi thường gặp,informational-legal,Trách Nhiệm Khi Tai Nạn Với xe Thuê Câu Hỏi Thường Gặp,trach-nhiem-khi-tai-nan-voi-xe-thue-cau-hoi-thuong-gap,blog/an-toan/trach-nhiem-khi-tai-nan-voi-xe-thue-cau-hoi-thuong-gap/index.html,blog/an-toan/,,yes,legal-gate,blog/an-toan/; /,none,no,MotoAI Editorial,,,0,,,legal-gate: CLAIM->SUBJECT->CONDITION->RULE->VERSION->PRIMARY SOURCE required
BA-1470,B30,LOCAL,PLANNED,ba đình xe máy phượng buổi tối,Địa phương / du lịch; ba đình xe máy phượng buổi tối,local-informational,ba Đình xe Máy Phượng Buổi Tối,ba-dinh-xe-may-phuong-buoi-toi,blog/dia-phuong/ba-dinh-xe-may-phuong-buoi-toi/index.html,blog/dia-phuong/,ba Đình,no,no-external,blog/dia-phuong/; /,none,yes,MotoAI Editorial,,,0,,,
BA-1471,B30,APP,PLANNED,cách dùng ứng dụng thuê xe máy tận nơi,App & Ứng dụng; cách dùng ứng dụng thuê xe máy tận nơi,informational-product,Cách Dùng Ứng Dụng Thuê xe Máy Tận Nơi,cach-dung-ung-dung-thue-xe-may-tan-noi,blog/app/cach-dung-ung-dung-thue-xe-may-tan-noi/index.html,blog/app/,,no,no-external,blog/app/; /,none,yes,MotoAI Editorial,,,0,,,
BA-1472,B30,RENT,PLANNED,thuê xe số chạy phố,Thuê xe máy; thuê xe số chạy phố,commercial-informational,Thuê xe số Chạy Phố,thue-xe-so-chay-pho,blog/thue-xe/thue-xe-so-chay-pho/index.html,blog/thue-xe/,,no,no-external,blog/thue-xe/; /,none,yes,MotoAI Editorial,,,0,,,
BA-1473,B30,EV,PLANNED,xe điện và thời tiết lạnh mùa mưa,Xe điện / xe máy điện; xe điện và thời tiết lạnh mùa mưa,informational-product,xe Điện và Thời Tiết Lạnh Mùa Mưa,xe-dien-va-thoi-tiet-lanh-mua-mua,blog/xe-dien/xe-dien-va-thoi-tiet-lanh-mua-mua/index.html,blog/xe-dien/,,no,no-external,blog/xe-dien/; /,none,yes,MotoAI Editorial,,,0,,,
BA-1474,B30,GUIDE,PLANNED,mua sắm và chở đồ tại Hà Nội,Hướng dẫn / thủ tục; mua sắm và chở đồ tại Hà Nội,informational,Mua Sắm và Chở đồ Tại Hà Nội,mua-sam-va-cho-do-tai-ha-noi,blog/huong-dan/mua-sam-va-cho-do-tai-ha-noi/index.html,blog/huong-dan/,,no,no-external,blog/huong-dan/; /,none,yes,MotoAI Editorial,,,0,,,
BA-1475,B30,SAFE,PLANNED,thủ tục khi va chạm nhẹ câu hỏi thường gặp,An toàn / pháp lý; thủ tục khi va chạm nhẹ câu hỏi thường gặp,informational-legal,Thủ Tục Khi va Chạm Nhẹ Câu Hỏi Thường Gặp,thu-tuc-khi-va-cham-nhe-cau-hoi-thuong-gap,blog/an-toan/thu-tuc-khi-va-cham-nhe-cau-hoi-thuong-gap/index.html,blog/an-toan/,,yes,legal-gate,blog/an-toan/; /,none,no,MotoAI Editorial,,,0,,,legal-gate: CLAIM->SUBJECT->CONDITION->RULE->VERSION->PRIMARY SOURCE required
BA-1476,B30,LOCAL,PLANNED,cầu giấy đi xe máy buổi tối,Địa phương / du lịch; cầu giấy đi xe máy buổi tối,local-informational,Cầu Giấy đi xe Máy Buổi Tối,cau-giay-di-xe-may-buoi-toi,blog/dia-phuong/cau-giay-di-xe-may-buoi-toi/index.html,blog/dia-phuong/,Cầu Giấy,no,no-external,blog/dia-phuong/; /,none,yes,MotoAI Editorial,,,0,,,
BA-1477,B30,APP,PLANNED,ứng dụng thuê xe có an toàn không tận nơi,App & Ứng dụng; ứng dụng thuê xe có an toàn không tận nơi,informational-product,Ứng Dụng Thuê xe có an Toàn Không Tận Nơi,ung-dung-thue-xe-co-an-toan-khong-tan-noi,blog/app/ung-dung-thue-xe-co-an-toan-khong-tan-noi/index.html,blog/app/,,no,no-external,blog/app/; /,none,yes,MotoAI Editorial,,,0,,,
BA-1478,B30,RENT,PLANNED,thuê xe ga chạy phố,Thuê xe máy; thuê xe ga chạy phố,commercial-informational,Thuê xe ga Chạy Phố,thue-xe-ga-chay-pho,blog/thue-xe/thue-xe-ga-chay-pho/index.html,blog/thue-xe/,,no,no-external,blog/thue-xe/; /,none,yes,MotoAI Editorial,,,0,,,
BA-1479,B30,EV,PLANNED,xe điện và đường dốc mùa mưa,Xe điện / xe máy điện; xe điện và đường dốc mùa mưa,informational-product,xe Điện và Đường Dốc Mùa Mưa,xe-dien-va-duong-doc-mua-mua,blog/xe-dien/xe-dien-va-duong-doc-mua-mua/index.html,blog/xe-dien/,,no,no-external,blog/xe-dien/; /,none,yes,MotoAI Editorial,,,0,,,
BA-1480,B30,GUIDE,PLANNED,ăn uống và lái xe an toàn tại Hà Nội,Hướng dẫn / thủ tục; ăn uống và lái xe an toàn tại Hà Nội,informational,ăn Uống và Lái xe an Toàn Tại Hà Nội,an-uong-va-lai-xe-an-toan-tai-ha-noi,blog/huong-dan/an-uong-va-lai-xe-an-toan-tai-ha-noi/index.html,blog/huong-dan/,,no,no-external,blog/huong-dan/; /,none,yes,MotoAI Editorial,,,0,,,
BA-1481,B30,SAFE,PLANNED,gọi cảnh sát khi tai nạn câu hỏi thường gặp,An toàn / pháp lý; gọi cảnh sát khi tai nạn câu hỏi thường gặp,informational-legal,Gọi Cảnh Sát Khi Tai Nạn Câu Hỏi Thường Gặp,goi-canh-sat-khi-tai-nan-cau-hoi-thuong-gap,blog/an-toan/goi-canh-sat-khi-tai-nan-cau-hoi-thuong-gap/index.html,blog/an-toan/,,yes,legal-gate,blog/an-toan/; /,none,no,MotoAI Editorial,,,0,,,legal-gate: CLAIM->SUBJECT->CONDITION->RULE->VERSION->PRIMARY SOURCE required
BA-1482,B30,LOCAL,PLANNED,đống đa và xe máy buổi tối,Địa phương / du lịch; đống đa và xe máy buổi tối,local-informational,Đống đa và xe Máy Buổi Tối,dong-da-va-xe-may-buoi-toi,blog/dia-phuong/dong-da-va-xe-may-buoi-toi/index.html,blog/dia-phuong/,Đống đa,no,no-external,blog/dia-phuong/; /,none,yes,MotoAI Editorial,,,0,,,
BA-1483,B30,APP,PLANNED,cách tính giá thuê xe bằng app tận nơi,App & Ứng dụng; cách tính giá thuê xe bằng app tận nơi,informational-product,Cách Tính Giá Thuê xe Bằng App Tận Nơi,cach-tinh-gia-thue-xe-bang-app-tan-noi,blog/app/cach-tinh-gia-thue-xe-bang-app-tan-noi/index.html,blog/app/,,no,no-external,blog/app/; /,none,yes,MotoAI Editorial,,,0,,,
BA-1484,B30,RENT,PLANNED,thuê xe 50cc chạy phố,Thuê xe máy; thuê xe 50cc chạy phố,commercial-informational,Thuê xe 50cc Chạy Phố,thue-xe-50cc-chay-pho,blog/thue-xe/thue-xe-50cc-chay-pho/index.html,blog/thue-xe/,,no,no-external,blog/thue-xe/; /,none,yes,MotoAI Editorial,,,0,,,
BA-1485,B30,EV,PLANNED,lốp xe điện mùa mưa,Xe điện / xe máy điện; lốp xe điện mùa mưa,informational-product,Lốp xe Điện Mùa Mưa,lop-xe-dien-mua-mua,blog/xe-dien/lop-xe-dien-mua-mua/index.html,blog/xe-dien/,,no,no-external,blog/xe-dien/; /,none,yes,MotoAI Editorial,,,0,,,
BA-1486,B30,GUIDE,PLANNED,trời mưa thuê xe máy tại Hà Nội,Hướng dẫn / thủ tục; trời mưa thuê xe máy tại Hà Nội,informational,Trời Mưa Thuê xe Máy Tại Hà Nội,troi-mua-thue-xe-may-tai-ha-noi,blog/huong-dan/troi-mua-thue-xe-may-tai-ha-noi/index.html,blog/huong-dan/,,no,no-external,blog/huong-dan/; /,none,yes,MotoAI Editorial,,,0,,,
BA-1487,B30,SAFE,PLANNED,khám sức khỏe lái xe câu hỏi thường gặp,An toàn / pháp lý; khám sức khỏe lái xe câu hỏi thường gặp,informational-legal,Khám Sức Khỏe Lái xe Câu Hỏi Thường Gặp,kham-suc-khoe-lai-xe-cau-hoi-thuong-gap,blog/an-toan/kham-suc-khoe-lai-xe-cau-hoi-thuong-gap/index.html,blog/an-toan/,,yes,legal-gate,blog/an-toan/; /,none,no,MotoAI Editorial,,,0,,,legal-gate: CLAIM->SUBJECT->CONDITION->RULE->VERSION->PRIMARY SOURCE required
BA-1488,B30,LOCAL,PLANNED,thanh xuân đường đi buổi tối,Địa phương / du lịch; thanh xuân đường đi buổi tối,local-informational,Thanh Xuân Đường đi Buổi Tối,thanh-xuan-duong-di-buoi-toi,blog/dia-phuong/thanh-xuan-duong-di-buoi-toi/index.html,blog/dia-phuong/,Thanh Xuân,no,no-external,blog/dia-phuong/; /,none,yes,MotoAI Editorial,,,0,,,
BA-1489,B30,APP,PLANNED,chọn xe bằng Agent tận nơi,App & Ứng dụng; chọn xe bằng Agent tận nơi,informational-product,Chọn xe Bằng Agent Tận Nơi,chon-xe-bang-agent-tan-noi,blog/app/chon-xe-bang-agent-tan-noi/index.html,blog/app/,,no,no-external,blog/app/; /,none,yes,MotoAI Editorial,,,0,,,
BA-1490,B30,RENT,PLANNED,thuê honda vision chạy phố,Thuê xe máy; thuê honda vision chạy phố,commercial-informational,Thuê Honda Vision Chạy Phố,thue-honda-vision-chay-pho,blog/thue-xe/thue-honda-vision-chay-pho/index.html,blog/thue-xe/,,no,no-external,blog/thue-xe/; /,none,yes,MotoAI Editorial,,,0,,,
BA-1491,B30,EV,PLANNED,phanh xe máy điện mùa mưa,Xe điện / xe máy điện; phanh xe máy điện mùa mưa,informational-product,Phanh xe Máy Điện Mùa Mưa,phanh-xe-may-dien-mua-mua,blog/xe-dien/phanh-xe-may-dien-mua-mua/index.html,blog/xe-dien/,,no,no-external,blog/xe-dien/; /,none,yes,MotoAI Editorial,,,0,,,
BA-1492,B30,GUIDE,PLANNED,mùa đông thuê xe hà nội tại Hà Nội,Hướng dẫn / thủ tục; mùa đông thuê xe hà nội tại Hà Nội,informational,Mùa Đông Thuê xe hà Nội Tại Hà Nội,mua-dong-thue-xe-ha-noi-tai-ha-noi,blog/huong-dan/mua-dong-thue-xe-ha-noi-tai-ha-noi/index.html,blog/huong-dan/,,no,no-external,blog/huong-dan/; /,none,yes,MotoAI Editorial,,,0,,,
BA-1493,B30,SAFE,PLANNED,đèn xe và an toàn đêm câu hỏi thường gặp,An toàn / pháp lý; đèn xe và an toàn đêm câu hỏi thường gặp,informational-legal,Đèn xe và an Toàn Đêm Câu Hỏi Thường Gặp,den-xe-va-an-toan-dem-cau-hoi-thuong-gap,blog/an-toan/den-xe-va-an-toan-dem-cau-hoi-thuong-gap/index.html,blog/an-toan/,,yes,legal-gate,blog/an-toan/; /,none,no,MotoAI Editorial,,,0,,,legal-gate: CLAIM->SUBJECT->CONDITION->RULE->VERSION->PRIMARY SOURCE required
BA-1494,B30,LOCAL,PLANNED,hai bà trưng hành trình buổi tối,Địa phương / du lịch; hai bà trưng hành trình buổi tối,local-informational,Hai bà Trưng Hành Trình Buổi Tối,hai-ba-trung-hanh-trinh-buoi-toi,blog/dia-phuong/hai-ba-trung-hanh-trinh-buoi-toi/index.html,blog/dia-phuong/,Hai bà Trưng,no,no-external,blog/dia-phuong/; /,none,yes,MotoAI Editorial,,,0,,,
BA-1495,B30,APP,PLANNED,thuê xe online như thế nào tận nơi,App & Ứng dụng; thuê xe online như thế nào tận nơi,informational-product,Thuê xe Online Như Thế Nào Tận Nơi,thue-xe-online-nhu-the-nao-tan-noi,blog/app/thue-xe-online-nhu-the-nao-tan-noi/index.html,blog/app/,,no,no-external,blog/app/; /,none,yes,MotoAI Editorial,,,0,,,
BA-1496,B30,RENT,PLANNED,thuê honda air blade chạy phố,Thuê xe máy; thuê honda air blade chạy phố,commercial-informational,Thuê Honda Air Blade Chạy Phố,thue-honda-air-blade-chay-pho,blog/thue-xe/thue-honda-air-blade-chay-pho/index.html,blog/thue-xe/,,no,no-external,blog/thue-xe/; /,none,yes,MotoAI Editorial,,,0,,,
BA-1497,B30,EV,PLANNED,hộp số xe điện mùa mưa,Xe điện / xe máy điện; hộp số xe điện mùa mưa,informational-product,Hộp số xe Điện Mùa Mưa,hop-so-xe-dien-mua-mua,blog/xe-dien/hop-so-xe-dien-mua-mua/index.html,blog/xe-dien/,,no,no-external,blog/xe-dien/; /,none,yes,MotoAI Editorial,,,0,,,
BA-1498,B30,GUIDE,PLANNED,nắng nóng và lái xe tại Hà Nội,Hướng dẫn / thủ tục; nắng nóng và lái xe tại Hà Nội,informational,Nắng Nóng và Lái xe Tại Hà Nội,nang-nong-va-lai-xe-tai-ha-noi,blog/huong-dan/nang-nong-va-lai-xe-tai-ha-noi/index.html,blog/huong-dan/,,no,no-external,blog/huong-dan/; /,none,yes,MotoAI Editorial,,,0,,,
BA-1499,B30,SAFE,PLANNED,kỹ năng phanh gấp câu hỏi thường gặp,An toàn / pháp lý; kỹ năng phanh gấp câu hỏi thường gặp,informational-legal,kỹ Năng Phanh Gấp Câu Hỏi Thường Gặp,ky-nang-phanh-gap-cau-hoi-thuong-gap,blog/an-toan/ky-nang-phanh-gap-cau-hoi-thuong-gap/index.html,blog/an-toan/,,yes,legal-gate,blog/an-toan/; /,none,no,MotoAI Editorial,,,0,,,legal-gate: CLAIM->SUBJECT->CONDITION->RULE->VERSION->PRIMARY SOURCE required
BA-1500,B30,LOCAL,PLANNED,gia lâm và long biên buổi tối,Địa phương / du lịch; gia lâm và long biên buổi tối,local-informational,Gia Lâm và Long Biên Buổi Tối,gia-lam-va-long-bien-buoi-toi,blog/dia-phuong/gia-lam-va-long-bien-buoi-toi/index.html,blog/dia-phuong/,Long Biên,no,no-external,blog/dia-phuong/; /,none,yes,MotoAI Editorial,,,0,,,
BA-1501,B31,APP,PLANNED,web app và app native khác gì nhau tận nơi,App & Ứng dụng; web app và app native khác gì nhau tận nơi,informational-product,Web App và App Native Khác gì Nhau Tận Nơi,web-app-va-app-native-khac-gi-nhau-tan-noi,blog/app/web-app-va-app-native-khac-gi-nhau-tan-noi/index.html,blog/app/,,no,no-external,blog/app/; /,none,yes,MotoAI Editorial,,,0,,,
BA-1502,B31,RENT,PLANNED,thuê wave alpha chạy phố,Thuê xe máy; thuê wave alpha chạy phố,commercial-informational,Thuê Wave Alpha Chạy Phố,thue-wave-alpha-chay-pho,blog/thue-xe/thue-wave-alpha-chay-pho/index.html,blog/thue-xe/,,no,no-external,blog/thue-xe/; /,none,yes,MotoAI Editorial,,,0,,,
BA-1503,B31,EV,PLANNED,chìa khóa xe điện thông minh mùa mưa,Xe điện / xe máy điện; chìa khóa xe điện thông minh mùa mưa,informational-product,Chìa Khóa xe Điện Thông Minh Mùa Mưa,chia-khoa-xe-dien-thong-minh-mua-mua,blog/xe-dien/chia-khoa-xe-dien-thong-minh-mua-mua/index.html,blog/xe-dien/,,no,no-external,blog/xe-dien/; /,none,yes,MotoAI Editorial,,,0,,,
BA-1504,B31,GUIDE,PLANNED,đi đường trường bằng xe thuê tại Hà Nội,Hướng dẫn / thủ tục; đi đường trường bằng xe thuê tại Hà Nội,informational,đi Đường Trường Bằng xe Thuê Tại Hà Nội,di-duong-truong-bang-xe-thue-tai-ha-noi,blog/huong-dan/di-duong-truong-bang-xe-thue-tai-ha-noi/index.html,blog/huong-dan/,,no,no-external,blog/huong-dan/; /,none,yes,MotoAI Editorial,,,0,,,
BA-1505,B31,LOCAL,PLANNED,sông hồng và cầu long biên buổi tối,Địa phương / du lịch; sông hồng và cầu long biên buổi tối,local-informational,Sông Hồng và Cầu Long Biên Buổi Tối,song-hong-va-cau-long-bien-buoi-toi,blog/dia-phuong/song-hong-va-cau-long-bien-buoi-toi/index.html,blog/dia-phuong/,Long Biên,no,no-external,blog/dia-phuong/; /,none,yes,MotoAI Editorial,,,0,,,
BA-1506,B31,APP,PLANNED,đặt xe bằng ứng dụng tận nơi,App & Ứng dụng; đặt xe bằng ứng dụng tận nơi,informational-product,Đặt xe Bằng Ứng Dụng Tận Nơi,dat-xe-bang-ung-dung-tan-noi,blog/app/dat-xe-bang-ung-dung-tan-noi/index.html,blog/app/,,no,no-external,blog/app/; /,none,yes,MotoAI Editorial,,,0,,,
BA-1507,B31,RENT,PLANNED,thuê xe hạng nhẹ chạy phố,Thuê xe máy; thuê xe hạng nhẹ chạy phố,commercial-informational,Thuê xe Hạng Nhẹ Chạy Phố,thue-xe-hang-nhe-chay-pho,blog/thue-xe/thue-xe-hang-nhe-chay-pho/index.html,blog/thue-xe/,,no,no-external,blog/thue-xe/; /,none,yes,MotoAI Editorial,,,0,,,
BA-1508,B31,EV,PLANNED,app mở khóa xe điện mùa mưa,Xe điện / xe máy điện; app mở khóa xe điện mùa mưa,informational-product,App mở Khóa xe Điện Mùa Mưa,app-mo-khoa-xe-dien-mua-mua,blog/xe-dien/app-mo-khoa-xe-dien-mua-mua/index.html,blog/xe-dien/,,no,no-external,blog/xe-dien/; /,none,yes,MotoAI Editorial,,,0,,,
BA-1509,B31,GUIDE,PLANNED,đèo dốc và xe máy thuê tại Hà Nội,Hướng dẫn / thủ tục; đèo dốc và xe máy thuê tại Hà Nội,informational,Đèo Dốc và xe Máy Thuê Tại Hà Nội,deo-doc-va-xe-may-thue-tai-ha-noi,blog/huong-dan/deo-doc-va-xe-may-thue-tai-ha-noi/index.html,blog/huong-dan/,,no,no-external,blog/huong-dan/; /,none,yes,MotoAI Editorial,,,0,,,
BA-1510,B31,LOCAL,PLANNED,chợ long biên đêm buổi tối,Địa phương / du lịch; chợ long biên đêm buổi tối,local-informational,Chợ Long Biên Đêm Buổi Tối,cho-long-bien-dem-buoi-toi,blog/dia-phuong/cho-long-bien-dem-buoi-toi/index.html,blog/dia-phuong/,Long Biên,no,no-external,blog/dia-phuong/; /,none,yes,MotoAI Editorial,,,0,,,
BA-1511,B31,APP,PLANNED,privacy và xử lý cục bộ trong app thuê xe tận nơi,App & Ứng dụng; privacy và xử lý cục bộ trong app thuê xe tận nơi,informational-product,Privacy và xử lý Cục bộ Trong App Thuê xe Tận Nơi,privacy-va-xu-ly-cuc-bo-trong-app-thue-xe-tan-noi,blog/app/privacy-va-xu-ly-cuc-bo-trong-app-thue-xe-tan-noi/index.html,blog/app/,,no,no-external,blog/app/; /,none,yes,MotoAI Editorial,,,0,,,
BA-1512,B31,RENT,PLANNED,so sánh giá các loại xe máy cho thuê chạy phố,Thuê xe máy; so sánh giá các loại xe máy cho thuê chạy phố,commercial-informational,so Sánh Giá Các Loại xe Máy Cho Thuê Chạy Phố,so-sanh-gia-cac-loai-xe-may-cho-thue-chay-pho,blog/thue-xe/so-sanh-gia-cac-loai-xe-may-cho-thue-chay-pho/index.html,blog/thue-xe/,,no,no-external,blog/thue-xe/; /,none,yes,MotoAI Editorial,,,0,,,
BA-1513,B31,EV,PLANNED,cửa hàng cho thuê xe điện mùa mưa,Xe điện / xe máy điện; cửa hàng cho thuê xe điện mùa mưa,informational-product,Cửa Hàng Cho Thuê xe Điện Mùa Mưa,cua-hang-cho-thue-xe-dien-mua-mua,blog/xe-dien/cua-hang-cho-thue-xe-dien-mua-mua/index.html,blog/xe-dien/,,no,no-external,blog/xe-dien/; /,none,yes,MotoAI Editorial,,,0,,,
BA-1514,B31,GUIDE,PLANNED,đường vành đai hà nội tại Hà Nội,Hướng dẫn / thủ tục; đường vành đai hà nội tại Hà Nội,informational,Đường Vành Đai hà Nội Tại Hà Nội,duong-vanh-dai-ha-noi-tai-ha-noi,blog/huong-dan/duong-vanh-dai-ha-noi-tai-ha-noi/index.html,blog/huong-dan/,,no,no-external,blog/huong-dan/; /,none,yes,MotoAI Editorial,,,0,,,
BA-1515,B31,LOCAL,PLANNED,phố cổ ẩm thực xe máy buổi tối,Địa phương / du lịch; phố cổ ẩm thực xe máy buổi tối,local-informational,Phố cổ ẩm Thực xe Máy Buổi Tối,pho-co-am-thuc-xe-may-buoi-toi,blog/dia-phuong/pho-co-am-thuc-xe-may-buoi-toi/index.html,blog/dia-phuong/,Phố cổ,no,no-external,blog/dia-phuong/; /,none,yes,MotoAI Editorial,,,0,,,
BA-1516,B31,APP,PLANNED,app thuê xe cho khách du lịch tận nơi,App & Ứng dụng; app thuê xe cho khách du lịch tận nơi,informational-product,App Thuê xe Cho Khách du Lịch Tận Nơi,app-thue-xe-cho-khach-du-lich-tan-noi,blog/app/app-thue-xe-cho-khach-du-lich-tan-noi/index.html,blog/app/,,no,no-external,blog/app/; /,none,yes,MotoAI Editorial,,,0,,,
BA-1517,B31,RENT,PLANNED,cọc thuê xe máy bao nhiêu chạy phố,Thuê xe máy; cọc thuê xe máy bao nhiêu chạy phố,commercial-informational,Cọc Thuê xe Máy Bao Nhiêu Chạy Phố,coc-thue-xe-may-bao-nhieu-chay-pho,blog/thue-xe/coc-thue-xe-may-bao-nhieu-chay-pho/index.html,blog/thue-xe/,,no,no-external,blog/thue-xe/; /,none,yes,MotoAI Editorial,,,0,,,
BA-1518,B31,EV,PLANNED,dịch vụ sửa xe điện mùa mưa,Xe điện / xe máy điện; dịch vụ sửa xe điện mùa mưa,informational-product,Dịch vụ Sửa xe Điện Mùa Mưa,dich-vu-sua-xe-dien-mua-mua,blog/xe-dien/dich-vu-sua-xe-dien-mua-mua/index.html,blog/xe-dien/,,no,no-external,blog/xe-dien/; /,none,yes,MotoAI Editorial,,,0,,,
BA-1519,B31,GUIDE,PLANNED,trả xe đúng giờ để tránh phí tại Hà Nội,Hướng dẫn / thủ tục; trả xe đúng giờ để tránh phí tại Hà Nội,informational,Trả xe Đúng Giờ để Tránh Phí Tại Hà Nội,tra-xe-dung-gio-de-tranh-phi-tai-ha-noi,blog/huong-dan/tra-xe-dung-gio-de-tranh-phi-tai-ha-noi/index.html,blog/huong-dan/,,no,no-external,blog/huong-dan/; /,none,yes,MotoAI Editorial,,,0,,,
BA-1520,B31,LOCAL,PLANNED,hồ gươm ban đêm buổi tối,Địa phương / du lịch; hồ gươm ban đêm buổi tối,local-informational,hồ Gươm Ban Đêm Buổi Tối,ho-guom-ban-dem-buoi-toi,blog/dia-phuong/ho-guom-ban-dem-buoi-toi/index.html,blog/dia-phuong/,Hà Nội (khu vực),no,no-external,blog/dia-phuong/; /,none,yes,MotoAI Editorial,,,0,,,
BA-1521,B31,APP,PLANNED,ứng dụng thuê xe máy hoạt động ra sao tận nơi,App & Ứng dụng; ứng dụng thuê xe máy hoạt động ra sao tận nơi,informational-product,Ứng Dụng Thuê xe Máy Hoạt Động ra Sao Tận Nơi,ung-dung-thue-xe-may-hoat-dong-ra-sao-tan-noi,blog/app/ung-dung-thue-xe-may-hoat-dong-ra-sao-tan-noi/index.html,blog/app/,,no,no-external,blog/app/; /,none,yes,MotoAI Editorial,,,0,,,
BA-1522,B31,RENT,PLANNED,nhận xe thuê cần gì chạy phố,Thuê xe máy; nhận xe thuê cần gì chạy phố,commercial-informational,Nhận xe Thuê Cần gì Chạy Phố,nhan-xe-thue-can-gi-chay-pho,blog/thue-xe/nhan-xe-thue-can-gi-chay-pho/index.html,blog/thue-xe/,,no,no-external,blog/thue-xe/; /,none,yes,MotoAI Editorial,,,0,,,
BA-1523,B31,EV,PLANNED,kiểm tra xe điện trước khi thuê mùa mưa,Xe điện / xe máy điện; kiểm tra xe điện trước khi thuê mùa mưa,informational-product,Kiểm Tra xe Điện Trước Khi Thuê Mùa Mưa,kiem-tra-xe-dien-truoc-khi-thue-mua-mua,blog/xe-dien/kiem-tra-xe-dien-truoc-khi-thue-mua-mua/index.html,blog/xe-dien/,,no,no-external,blog/xe-dien/; /,none,yes,MotoAI Editorial,,,0,,,
BA-1524,B31,GUIDE,PLANNED,đánh giá cửa hàng sau khi thuê tại Hà Nội,Hướng dẫn / thủ tục; đánh giá cửa hàng sau khi thuê tại Hà Nội,informational,Đánh Giá Cửa Hàng Sau Khi Thuê Tại Hà Nội,danh-gia-cua-hang-sau-khi-thue-tai-ha-noi,blog/huong-dan/danh-gia-cua-hang-sau-khi-thue-tai-ha-noi/index.html,blog/huong-dan/,,no,no-external,blog/huong-dan/; /,none,yes,MotoAI Editorial,,,0,,,
BA-1525,B31,LOCAL,PLANNED,ven đê sông hồng buổi tối,Địa phương / du lịch; ven đê sông hồng buổi tối,local-informational,Ven đê Sông Hồng Buổi Tối,ven-de-song-hong-buoi-toi,blog/dia-phuong/ven-de-song-hong-buoi-toi/index.html,blog/dia-phuong/,Hà Nội (khu vực),no,no-external,blog/dia-phuong/; /,none,yes,MotoAI Editorial,,,0,,,
BA-1526,B31,APP,PLANNED,trợ lý thuê xe máy là gì tận nơi,App & Ứng dụng; trợ lý thuê xe máy là gì tận nơi,informational-product,Trợ lý Thuê xe Máy là gì Tận Nơi,tro-ly-thue-xe-may-la-gi-tan-noi,blog/app/tro-ly-thue-xe-may-la-gi-tan-noi/index.html,blog/app/,,no,no-external,blog/app/; /,none,yes,MotoAI Editorial,,,0,,,
BA-1527,B31,RENT,PLANNED,trả xe thuê đúng giờ chạy phố,Thuê xe máy; trả xe thuê đúng giờ chạy phố,commercial-informational,Trả xe Thuê Đúng Giờ Chạy Phố,tra-xe-thue-dung-gio-chay-pho,blog/thue-xe/tra-xe-thue-dung-gio-chay-pho/index.html,blog/thue-xe/,,no,no-external,blog/thue-xe/; /,none,yes,MotoAI Editorial,,,0,,,
BA-1528,B31,EV,PLANNED,quy trình trả xe điện mùa mưa,Xe điện / xe máy điện; quy trình trả xe điện mùa mưa,informational-product,Quy Trình Trả xe Điện Mùa Mưa,quy-trinh-tra-xe-dien-mua-mua,blog/xe-dien/quy-trinh-tra-xe-dien-mua-mua/index.html,blog/xe-dien/,,no,no-external,blog/xe-dien/; /,none,yes,MotoAI Editorial,,,0,,,
BA-1529,B31,GUIDE,PLANNED,thủ tục thuê xe máy checklist,Hướng dẫn / thủ tục; thủ tục thuê xe máy checklist,informational,Thủ Tục Thuê xe Máy Checklist,thu-tuc-thue-xe-may-checklist,blog/huong-dan/thu-tuc-thue-xe-may-checklist/index.html,blog/huong-dan/,,no,no-external,blog/huong-dan/; /,none,yes,MotoAI Editorial,,,0,,,
BA-1530,B31,LOCAL,PLANNED,cột cờ hoàng thành buổi tối,Địa phương / du lịch; cột cờ hoàng thành buổi tối,local-informational,Cột cờ Hoàng Thành Buổi Tối,cot-co-hoang-thanh-buoi-toi,blog/dia-phuong/cot-co-hoang-thanh-buoi-toi/index.html,blog/dia-phuong/,Hà Nội (khu vực),no,no-external,blog/dia-phuong/; /,none,yes,MotoAI Editorial,,,0,,,
BA-1531,B31,APP,PLANNED,tìm xe máy thuê bằng ứng dụng tận nơi,App & Ứng dụng; tìm xe máy thuê bằng ứng dụng tận nơi,informational-product,Tìm xe Máy Thuê Bằng Ứng Dụng Tận Nơi,tim-xe-may-thue-bang-ung-dung-tan-noi,blog/app/tim-xe-may-thue-bang-ung-dung-tan-noi/index.html,blog/app/,,no,no-external,blog/app/; /,none,yes,MotoAI Editorial,,,0,,,
BA-1532,B31,RENT,PLANNED,phí trễ hạn khi thuê xe chạy phố,Thuê xe máy; phí trễ hạn khi thuê xe chạy phố,commercial-informational,Phí Trễ Hạn Khi Thuê xe Chạy Phố,phi-tre-han-khi-thue-xe-chay-pho,blog/thue-xe/phi-tre-han-khi-thue-xe-chay-pho/index.html,blog/thue-xe/,,no,no-external,blog/thue-xe/; /,none,yes,MotoAI Editorial,,,0,,,
BA-1533,B31,EV,PLANNED,pin chảy khi không dùng mùa mưa,Xe điện / xe máy điện; pin chảy khi không dùng mùa mưa,informational-product,Pin Chảy Khi Không Dùng Mùa Mưa,pin-chay-khi-khong-dung-mua-mua,blog/xe-dien/pin-chay-khi-khong-dung-mua-mua/index.html,blog/xe-dien/,,no,no-external,blog/xe-dien/; /,none,yes,MotoAI Editorial,,,0,,,
BA-1534,B31,GUIDE,PLANNED,giấy tờ cần khi thuê xe checklist,Hướng dẫn / thủ tục; giấy tờ cần khi thuê xe checklist,informational,Giấy tờ Cần Khi Thuê xe Checklist,giay-to-can-khi-thue-xe-checklist,blog/huong-dan/giay-to-can-khi-thue-xe-checklist/index.html,blog/huong-dan/,,no,no-external,blog/huong-dan/; /,none,yes,MotoAI Editorial,,,0,,,
BA-1535,B31,LOCAL,PLANNED,lăng chủ tích qua phố buổi tối,Địa phương / du lịch; lăng chủ tích qua phố buổi tối,local-informational,Lăng Chủ Tích Qua Phố Buổi Tối,lang-chu-tich-qua-pho-buoi-toi,blog/dia-phuong/lang-chu-tich-qua-pho-buoi-toi/index.html,blog/dia-phuong/,Hà Nội (khu vực),no,no-external,blog/dia-phuong/; /,none,yes,MotoAI Editorial,,,0,,,
BA-1536,B31,APP,PLANNED,so sánh cách thuê xe truyền thống và qua app tận nơi,App & Ứng dụng; so sánh cách thuê xe truyền thống và qua app tận nơi,informational-product,so Sánh Cách Thuê xe Truyền Thống và Qua App Tận Nơi,so-sanh-cach-thue-xe-truyen-thong-va-qua-app-tan-noi,blog/app/so-sanh-cach-thue-xe-truyen-thong-va-qua-app-tan-noi/index.html,blog/app/,,no,no-external,blog/app/; /,none,yes,MotoAI Editorial,,,0,,,
BA-1537,B31,RENT,PLANNED,kiểm tra xe trước khi nhận chạy phố,Thuê xe máy; kiểm tra xe trước khi nhận chạy phố,commercial-informational,Kiểm Tra xe Trước Khi Nhận Chạy Phố,kiem-tra-xe-truoc-khi-nhan-chay-pho,blog/thue-xe/kiem-tra-xe-truoc-khi-nhan-chay-pho/index.html,blog/thue-xe/,,no,no-external,blog/thue-xe/; /,none,yes,MotoAI Editorial,,,0,,,
BA-1538,B31,EV,PLANNED,bảo quản xe điện mùa mưa mùa mưa,Xe điện / xe máy điện; bảo quản xe điện mùa mưa mùa mưa,informational-product,Bảo Quản xe Điện Mùa Mưa Mùa Mưa,bao-quan-xe-dien-mua-mua-mua-mua,blog/xe-dien/bao-quan-xe-dien-mua-mua-mua-mua/index.html,blog/xe-dien/,,no,no-external,blog/xe-dien/; /,none,yes,MotoAI Editorial,,,0,,,
BA-1539,B31,GUIDE,PLANNED,hướng dẫn đặt xe nhanh checklist,Hướng dẫn / thủ tục; hướng dẫn đặt xe nhanh checklist,informational,Hướng Dẫn Đặt xe Nhanh Checklist,huong-dan-dat-xe-nhanh-checklist,blog/huong-dan/huong-dan-dat-xe-nhanh-checklist/index.html,blog/huong-dan/,,no,no-external,blog/huong-dan/; /,none,yes,MotoAI Editorial,,,0,,,
BA-1540,B31,LOCAL,PLANNED,bảo tàng hà nội hành trình buổi tối,Địa phương / du lịch; bảo tàng hà nội hành trình buổi tối,local-informational,Bảo Tàng hà Nội Hành Trình Buổi Tối,bao-tang-ha-noi-hanh-trinh-buoi-toi,blog/dia-phuong/bao-tang-ha-noi-hanh-trinh-buoi-toi/index.html,blog/dia-phuong/,hà Nội,no,no-external,blog/dia-phuong/; /,none,yes,MotoAI Editorial,,,0,,,
BA-1541,B31,APP,PLANNED,ứng dụng web thuê xe máy tận nơi,App & Ứng dụng; ứng dụng web thuê xe máy tận nơi,informational-product,Ứng Dụng Web Thuê xe Máy Tận Nơi,ung-dung-web-thue-xe-may-tan-noi,blog/app/ung-dung-web-thue-xe-may-tan-noi/index.html,blog/app/,,no,no-external,blog/app/; /,none,yes,MotoAI Editorial,,,0,,,
BA-1542,B31,RENT,PLANNED,điều kiện thuê xe máy ở hà nội chạy phố,Thuê xe máy; điều kiện thuê xe máy ở hà nội chạy phố,commercial-informational,Điều Kiện Thuê xe Máy ở hà Nội Chạy Phố,dieu-kien-thue-xe-may-o-ha-noi-chay-pho,blog/thue-xe/dieu-kien-thue-xe-may-o-ha-noi-chay-pho/index.html,blog/thue-xe/,,no,no-external,blog/thue-xe/; /,none,yes,MotoAI Editorial,,,0,,,
BA-1543,B31,EV,PLANNED,xe điện cho thành phố nhỏ mùa mưa,Xe điện / xe máy điện; xe điện cho thành phố nhỏ mùa mưa,informational-product,xe Điện Cho Thành Phố Nhỏ Mùa Mưa,xe-dien-cho-thanh-pho-nho-mua-mua,blog/xe-dien/xe-dien-cho-thanh-pho-nho-mua-mua/index.html,blog/xe-dien/,,no,no-external,blog/xe-dien/; /,none,yes,MotoAI Editorial,,,0,,,
BA-1544,B31,GUIDE,PLANNED,quy trình nhận xe checklist,Hướng dẫn / thủ tục; quy trình nhận xe checklist,informational,Quy Trình Nhận xe Checklist,quy-trinh-nhan-xe-checklist,blog/huong-dan/quy-trinh-nhan-xe-checklist/index.html,blog/huong-dan/,,no,no-external,blog/huong-dan/; /,none,yes,MotoAI Editorial,,,0,,,
BA-1545,B31,LOCAL,PLANNED,phố sách hà nội buổi tối,Địa phương / du lịch; phố sách hà nội buổi tối,local-informational,Phố Sách hà Nội Buổi Tối,pho-sach-ha-noi-buoi-toi,blog/dia-phuong/pho-sach-ha-noi-buoi-toi/index.html,blog/dia-phuong/,hà Nội,no,no-external,blog/dia-phuong/; /,none,yes,MotoAI Editorial,,,0,,,
BA-1546,B31,APP,PLANNED,công cụ tính giá thuê xe máy online tận nơi,App & Ứng dụng; công cụ tính giá thuê xe máy online tận nơi,informational-product,Công cụ Tính Giá Thuê xe Máy Online Tận Nơi,cong-cu-tinh-gia-thue-xe-may-online-tan-noi,blog/app/cong-cu-tinh-gia-thue-xe-may-online-tan-noi/index.html,blog/app/,,no,no-external,blog/app/; /,none,yes,MotoAI Editorial,,,0,,,
BA-1547,B31,RENT,PLANNED,thuê xe không bằng lái được không chạy phố,Thuê xe máy; thuê xe không bằng lái được không chạy phố,commercial-informational,Thuê xe Không Bằng Lái Được Không Chạy Phố,thue-xe-khong-bang-lai-duoc-khong-chay-pho,blog/thue-xe/thue-xe-khong-bang-lai-duoc-khong-chay-pho/index.html,blog/thue-xe/,,no,no-external,blog/thue-xe/; /,none,yes,MotoAI Editorial,,,0,,,
BA-1548,B31,EV,PLANNED,tương lai xe điện cho thuê mùa mưa,Xe điện / xe máy điện; tương lai xe điện cho thuê mùa mưa,informational-product,Tương Lai xe Điện Cho Thuê Mùa Mưa,tuong-lai-xe-dien-cho-thue-mua-mua,blog/xe-dien/tuong-lai-xe-dien-cho-thue-mua-mua/index.html,blog/xe-dien/,,no,no-external,blog/xe-dien/; /,none,yes,MotoAI Editorial,,,0,,,
BA-1549,B31,GUIDE,PLANNED,quy trình trả xe checklist,Hướng dẫn / thủ tục; quy trình trả xe checklist,informational,Quy Trình Trả xe Checklist,quy-trinh-tra-xe-checklist,blog/huong-dan/quy-trinh-tra-xe-checklist/index.html,blog/huong-dan/,,no,no-external,blog/huong-dan/; /,none,yes,MotoAI Editorial,,,0,,,
BA-1550,B31,LOCAL,PLANNED,nhà thờ lớn hà nội buổi tối,Địa phương / du lịch; nhà thờ lớn hà nội buổi tối,local-informational,Nhà Thờ Lớn hà Nội Buổi Tối,nha-tho-lon-ha-noi-buoi-toi,blog/dia-phuong/nha-tho-lon-ha-noi-buoi-toi/index.html,blog/dia-phuong/,hà Nội,no,no-external,blog/dia-phuong/; /,none,yes,MotoAI Editorial,,,0,,,
BA-1551,B32,APP,PLANNED,hỏi đáp với Agent thuê xe tận nơi,App & Ứng dụng; hỏi đáp với Agent thuê xe tận nơi,informational-product,Hỏi Đáp Với Agent Thuê xe Tận Nơi,hoi-dap-voi-agent-thue-xe-tan-noi,blog/app/hoi-dap-voi-agent-thue-xe-tan-noi/index.html,blog/app/,,no,no-external,blog/app/; /,none,yes,MotoAI Editorial,,,0,,,
BA-1552,B32,RENT,PLANNED,bằng lái a1 và thuê xe máy chạy phố,Thuê xe máy; bằng lái a1 và thuê xe máy chạy phố,commercial-informational,Bằng Lái a1 và Thuê xe Máy Chạy Phố,bang-lai-a1-va-thue-xe-may-chay-pho,blog/thue-xe/bang-lai-a1-va-thue-xe-may-chay-pho/index.html,blog/thue-xe/,,no,no-external,blog/thue-xe/; /,none,yes,MotoAI Editorial,,,0,,,
BA-1553,B32,EV,PLANNED,app thuê xe điện dài hạn,Xe điện / xe máy điện; app thuê xe điện dài hạn,informational-product,App Thuê xe Điện Dài Hạn,app-thue-xe-dien-dai-han,blog/xe-dien/app-thue-xe-dien-dai-han/index.html,blog/xe-dien/,,no,no-external,blog/xe-dien/; /,none,yes,MotoAI Editorial,,,0,,,
BA-1554,B32,GUIDE,PLANNED,kiểm tra xe khi nhận checklist,Hướng dẫn / thủ tục; kiểm tra xe khi nhận checklist,informational,Kiểm Tra xe Khi Nhận Checklist,kiem-tra-xe-khi-nhan-checklist,blog/huong-dan/kiem-tra-xe-khi-nhan-checklist/index.html,blog/huong-dan/,,no,no-external,blog/huong-dan/; /,none,yes,MotoAI Editorial,,,0,,,
BA-1555,B32,LOCAL,PLANNED,làng gốm bát tràng buổi tối,Địa phương / du lịch; làng gốm bát tràng buổi tối,local-informational,Làng Gốm Bát Tràng Buổi Tối,lang-gom-bat-trang-buoi-toi,blog/dia-phuong/lang-gom-bat-trang-buoi-toi/index.html,blog/dia-phuong/,Hà Nội (khu vực),no,no-external,blog/dia-phuong/; /,none,yes,MotoAI Editorial,,,0,,,
BA-1556,B32,APP,PLANNED,cách hỏi giá xe nhanh bằng chatbot tận nơi,App & Ứng dụng; cách hỏi giá xe nhanh bằng chatbot tận nơi,informational-product,Cách Hỏi Giá xe Nhanh Bằng Chatbot Tận Nơi,cach-hoi-gia-xe-nhanh-bang-chatbot-tan-noi,blog/app/cach-hoi-gia-xe-nhanh-bang-chatbot-tan-noi/index.html,blog/app/,,no,no-external,blog/app/; /,none,yes,MotoAI Editorial,,,0,,,
BA-1557,B32,RENT,PLANNED,người nước ngoài thuê xe máy việt nam chạy phố,Thuê xe máy; người nước ngoài thuê xe máy việt nam chạy phố,commercial-informational,Người Nước Ngoài Thuê xe Máy Việt Nam Chạy Phố,nguoi-nuoc-ngoai-thue-xe-may-viet-nam-chay-pho,blog/thue-xe/nguoi-nuoc-ngoai-thue-xe-may-viet-nam-chay-pho/index.html,blog/thue-xe/,,no,no-external,blog/thue-xe/; /,none,yes,MotoAI Editorial,,,0,,,
BA-1558,B32,EV,PLANNED,ứng dụng thuê xe máy điện dài hạn,Xe điện / xe máy điện; ứng dụng thuê xe máy điện dài hạn,informational-product,Ứng Dụng Thuê xe Máy Điện Dài Hạn,ung-dung-thue-xe-may-dien-dai-han,blog/xe-dien/ung-dung-thue-xe-may-dien-dai-han/index.html,blog/xe-dien/,,no,no-external,blog/xe-dien/; /,none,yes,MotoAI Editorial,,,0,,,
BA-1559,B32,GUIDE,PLANNED,hợp đồng thuê xe cần những gì checklist,Hướng dẫn / thủ tục; hợp đồng thuê xe cần những gì checklist,informational,Hợp Đồng Thuê xe Cần Những gì Checklist,hop-dong-thue-xe-can-nhung-gi-checklist,blog/huong-dan/hop-dong-thue-xe-can-nhung-gi-checklist/index.html,blog/huong-dan/,,no,no-external,blog/huong-dan/; /,none,yes,MotoAI Editorial,,,0,,,
BA-1560,B32,LOCAL,PLANNED,bát tràng gốm xe máy buổi tối,Địa phương / du lịch; bát tràng gốm xe máy buổi tối,local-informational,Bát Tràng Gốm xe Máy Buổi Tối,bat-trang-gom-xe-may-buoi-toi,blog/dia-phuong/bat-trang-gom-xe-may-buoi-toi/index.html,blog/dia-phuong/,Hà Nội (khu vực),no,no-external,blog/dia-phuong/; /,none,yes,MotoAI Editorial,,,0,,,
BA-1561,B32,APP,PLANNED,gợi ý chọn xe máy phù hợp tận nơi,App & Ứng dụng; gợi ý chọn xe máy phù hợp tận nơi,informational-product,Gợi ý Chọn xe Máy Phù Hợp Tận Nơi,goi-y-chon-xe-may-phu-hop-tan-noi,blog/app/goi-y-chon-xe-may-phu-hop-tan-noi/index.html,blog/app/,,no,no-external,blog/app/; /,none,yes,MotoAI Editorial,,,0,,,
BA-1562,B32,RENT,PLANNED,khách du lịch thuê xe máy chạy phố,Thuê xe máy; khách du lịch thuê xe máy chạy phố,commercial-informational,Khách du Lịch Thuê xe Máy Chạy Phố,khach-du-lich-thue-xe-may-chay-pho,blog/thue-xe/khach-du-lich-thue-xe-may-chay-pho/index.html,blog/thue-xe/,,no,no-external,blog/thue-xe/; /,none,yes,MotoAI Editorial,,,0,,,
BA-1563,B32,EV,PLANNED,chọn xe điện phù hợp dài hạn,Xe điện / xe máy điện; chọn xe điện phù hợp dài hạn,informational-product,Chọn xe Điện Phù Hợp Dài Hạn,chon-xe-dien-phu-hop-dai-han,blog/xe-dien/chon-xe-dien-phu-hop-dai-han/index.html,blog/xe-dien/,,no,no-external,blog/xe-dien/; /,none,yes,MotoAI Editorial,,,0,,,
BA-1564,B32,GUIDE,PLANNED,đặt cọc thế nào checklist,Hướng dẫn / thủ tục; đặt cọc thế nào checklist,informational,Đặt Cọc Thế Nào Checklist,dat-coc-the-nao-checklist,blog/huong-dan/dat-coc-the-nao-checklist/index.html,blog/huong-dan/,,no,no-external,blog/huong-dan/; /,none,yes,MotoAI Editorial,,,0,,,
BA-1565,B32,LOCAL,PLANNED,đường đồng by bike buổi tối,Địa phương / du lịch; đường đồng by bike buổi tối,local-informational,Đường Đồng by Bike Buổi Tối,duong-dong-by-bike-buoi-toi,blog/dia-phuong/duong-dong-by-bike-buoi-toi/index.html,blog/dia-phuong/,Hà Nội (khu vực),no,no-external,blog/dia-phuong/; /,none,yes,MotoAI Editorial,,,0,,,
BA-1566,B32,APP,PLANNED,tính chi phí thuê xe theo ngày tuần tháng tận nơi,App & Ứng dụng; tính chi phí thuê xe theo ngày tuần tháng tận nơi,informational-product,Tính Chi Phí Thuê xe Theo Ngày Tuần Tháng Tận Nơi,tinh-chi-phi-thue-xe-theo-ngay-tuan-thang-tan-noi,blog/app/tinh-chi-phi-thue-xe-theo-ngay-tuan-thang-tan-noi/index.html,blog/app/,,no,no-external,blog/app/; /,none,yes,MotoAI Editorial,,,0,,,
BA-1567,B32,RENT,PLANNED,thuê xe cho người cao tuổi chạy phố,Thuê xe máy; thuê xe cho người cao tuổi chạy phố,commercial-informational,Thuê xe Cho Người Cao Tuổi Chạy Phố,thue-xe-cho-nguoi-cao-tuoi-chay-pho,blog/thue-xe/thue-xe-cho-nguoi-cao-tuoi-chay-pho/index.html,blog/thue-xe/,,no,no-external,blog/thue-xe/; /,none,yes,MotoAI Editorial,,,0,,,
BA-1568,B32,EV,PLANNED,thuê xe điện theo ngày dài hạn,Xe điện / xe máy điện; thuê xe điện theo ngày dài hạn,informational-product,Thuê xe Điện Theo Ngày Dài Hạn,thue-xe-dien-theo-ngay-dai-han,blog/xe-dien/thue-xe-dien-theo-ngay-dai-han/index.html,blog/xe-dien/,,no,no-external,blog/xe-dien/; /,none,yes,MotoAI Editorial,,,0,,,
BA-1569,B32,GUIDE,PLANNED,nhận lại tiền cọc checklist,Hướng dẫn / thủ tục; nhận lại tiền cọc checklist,informational,Nhận Lại Tiền Cọc Checklist,nhan-lai-tien-coc-checklist,blog/huong-dan/nhan-lai-tien-coc-checklist/index.html,blog/huong-dan/,,no,no-external,blog/huong-dan/; /,none,yes,MotoAI Editorial,,,0,,,
BA-1570,B32,LOCAL,PLANNED,văn giang ev and bikes buổi tối,Địa phương / du lịch; văn giang ev and bikes buổi tối,local-informational,Văn Giang ev And Bikes Buổi Tối,van-giang-ev-and-bikes-buoi-toi,blog/dia-phuong/van-giang-ev-and-bikes-buoi-toi/index.html,blog/dia-phuong/,Hà Nội (khu vực),no,no-external,blog/dia-phuong/; /,none,yes,MotoAI Editorial,,,0,,,
BA-1571,B32,APP,PLANNED,ứng dụng tìm xe máy giá tốt tận nơi,App & Ứng dụng; ứng dụng tìm xe máy giá tốt tận nơi,informational-product,Ứng Dụng Tìm xe Máy Giá Tốt Tận Nơi,ung-dung-tim-xe-may-gia-tot-tan-noi,blog/app/ung-dung-tim-xe-may-gia-tot-tan-noi/index.html,blog/app/,,no,no-external,blog/app/; /,none,yes,MotoAI Editorial,,,0,,,
BA-1572,B32,RENT,PLANNED,thuê xe hai người chạy phố,Thuê xe máy; thuê xe hai người chạy phố,commercial-informational,Thuê xe Hai Người Chạy Phố,thue-xe-hai-nguoi-chay-pho,blog/thue-xe/thue-xe-hai-nguoi-chay-pho/index.html,blog/thue-xe/,,no,no-external,blog/thue-xe/; /,none,yes,MotoAI Editorial,,,0,,,
BA-1573,B32,EV,PLANNED,thuê xe điện dài ngày dài hạn,Xe điện / xe máy điện; thuê xe điện dài ngày dài hạn,informational-product,Thuê xe Điện Dài Ngày Dài Hạn,thue-xe-dien-dai-ngay-dai-han,blog/xe-dien/thue-xe-dien-dai-ngay-dai-han/index.html,blog/xe-dien/,,no,no-external,blog/xe-dien/; /,none,yes,MotoAI Editorial,,,0,,,
BA-1574,B32,GUIDE,PLANNED,chụp ảnh xe trước khi nhận checklist,Hướng dẫn / thủ tục; chụp ảnh xe trước khi nhận checklist,informational,Chụp Ảnh xe Trước Khi Nhận Checklist,chup-anh-xe-truoc-khi-nhan-checklist,blog/huong-dan/chup-anh-xe-truoc-khi-nhan-checklist/index.html,blog/huong-dan/,,no,no-external,blog/huong-dan/; /,none,yes,MotoAI Editorial,,,0,,,
BA-1575,B32,LOCAL,PLANNED,chùa và Hà Nội buổi tối,Địa phương / du lịch; chùa và Hà Nội buổi tối,local-informational,Chùa và Hà Nội Buổi Tối,chua-va-ha-noi-buoi-toi,blog/dia-phuong/chua-va-ha-noi-buoi-toi/index.html,blog/dia-phuong/,Hà Nội (khu vực),no,no-external,blog/dia-phuong/; /,none,yes,MotoAI Editorial,,,0,,,
BA-1576,B32,APP,PLANNED,app hỗ trợ thủ tục thuê xe tận nơi,App & Ứng dụng; app hỗ trợ thủ tục thuê xe tận nơi,informational-product,App hỗ Trợ Thủ Tục Thuê xe Tận Nơi,app-ho-tro-thu-tuc-thue-xe-tan-noi,blog/app/app-ho-tro-thu-tuc-thue-xe-tan-noi/index.html,blog/app/,,no,no-external,blog/app/; /,none,yes,MotoAI Editorial,,,0,,,
BA-1577,B32,RENT,PLANNED,chở người thân trên xe thuê chạy phố,Thuê xe máy; chở người thân trên xe thuê chạy phố,commercial-informational,Chở Người Thân Trên xe Thuê Chạy Phố,cho-nguoi-than-tren-xe-thue-chay-pho,blog/thue-xe/cho-nguoi-than-tren-xe-thue-chay-pho/index.html,blog/thue-xe/,,no,no-external,blog/thue-xe/; /,none,yes,MotoAI Editorial,,,0,,,
BA-1578,B32,EV,PLANNED,pin của xe máy điện dài hạn,Xe điện / xe máy điện; pin của xe máy điện dài hạn,informational-product,Pin Của xe Máy Điện Dài Hạn,pin-cua-xe-may-dien-dai-han,blog/xe-dien/pin-cua-xe-may-dien-dai-han/index.html,blog/xe-dien/,,no,no-external,blog/xe-dien/; /,none,yes,MotoAI Editorial,,,0,,,
BA-1579,B32,GUIDE,PLANNED,nhiên liệu khi nhận trả xe checklist,Hướng dẫn / thủ tục; nhiên liệu khi nhận trả xe checklist,informational,Nhiên Liệu Khi Nhận Trả xe Checklist,nhien-lieu-khi-nhan-tra-xe-checklist,blog/huong-dan/nhien-lieu-khi-nhan-tra-xe-checklist/index.html,blog/huong-dan/,,no,no-external,blog/huong-dan/; /,none,yes,MotoAI Editorial,,,0,,,
BA-1580,B32,LOCAL,PLANNED,đền nguyễn cần bằng xe buổi tối,Địa phương / du lịch; đền nguyễn cần bằng xe buổi tối,local-informational,Đền Nguyễn Cần Bằng xe Buổi Tối,den-nguyen-can-bang-xe-buoi-toi,blog/dia-phuong/den-nguyen-can-bang-xe-buoi-toi/index.html,blog/dia-phuong/,Hà Nội (khu vực),no,no-external,blog/dia-phuong/; /,none,yes,MotoAI Editorial,,,0,,,
BA-1581,B32,APP,PLANNED,công cụ chọn xe theo kinh nghiệm lái tận nơi,App & Ứng dụng; công cụ chọn xe theo kinh nghiệm lái tận nơi,informational-product,Công cụ Chọn xe Theo Kinh Nghiệm Lái Tận Nơi,cong-cu-chon-xe-theo-kinh-nghiem-lai-tan-noi,blog/app/cong-cu-chon-xe-theo-kinh-nghiem-lai-tan-noi/index.html,blog/app/,,no,no-external,blog/app/; /,none,yes,MotoAI Editorial,,,0,,,
BA-1582,B32,RENT,PLANNED,đi phố cổ bằng xe máy thuê chạy phố,Thuê xe máy; đi phố cổ bằng xe máy thuê chạy phố,commercial-informational,đi Phố cổ Bằng xe Máy Thuê Chạy Phố,di-pho-co-bang-xe-may-thue-chay-pho,blog/thue-xe/di-pho-co-bang-xe-may-thue-chay-pho/index.html,blog/thue-xe/,,no,no-external,blog/thue-xe/; /,none,yes,MotoAI Editorial,,,0,,,
BA-1583,B32,EV,PLANNED,phạm vi hoạt động của xe điện dài hạn,Xe điện / xe máy điện; phạm vi hoạt động của xe điện dài hạn,informational-product,Phạm vi Hoạt Động Của xe Điện Dài Hạn,pham-vi-hoat-dong-cua-xe-dien-dai-han,blog/xe-dien/pham-vi-hoat-dong-cua-xe-dien-dai-han/index.html,blog/xe-dien/,,no,no-external,blog/xe-dien/; /,none,yes,MotoAI Editorial,,,0,,,
BA-1584,B32,GUIDE,PLANNED,giao xe tận nơi thủ tục checklist,Hướng dẫn / thủ tục; giao xe tận nơi thủ tục checklist,informational,Giao xe Tận Nơi Thủ Tục Checklist,giao-xe-tan-noi-thu-tuc-checklist,blog/huong-dan/giao-xe-tan-noi-thu-tuc-checklist/index.html,blog/huong-dan/,,no,no-external,blog/huong-dan/; /,none,yes,MotoAI Editorial,,,0,,,
BA-1585,B32,LOCAL,PLANNED,quảng đi long biên view buổi tối,Địa phương / du lịch; quảng đi long biên view buổi tối,local-informational,Quảng đi Long Biên View Buổi Tối,quang-di-long-bien-view-buoi-toi,blog/dia-phuong/quang-di-long-bien-view-buoi-toi/index.html,blog/dia-phuong/,Long Biên,no,no-external,blog/dia-phuong/; /,none,yes,MotoAI Editorial,,,0,,,
BA-1586,B32,APP,PLANNED,chatbot thuê xe máy có đáng tin không tận nơi,App & Ứng dụng; chatbot thuê xe máy có đáng tin không tận nơi,informational-product,Chatbot Thuê xe Máy có Đáng Tin Không Tận Nơi,chatbot-thue-xe-may-co-dang-tin-khong-tan-noi,blog/app/chatbot-thue-xe-may-co-dang-tin-khong-tan-noi/index.html,blog/app/,,no,no-external,blog/app/; /,none,yes,MotoAI Editorial,,,0,,,
BA-1587,B32,RENT,PLANNED,thuê xe dài ngày giá tốt chạy phố,Thuê xe máy; thuê xe dài ngày giá tốt chạy phố,commercial-informational,Thuê xe Dài Ngày Giá Tốt Chạy Phố,thue-xe-dai-ngay-gia-tot-chay-pho,blog/thue-xe/thue-xe-dai-ngay-gia-tot-chay-pho/index.html,blog/thue-xe/,,no,no-external,blog/thue-xe/; /,none,yes,MotoAI Editorial,,,0,,,
BA-1588,B32,EV,PLANNED,hướng dẫn sử dụng xe máy điện dài hạn,Xe điện / xe máy điện; hướng dẫn sử dụng xe máy điện dài hạn,informational-product,Hướng Dẫn sử Dụng xe Máy Điện Dài Hạn,huong-dan-su-dung-xe-may-dien-dai-han,blog/xe-dien/huong-dan-su-dung-xe-may-dien-dai-han/index.html,blog/xe-dien/,,no,no-external,blog/xe-dien/; /,none,yes,MotoAI Editorial,,,0,,,
BA-1589,B32,GUIDE,PLANNED,hủy đặt xe đúng cách checklist,Hướng dẫn / thủ tục; hủy đặt xe đúng cách checklist,informational,Hủy Đặt xe Đúng Cách Checklist,huy-dat-xe-dung-cach-checklist,blog/huong-dan/huy-dat-xe-dung-cach-checklist/index.html,blog/huong-dan/,,no,no-external,blog/huong-dan/; /,none,yes,MotoAI Editorial,,,0,,,
BA-1590,B32,LOCAL,PLANNED,hoàng hôn hồ tây buổi tối,Địa phương / du lịch; hoàng hôn hồ tây buổi tối,local-informational,Hoàng Hôn hồ Tây Buổi Tối,hoang-hon-ho-tay-buoi-toi,blog/dia-phuong/hoang-hon-ho-tay-buoi-toi/index.html,blog/dia-phuong/,hồ Tây,no,no-external,blog/dia-phuong/; /,none,yes,MotoAI Editorial,,,0,,,
BA-1591,B32,APP,PLANNED,xử lý dữ liệu cá nhân khi thuê xe online tận nơi,App & Ứng dụng; xử lý dữ liệu cá nhân khi thuê xe online tận nơi,informational-product,xử lý dữ Liệu cá Nhân Khi Thuê xe Online Tận Nơi,xu-ly-du-lieu-ca-nhan-khi-thue-xe-online-tan-noi,blog/app/xu-ly-du-lieu-ca-nhan-khi-thue-xe-online-tan-noi/index.html,blog/app/,,no,no-external,blog/app/; /,none,yes,MotoAI Editorial,,,0,,,
BA-1592,B32,RENT,PLANNED,ưu đãi thuê xe dài hạn chạy phố,Thuê xe máy; ưu đãi thuê xe dài hạn chạy phố,commercial-informational,ưu Đãi Thuê xe Dài Hạn Chạy Phố,uu-dai-thue-xe-dai-han-chay-pho,blog/thue-xe/uu-dai-thue-xe-dai-han-chay-pho/index.html,blog/thue-xe/,,no,no-external,blog/thue-xe/; /,none,yes,MotoAI Editorial,,,0,,,
BA-1593,B32,EV,PLANNED,khác biệt xe điện và xe xăng dài hạn,Xe điện / xe máy điện; khác biệt xe điện và xe xăng dài hạn,informational-product,Khác Biệt xe Điện và xe Xăng Dài Hạn,khac-biet-xe-dien-va-xe-xang-dai-han,blog/xe-dien/khac-biet-xe-dien-va-xe-xang-dai-han/index.html,blog/xe-dien/,,no,no-external,blog/xe-dien/; /,none,yes,MotoAI Editorial,,,0,,,
BA-1594,B32,GUIDE,PLANNED,đổi xe giữa kỳ thuê checklist,Hướng dẫn / thủ tục; đổi xe giữa kỳ thuê checklist,informational,Đổi xe Giữa kỳ Thuê Checklist,doi-xe-giua-ky-thue-checklist,blog/huong-dan/doi-xe-giua-ky-thue-checklist/index.html,blog/huong-dan/,,no,no-external,blog/huong-dan/; /,none,yes,MotoAI Editorial,,,0,,,
BA-1595,B32,LOCAL,PLANNED,chạy buổi sáng hồ gươm buổi tối,Địa phương / du lịch; chạy buổi sáng hồ gươm buổi tối,local-informational,Chạy Buổi Sáng hồ Gươm Buổi Tối,chay-buoi-sang-ho-guom-buoi-toi,blog/dia-phuong/chay-buoi-sang-ho-guom-buoi-toi/index.html,blog/dia-phuong/,Hà Nội (khu vực),no,no-external,blog/dia-phuong/; /,none,yes,MotoAI Editorial,,,0,,,
BA-1596,B32,APP,PLANNED,kịch bản dùng app thuê xe cho người mới tận nơi,App & Ứng dụng; kịch bản dùng app thuê xe cho người mới tận nơi,informational-product,Kịch Bản Dùng App Thuê xe Cho Người Mới Tận Nơi,kich-ban-dung-app-thue-xe-cho-nguoi-moi-tan-noi,blog/app/kich-ban-dung-app-thue-xe-cho-nguoi-moi-tan-noi/index.html,blog/app/,,no,no-external,blog/app/; /,none,yes,MotoAI Editorial,,,0,,,
BA-1597,B32,RENT,PLANNED,mùa cao điểm thuê xe máy chạy phố,Thuê xe máy; mùa cao điểm thuê xe máy chạy phố,commercial-informational,Mùa Cao Điểm Thuê xe Máy Chạy Phố,mua-cao-diem-thue-xe-may-chay-pho,blog/thue-xe/mua-cao-diem-thue-xe-may-chay-pho/index.html,blog/thue-xe/,,no,no-external,blog/thue-xe/; /,none,yes,MotoAI Editorial,,,0,,,
BA-1598,B32,EV,PLANNED,sạc pin xe điện ở đâu dài hạn,Xe điện / xe máy điện; sạc pin xe điện ở đâu dài hạn,informational-product,Sạc Pin xe Điện ở Đâu Dài Hạn,sac-pin-xe-dien-o-dau-dai-han,blog/xe-dien/sac-pin-xe-dien-o-dau-dai-han/index.html,blog/xe-dien/,,no,no-external,blog/xe-dien/; /,none,yes,MotoAI Editorial,,,0,,,
BA-1599,B32,GUIDE,PLANNED,gia hạn thời gian thuê checklist,Hướng dẫn / thủ tục; gia hạn thời gian thuê checklist,informational,Gia Hạn Thời Gian Thuê Checklist,gia-han-thoi-gian-thue-checklist,blog/huong-dan/gia-han-thoi-gian-thue-checklist/index.html,blog/huong-dan/,,no,no-external,blog/huong-dan/; /,none,yes,MotoAI Editorial,,,0,,,
BA-1600,B32,LOCAL,PLANNED,cà phê phố cổ buổi tối,Địa phương / du lịch; cà phê phố cổ buổi tối,local-informational,cà Phê Phố cổ Buổi Tối,ca-phe-pho-co-buoi-toi,blog/dia-phuong/ca-phe-pho-co-buoi-toi/index.html,blog/dia-phuong/,Phố cổ,no,no-external,blog/dia-phuong/; /,none,yes,MotoAI Editorial,,,0,,,
BA-1601,B33,APP,PLANNED,so sánh ứng dụng thuê xe máy điện và xe xăng tận nơi,App & Ứng dụng; so sánh ứng dụng thuê xe máy điện và xe xăng tận nơi,informational-product,so Sánh Ứng Dụng Thuê xe Máy Điện và xe Xăng Tận Nơi,so-sanh-ung-dung-thue-xe-may-dien-va-xe-xang-tan-noi,blog/app/so-sanh-ung-dung-thue-xe-may-dien-va-xe-xang-tan-noi/index.html,blog/app/,,no,no-external,blog/app/; /,none,yes,MotoAI Editorial,,,0,,,
BA-1602,B33,RENT,PLANNED,đặt xe trước hay đến trực tiếp chạy phố,Thuê xe máy; đặt xe trước hay đến trực tiếp chạy phố,commercial-informational,Đặt xe Trước Hay Đến Trực Tiếp Chạy Phố,dat-xe-truoc-hay-den-truc-tiep-chay-pho,blog/thue-xe/dat-xe-truoc-hay-den-truc-tiep-chay-pho/index.html,blog/thue-xe/,,no,no-external,blog/thue-xe/; /,none,yes,MotoAI Editorial,,,0,,,
BA-1603,B33,EV,PLANNED,thời gian sạc xe máy điện dài hạn,Xe điện / xe máy điện; thời gian sạc xe máy điện dài hạn,informational-product,Thời Gian Sạc xe Máy Điện Dài Hạn,thoi-gian-sac-xe-may-dien-dai-han,blog/xe-dien/thoi-gian-sac-xe-may-dien-dai-han/index.html,blog/xe-dien/,,no,no-external,blog/xe-dien/; /,none,yes,MotoAI Editorial,,,0,,,
BA-1604,B33,GUIDE,PLANNED,chở hành lý khi thuê xe checklist,Hướng dẫn / thủ tục; chở hành lý khi thuê xe checklist,informational,Chở Hành lý Khi Thuê xe Checklist,cho-hanh-ly-khi-thue-xe-checklist,blog/huong-dan/cho-hanh-ly-khi-thue-xe-checklist/index.html,blog/huong-dan/,,no,no-external,blog/huong-dan/; /,none,yes,MotoAI Editorial,,,0,,,
BA-1605,B33,LOCAL,PLANNED,cà phê trứng và xe máy buổi tối,Địa phương / du lịch; cà phê trứng và xe máy buổi tối,local-informational,cà Phê Trứng và xe Máy Buổi Tối,ca-phe-trung-va-xe-may-buoi-toi,blog/dia-phuong/ca-phe-trung-va-xe-may-buoi-toi/index.html,blog/dia-phuong/,Hà Nội (khu vực),no,no-external,blog/dia-phuong/; /,none,yes,MotoAI Editorial,,,0,,,
BA-1606,B33,APP,PLANNED,ứng dụng thuê xe không cần tải tận nơi,App & Ứng dụng; ứng dụng thuê xe không cần tải tận nơi,informational-product,Ứng Dụng Thuê xe Không Cần Tải Tận Nơi,ung-dung-thue-xe-khong-can-tai-tan-noi,blog/app/ung-dung-thue-xe-khong-can-tai-tan-noi/index.html,blog/app/,,no,no-external,blog/app/; /,none,yes,MotoAI Editorial,,,0,,,
BA-1607,B33,RENT,PLANNED,liên hệ đặt xe nhanh chạy phố,Thuê xe máy; liên hệ đặt xe nhanh chạy phố,commercial-informational,Liên hệ Đặt xe Nhanh Chạy Phố,lien-he-dat-xe-nhanh-chay-pho,blog/thue-xe/lien-he-dat-xe-nhanh-chay-pho/index.html,blog/thue-xe/,,no,no-external,blog/thue-xe/; /,none,yes,MotoAI Editorial,,,0,,,
BA-1608,B33,EV,PLANNED,chi phí điện khi thuê xe điện dài hạn,Xe điện / xe máy điện; chi phí điện khi thuê xe điện dài hạn,informational-product,Chi Phí Điện Khi Thuê xe Điện Dài Hạn,chi-phi-dien-khi-thue-xe-dien-dai-han,blog/xe-dien/chi-phi-dien-khi-thue-xe-dien-dai-han/index.html,blog/xe-dien/,,no,no-external,blog/xe-dien/; /,none,yes,MotoAI Editorial,,,0,,,
BA-1609,B33,GUIDE,PLANNED,đi hai người trên xe thuê checklist,Hướng dẫn / thủ tục; đi hai người trên xe thuê checklist,informational,đi Hai Người Trên xe Thuê Checklist,di-hai-nguoi-tren-xe-thue-checklist,blog/huong-dan/di-hai-nguoi-tren-xe-thue-checklist/index.html,blog/huong-dan/,,no,no-external,blog/huong-dan/; /,none,yes,MotoAI Editorial,,,0,,,
BA-1610,B33,LOCAL,PLANNED,bánh cuốn và hành trình buổi tối,Địa phương / du lịch; bánh cuốn và hành trình buổi tối,local-informational,Bánh Cuốn và Hành Trình Buổi Tối,banh-cuon-va-hanh-trinh-buoi-toi,blog/dia-phuong/banh-cuon-va-hanh-trinh-buoi-toi/index.html,blog/dia-phuong/,Hà Nội (khu vực),no,no-external,blog/dia-phuong/; /,none,yes,MotoAI Editorial,,,0,,,
BA-1611,B33,APP,PLANNED,rental assistant là gì tận nơi,App & Ứng dụng; rental assistant là gì tận nơi,informational-product,Rental Assistant là gì Tận Nơi,rental-assistant-la-gi-tan-noi,blog/app/rental-assistant-la-gi-tan-noi/index.html,blog/app/,,no,no-external,blog/app/; /,none,yes,MotoAI Editorial,,,0,,,
BA-1612,B33,RENT,PLANNED,xác nhận giá trước khi đặt chạy phố,Thuê xe máy; xác nhận giá trước khi đặt chạy phố,commercial-informational,Xác Nhận Giá Trước Khi Đặt Chạy Phố,xac-nhan-gia-truoc-khi-dat-chay-pho,blog/thue-xe/xac-nhan-gia-truoc-khi-dat-chay-pho/index.html,blog/thue-xe/,,no,no-external,blog/thue-xe/; /,none,yes,MotoAI Editorial,,,0,,,
BA-1613,B33,EV,PLANNED,thuê xe điện có rẻ không dài hạn,Xe điện / xe máy điện; thuê xe điện có rẻ không dài hạn,informational-product,Thuê xe Điện có rẻ Không Dài Hạn,thue-xe-dien-co-re-khong-dai-han,blog/xe-dien/thue-xe-dien-co-re-khong-dai-han/index.html,blog/xe-dien/,,no,no-external,blog/xe-dien/; /,none,yes,MotoAI Editorial,,,0,,,
BA-1614,B33,GUIDE,PLANNED,bản đồ và định vị khi thuê xe checklist,Hướng dẫn / thủ tục; bản đồ và định vị khi thuê xe checklist,informational,Bản đồ và Định vị Khi Thuê xe Checklist,ban-do-va-dinh-vi-khi-thue-xe-checklist,blog/huong-dan/ban-do-va-dinh-vi-khi-thue-xe-checklist/index.html,blog/huong-dan/,,no,no-external,blog/huong-dan/; /,none,yes,MotoAI Editorial,,,0,,,
BA-1615,B33,LOCAL,PLANNED,phở bò và hành trình sáng buổi tối,Địa phương / du lịch; phở bò và hành trình sáng buổi tối,local-informational,Phở bò và Hành Trình Sáng Buổi Tối,pho-bo-va-hanh-trinh-sang-buoi-toi,blog/dia-phuong/pho-bo-va-hanh-trinh-sang-buoi-toi/index.html,blog/dia-phuong/,Hà Nội (khu vực),no,no-external,blog/dia-phuong/; /,none,yes,MotoAI Editorial,,,0,,,
BA-1616,B33,APP,PLANNED,agent chọn xe giúp bạn tận nơi,App & Ứng dụng; agent chọn xe giúp bạn tận nơi,informational-product,Agent Chọn xe Giúp Bạn Tận Nơi,agent-chon-xe-giup-ban-tan-noi,blog/app/agent-chon-xe-giup-ban-tan-noi/index.html,blog/app/,,no,no-external,blog/app/; /,none,yes,MotoAI Editorial,,,0,,,
BA-1617,B33,RENT,PLANNED,xe thuê có bảo hiểm không chạy phố,Thuê xe máy; xe thuê có bảo hiểm không chạy phố,commercial-informational,xe Thuê có Bảo Hiểm Không Chạy Phố,xe-thue-co-bao-hiem-khong-chay-pho,blog/thue-xe/xe-thue-co-bao-hiem-khong-chay-pho/index.html,blog/thue-xe/,,no,no-external,blog/thue-xe/; /,none,yes,MotoAI Editorial,,,0,,,
BA-1618,B33,EV,PLANNED,xe điện chạy bao xa dài hạn,Xe điện / xe máy điện; xe điện chạy bao xa dài hạn,informational-product,xe Điện Chạy Bao xa Dài Hạn,xe-dien-chay-bao-xa-dai-han,blog/xe-dien/xe-dien-chay-bao-xa-dai-han/index.html,blog/xe-dien/,,no,no-external,blog/xe-dien/; /,none,yes,MotoAI Editorial,,,0,,,
BA-1619,B33,GUIDE,PLANNED,ứng dụng bản đồ cho người thuê xe checklist,Hướng dẫn / thủ tục; ứng dụng bản đồ cho người thuê xe checklist,informational,Ứng Dụng Bản đồ Cho Người Thuê xe Checklist,ung-dung-ban-do-cho-nguoi-thue-xe-checklist,blog/huong-dan/ung-dung-ban-do-cho-nguoi-thue-xe-checklist/index.html,blog/huong-dan/,,no,no-external,blog/huong-dan/; /,none,yes,MotoAI Editorial,,,0,,,
BA-1620,B33,LOCAL,PLANNED,chợ hoa quận tám buổi tối,Địa phương / du lịch; chợ hoa quận tám buổi tối,local-informational,Chợ Hoa Quận Tám Buổi Tối,cho-hoa-quan-tam-buoi-toi,blog/dia-phuong/cho-hoa-quan-tam-buoi-toi/index.html,blog/dia-phuong/,Hà Nội (khu vực),no,no-external,blog/dia-phuong/; /,none,yes,MotoAI Editorial,,,0,,,
BA-1621,B33,APP,PLANNED,đặt cọc và ứng dụng thuê xe tận nơi,App & Ứng dụng; đặt cọc và ứng dụng thuê xe tận nơi,informational-product,Đặt Cọc và Ứng Dụng Thuê xe Tận Nơi,dat-coc-va-ung-dung-thue-xe-tan-noi,blog/app/dat-coc-va-ung-dung-thue-xe-tan-noi/index.html,blog/app/,,no,no-external,blog/app/; /,none,yes,MotoAI Editorial,,,0,,,
BA-1622,B33,RENT,PLANNED,hỏng xe giữa đường khi thuê chạy phố,Thuê xe máy; hỏng xe giữa đường khi thuê chạy phố,commercial-informational,Hỏng xe Giữa Đường Khi Thuê Chạy Phố,hong-xe-giua-duong-khi-thue-chay-pho,blog/thue-xe/hong-xe-giua-duong-khi-thue-chay-pho/index.html,blog/thue-xe/,,no,no-external,blog/thue-xe/; /,none,yes,MotoAI Editorial,,,0,,,
BA-1623,B33,EV,PLANNED,xe máy điện cho người mới dài hạn,Xe điện / xe máy điện; xe máy điện cho người mới dài hạn,informational-product,xe Máy Điện Cho Người Mới Dài Hạn,xe-may-dien-cho-nguoi-moi-dai-han,blog/xe-dien/xe-may-dien-cho-nguoi-moi-dai-han/index.html,blog/xe-dien/,,no,no-external,blog/xe-dien/; /,none,yes,MotoAI Editorial,,,0,,,
BA-1624,B33,GUIDE,PLANNED,kỹ năng lái xe an toàn cơ bản checklist,Hướng dẫn / thủ tục; kỹ năng lái xe an toàn cơ bản checklist,informational,kỹ Năng Lái xe an Toàn cơ Bản Checklist,ky-nang-lai-xe-an-toan-co-ban-checklist,blog/huong-dan/ky-nang-lai-xe-an-toan-co-ban-checklist/index.html,blog/huong-dan/,,no,no-external,blog/huong-dan/; /,none,yes,MotoAI Editorial,,,0,,,
BA-1625,B33,LOCAL,PLANNED,chùa một cột hà nội buổi tối,Địa phương / du lịch; chùa một cột hà nội buổi tối,local-informational,Chùa Một Cột hà Nội Buổi Tối,chua-mot-cot-ha-noi-buoi-toi,blog/dia-phuong/chua-mot-cot-ha-noi-buoi-toi/index.html,blog/dia-phuong/,hà Nội,no,no-external,blog/dia-phuong/; /,none,yes,MotoAI Editorial,,,0,,,
BA-1626,B33,APP,PLANNED,nhận xe khi đặt qua ứng dụng tận nơi,App & Ứng dụng; nhận xe khi đặt qua ứng dụng tận nơi,informational-product,Nhận xe Khi Đặt Qua Ứng Dụng Tận Nơi,nhan-xe-khi-dat-qua-ung-dung-tan-noi,blog/app/nhan-xe-khi-dat-qua-ung-dung-tan-noi/index.html,blog/app/,,no,no-external,blog/app/; /,none,yes,MotoAI Editorial,,,0,,,
BA-1627,B33,RENT,PLANNED,hỗ trợ khi xe thuê gặp sự cố chạy phố,Thuê xe máy; hỗ trợ khi xe thuê gặp sự cố chạy phố,commercial-informational,hỗ Trợ Khi xe Thuê Gặp sự cố Chạy Phố,ho-tro-khi-xe-thue-gap-su-co-chay-pho,blog/thue-xe/ho-tro-khi-xe-thue-gap-su-co-chay-pho/index.html,blog/thue-xe/,,no,no-external,blog/thue-xe/; /,none,yes,MotoAI Editorial,,,0,,,
BA-1628,B33,EV,PLANNED,xe điện an toàn không dài hạn,Xe điện / xe máy điện; xe điện an toàn không dài hạn,informational-product,xe Điện an Toàn Không Dài Hạn,xe-dien-an-toan-khong-dai-han,blog/xe-dien/xe-dien-an-toan-khong-dai-han/index.html,blog/xe-dien/,,no,no-external,blog/xe-dien/; /,none,yes,MotoAI Editorial,,,0,,,
BA-1629,B33,GUIDE,PLANNED,chạy xe số cho người mới checklist,Hướng dẫn / thủ tục; chạy xe số cho người mới checklist,informational,Chạy xe số Cho Người Mới Checklist,chay-xe-so-cho-nguoi-moi-checklist,blog/huong-dan/chay-xe-so-cho-nguoi-moi-checklist/index.html,blog/huong-dan/,,no,no-external,blog/huong-dan/; /,none,yes,MotoAI Editorial,,,0,,,
BA-1630,B33,LOCAL,PLANNED,cầu nhật tân hoàng hôn buổi tối,Địa phương / du lịch; cầu nhật tân hoàng hôn buổi tối,local-informational,Cầu Nhật Tân Hoàng Hôn Buổi Tối,cau-nhat-tan-hoang-hon-buoi-toi,blog/dia-phuong/cau-nhat-tan-hoang-hon-buoi-toi/index.html,blog/dia-phuong/,Hà Nội (khu vực),no,no-external,blog/dia-phuong/; /,none,yes,MotoAI Editorial,,,0,,,
BA-1631,B33,APP,PLANNED,hủy lịch thuê xe qua app tận nơi,App & Ứng dụng; hủy lịch thuê xe qua app tận nơi,informational-product,Hủy Lịch Thuê xe Qua App Tận Nơi,huy-lich-thue-xe-qua-app-tan-noi,blog/app/huy-lich-thue-xe-qua-app-tan-noi/index.html,blog/app/,,no,no-external,blog/app/; /,none,yes,MotoAI Editorial,,,0,,,
BA-1632,B33,RENT,PLANNED,thuê xe giao tận nơi chạy phố,Thuê xe máy; thuê xe giao tận nơi chạy phố,commercial-informational,Thuê xe Giao Tận Nơi Chạy Phố,thue-xe-giao-tan-noi-chay-pho,blog/thue-xe/thue-xe-giao-tan-noi-chay-pho/index.html,blog/thue-xe/,,no,no-external,blog/thue-xe/; /,none,yes,MotoAI Editorial,,,0,,,
BA-1633,B33,EV,PLANNED,bảo dưỡng xe điện dài hạn,Xe điện / xe máy điện; bảo dưỡng xe điện dài hạn,informational-product,Bảo Dưỡng xe Điện Dài Hạn,bao-duong-xe-dien-dai-han,blog/xe-dien/bao-duong-xe-dien-dai-han/index.html,blog/xe-dien/,,no,no-external,blog/xe-dien/; /,none,yes,MotoAI Editorial,,,0,,,
BA-1634,B33,GUIDE,PLANNED,chạy xe ga lần đầu checklist,Hướng dẫn / thủ tục; chạy xe ga lần đầu checklist,informational,Chạy xe ga Lần Đầu Checklist,chay-xe-ga-lan-dau-checklist,blog/huong-dan/chay-xe-ga-lan-dau-checklist/index.html,blog/huong-dan/,,no,no-external,blog/huong-dan/; /,none,yes,MotoAI Editorial,,,0,,,
BA-1635,B33,LOCAL,PLANNED,đường 5 và ngoại ô buổi tối,Địa phương / du lịch; đường 5 và ngoại ô buổi tối,local-informational,Đường 5 và Ngoại ô Buổi Tối,duong-5-va-ngoai-o-buoi-toi,blog/dia-phuong/duong-5-va-ngoai-o-buoi-toi/index.html,blog/dia-phuong/,Hà Nội (khu vực),no,no-external,blog/dia-phuong/; /,none,yes,MotoAI Editorial,,,0,,,
BA-1636,B33,APP,PLANNED,app thuê xe cho người nước ngoài tận nơi,App & Ứng dụng; app thuê xe cho người nước ngoài tận nơi,informational-product,App Thuê xe Cho Người Nước Ngoài Tận Nơi,app-thue-xe-cho-nguoi-nuoc-ngoai-tan-noi,blog/app/app-thue-xe-cho-nguoi-nuoc-ngoai-tan-noi/index.html,blog/app/,,no,no-external,blog/app/; /,none,yes,MotoAI Editorial,,,0,,,
BA-1637,B33,RENT,PLANNED,phí giao xe thuê chạy phố,Thuê xe máy; phí giao xe thuê chạy phố,commercial-informational,Phí Giao xe Thuê Chạy Phố,phi-giao-xe-thue-chay-pho,blog/thue-xe/phi-giao-xe-thue-chay-pho/index.html,blog/thue-xe/,,no,no-external,blog/thue-xe/; /,none,yes,MotoAI Editorial,,,0,,,
BA-1638,B33,EV,PLANNED,xe điện khi mưa dài hạn,Xe điện / xe máy điện; xe điện khi mưa dài hạn,informational-product,xe Điện Khi Mưa Dài Hạn,xe-dien-khi-mua-dai-han,blog/xe-dien/xe-dien-khi-mua-dai-han/index.html,blog/xe-dien/,,no,no-external,blog/xe-dien/; /,none,yes,MotoAI Editorial,,,0,,,
BA-1639,B33,GUIDE,PLANNED,chạy xe điện lần đầu checklist,Hướng dẫn / thủ tục; chạy xe điện lần đầu checklist,informational,Chạy xe Điện Lần Đầu Checklist,chay-xe-dien-lan-dau-checklist,blog/huong-dan/chay-xe-dien-lan-dau-checklist/index.html,blog/huong-dan/,,no,no-external,blog/huong-dan/; /,none,yes,MotoAI Editorial,,,0,,,
BA-1640,B33,LOCAL,PLANNED,soc son và co loa buổi tối,Địa phương / du lịch; soc son và co loa buổi tối,local-informational,Soc Son và co Loa Buổi Tối,soc-son-va-co-loa-buoi-toi,blog/dia-phuong/soc-son-va-co-loa-buoi-toi/index.html,blog/dia-phuong/,Hà Nội (khu vực),no,no-external,blog/dia-phuong/; /,none,yes,MotoAI Editorial,,,0,,,
BA-1641,B33,APP,PLANNED,ứng dụng thuê xe tiếng Anh tận nơi,App & Ứng dụng; ứng dụng thuê xe tiếng Anh tận nơi,informational-product,Ứng Dụng Thuê xe Tiếng Anh Tận Nơi,ung-dung-thue-xe-tieng-anh-tan-noi,blog/app/ung-dung-thue-xe-tieng-anh-tan-noi/index.html,blog/app/,,no,no-external,blog/app/; /,none,yes,MotoAI Editorial,,,0,,,
BA-1642,B33,RENT,PLANNED,thuê xe ở ga tàu sân bay chạy phố,Thuê xe máy; thuê xe ở ga tàu sân bay chạy phố,commercial-informational,Thuê xe ở ga Tàu Sân Bay Chạy Phố,thue-xe-o-ga-tau-san-bay-chay-pho,blog/thue-xe/thue-xe-o-ga-tau-san-bay-chay-pho/index.html,blog/thue-xe/,,no,no-external,blog/thue-xe/; /,none,yes,MotoAI Editorial,,,0,,,
BA-1643,B33,EV,PLANNED,đi xe điện đường dài dài hạn,Xe điện / xe máy điện; đi xe điện đường dài dài hạn,informational-product,đi xe Điện Đường Dài Dài Hạn,di-xe-dien-duong-dai-dai-han,blog/xe-dien/di-xe-dien-duong-dai-dai-han/index.html,blog/xe-dien/,,no,no-external,blog/xe-dien/; /,none,yes,MotoAI Editorial,,,0,,,
BA-1644,B33,GUIDE,PLANNED,đỗ xe ở hà nội checklist,Hướng dẫn / thủ tục; đỗ xe ở hà nội checklist,informational,đỗ xe ở hà Nội Checklist,do-xe-o-ha-noi-checklist,blog/huong-dan/do-xe-o-ha-noi-checklist/index.html,blog/huong-dan/,,no,no-external,blog/huong-dan/; /,none,yes,MotoAI Editorial,,,0,,,
BA-1645,B33,LOCAL,PLANNED,ba vì cuối tuần buổi tối,Địa phương / du lịch; ba vì cuối tuần buổi tối,local-informational,ba vì Cuối Tuần Buổi Tối,ba-vi-cuoi-tuan-buoi-toi,blog/dia-phuong/ba-vi-cuoi-tuan-buoi-toi/index.html,blog/dia-phuong/,Hà Nội (khu vực),no,no-external,blog/dia-phuong/; /,none,yes,MotoAI Editorial,,,0,,,
BA-1646,B33,APP,PLANNED,kết nối Zalo với ứng dụng thuê xe tận nơi,App & Ứng dụng; kết nối Zalo với ứng dụng thuê xe tận nơi,informational-product,Kết Nối Zalo Với Ứng Dụng Thuê xe Tận Nơi,ket-noi-zalo-voi-ung-dung-thue-xe-tan-noi,blog/app/ket-noi-zalo-voi-ung-dung-thue-xe-tan-noi/index.html,blog/app/,,no,no-external,blog/app/; /,none,yes,MotoAI Editorial,,,0,,,
BA-1647,B33,RENT,PLANNED,so sánh thuê xe máy và taxi chạy phố,Thuê xe máy; so sánh thuê xe máy và taxi chạy phố,commercial-informational,so Sánh Thuê xe Máy và Taxi Chạy Phố,so-sanh-thue-xe-may-va-taxi-chay-pho,blog/thue-xe/so-sanh-thue-xe-may-va-taxi-chay-pho/index.html,blog/thue-xe/,,no,no-external,blog/thue-xe/; /,none,yes,MotoAI Editorial,,,0,,,
BA-1648,B33,EV,PLANNED,xe điện trong phố dài hạn,Xe điện / xe máy điện; xe điện trong phố dài hạn,informational-product,xe Điện Trong Phố Dài Hạn,xe-dien-trong-pho-dai-han,blog/xe-dien/xe-dien-trong-pho-dai-han/index.html,blog/xe-dien/,,no,no-external,blog/xe-dien/; /,none,yes,MotoAI Editorial,,,0,,,
BA-1649,B33,GUIDE,PLANNED,luật đỗ xe phố cổ checklist,Hướng dẫn / thủ tục; luật đỗ xe phố cổ checklist,informational,Luật đỗ xe Phố cổ Checklist,luat-do-xe-pho-co-checklist,blog/huong-dan/luat-do-xe-pho-co-checklist/index.html,blog/huong-dan/,,no,no-external,blog/huong-dan/; /,none,yes,MotoAI Editorial,,,0,,,
BA-1650,B33,LOCAL,PLANNED,thạch thất và sơn tây buổi tối,Địa phương / du lịch; thạch thất và sơn tây buổi tối,local-informational,Thạch Thất và Sơn Tây Buổi Tối,thach-that-va-son-tay-buoi-toi,blog/dia-phuong/thach-that-va-son-tay-buoi-toi/index.html,blog/dia-phuong/,Hà Nội (khu vực),no,no-external,blog/dia-phuong/; /,none,yes,MotoAI Editorial,,,0,,,
BA-1651,B34,APP,PLANNED,gọi điện từ ứng dụng thuê xe tận nơi,App & Ứng dụng; gọi điện từ ứng dụng thuê xe tận nơi,informational-product,Gọi Điện từ Ứng Dụng Thuê xe Tận Nơi,goi-dien-tu-ung-dung-thue-xe-tan-noi,blog/app/goi-dien-tu-ung-dung-thue-xe-tan-noi/index.html,blog/app/,,no,no-external,blog/app/; /,none,yes,MotoAI Editorial,,,0,,,
BA-1652,B34,RENT,PLANNED,thuê xe máy hay đi grab chạy phố,Thuê xe máy; thuê xe máy hay đi grab chạy phố,commercial-informational,Thuê xe Máy Hay đi Grab Chạy Phố,thue-xe-may-hay-di-grab-chay-pho,blog/thue-xe/thue-xe-may-hay-di-grab-chay-pho/index.html,blog/thue-xe/,,no,no-external,blog/thue-xe/; /,none,yes,MotoAI Editorial,,,0,,,
BA-1653,B34,EV,PLANNED,xe điện chở hai người dài hạn,Xe điện / xe máy điện; xe điện chở hai người dài hạn,informational-product,xe Điện Chở Hai Người Dài Hạn,xe-dien-cho-hai-nguoi-dai-han,blog/xe-dien/xe-dien-cho-hai-nguoi-dai-han/index.html,blog/xe-dien/,,no,no-external,blog/xe-dien/; /,none,yes,MotoAI Editorial,,,0,,,
BA-1654,B34,GUIDE,PLANNED,trộm cắp xe và xe thuê checklist,Hướng dẫn / thủ tục; trộm cắp xe và xe thuê checklist,informational,Trộm Cắp xe và xe Thuê Checklist,trom-cap-xe-va-xe-thue-checklist,blog/huong-dan/trom-cap-xe-va-xe-thue-checklist/index.html,blog/huong-dan/,,no,no-external,blog/huong-dan/; /,none,yes,MotoAI Editorial,,,0,,,
BA-1655,B34,LOCAL,PLANNED,hòa bình đường trường buổi tối,Địa phương / du lịch; hòa bình đường trường buổi tối,local-informational,Hòa Bình Đường Trường Buổi Tối,hoa-binh-duong-truong-buoi-toi,blog/dia-phuong/hoa-binh-duong-truong-buoi-toi/index.html,blog/dia-phuong/,Hà Nội (khu vực),no,no-external,blog/dia-phuong/; /,none,yes,MotoAI Editorial,,,0,,,
BA-1656,B34,APP,PLANNED,kinh nghiệm dùng trợ lý thuê xe lần đầu tận nơi,App & Ứng dụng; kinh nghiệm dùng trợ lý thuê xe lần đầu tận nơi,informational-product,Kinh Nghiệm Dùng Trợ lý Thuê xe Lần Đầu Tận Nơi,kinh-nghiem-dung-tro-ly-thue-xe-lan-dau-tan-noi,blog/app/kinh-nghiem-dung-tro-ly-thue-xe-lan-dau-tan-noi/index.html,blog/app/,,no,no-external,blog/app/; /,none,yes,MotoAI Editorial,,,0,,,
BA-1657,B34,RENT,PLANNED,khoảng chi phí đi lại khi thuê xe chạy phố,Thuê xe máy; khoảng chi phí đi lại khi thuê xe chạy phố,commercial-informational,Khoảng Chi Phí đi Lại Khi Thuê xe Chạy Phố,khoang-chi-phi-di-lai-khi-thue-xe-chay-pho,blog/thue-xe/khoang-chi-phi-di-lai-khi-thue-xe-chay-pho/index.html,blog/thue-xe/,,no,no-external,blog/thue-xe/; /,none,yes,MotoAI Editorial,,,0,,,
BA-1658,B34,EV,PLANNED,vận tốc xe máy điện dài hạn,Xe điện / xe máy điện; vận tốc xe máy điện dài hạn,informational-product,Vận Tốc xe Máy Điện Dài Hạn,van-toc-xe-may-dien-dai-han,blog/xe-dien/van-toc-xe-may-dien-dai-han/index.html,blog/xe-dien/,,no,no-external,blog/xe-dien/; /,none,yes,MotoAI Editorial,,,0,,,
BA-1659,B34,GUIDE,PLANNED,khoá xe khi thuê checklist,Hướng dẫn / thủ tục; khoá xe khi thuê checklist,informational,Khoá xe Khi Thuê Checklist,khoa-xe-khi-thue-checklist,blog/huong-dan/khoa-xe-khi-thue-checklist/index.html,blog/huong-dan/,,no,no-external,blog/huong-dan/; /,none,yes,MotoAI Editorial,,,0,,,
BA-1660,B34,LOCAL,PLANNED,tam đảo bằng xe máy buổi tối,Địa phương / du lịch; tam đảo bằng xe máy buổi tối,local-informational,Tam Đảo Bằng xe Máy Buổi Tối,tam-dao-bang-xe-may-buoi-toi,blog/dia-phuong/tam-dao-bang-xe-may-buoi-toi/index.html,blog/dia-phuong/,Hà Nội (khu vực),no,no-external,blog/dia-phuong/; /,none,yes,MotoAI Editorial,,,0,,,
BA-1661,B34,APP,PLANNED,ứng dụng thuê xe trên điện thoại cũ tận nơi,App & Ứng dụng; ứng dụng thuê xe trên điện thoại cũ tận nơi,informational-product,Ứng Dụng Thuê xe Trên Điện Thoại cũ Tận Nơi,ung-dung-thue-xe-tren-dien-thoai-cu-tan-noi,blog/app/ung-dung-thue-xe-tren-dien-thoai-cu-tan-noi/index.html,blog/app/,,no,no-external,blog/app/; /,none,yes,MotoAI Editorial,,,0,,,
BA-1662,B34,RENT,PLANNED,bảng giá thuê xe tham khảo chạy phố,Thuê xe máy; bảng giá thuê xe tham khảo chạy phố,commercial-informational,Bảng Giá Thuê xe Tham Khảo Chạy Phố,bang-gia-thue-xe-tham-khao-chay-pho,blog/thue-xe/bang-gia-thue-xe-tham-khao-chay-pho/index.html,blog/thue-xe/,,no,no-external,blog/thue-xe/; /,none,yes,MotoAI Editorial,,,0,,,
BA-1663,B34,EV,PLANNED,đăng ký thuê xe điện dài hạn,Xe điện / xe máy điện; đăng ký thuê xe điện dài hạn,informational-product,Đăng ký Thuê xe Điện Dài Hạn,dang-ky-thue-xe-dien-dai-han,blog/xe-dien/dang-ky-thue-xe-dien-dai-han/index.html,blog/xe-dien/,,no,no-external,blog/xe-dien/; /,none,yes,MotoAI Editorial,,,0,,,
BA-1664,B34,GUIDE,PLANNED,sửa xe nhỏ khi đang thuê checklist,Hướng dẫn / thủ tục; sửa xe nhỏ khi đang thuê checklist,informational,Sửa xe Nhỏ Khi Đang Thuê Checklist,sua-xe-nho-khi-dang-thue-checklist,blog/huong-dan/sua-xe-nho-khi-dang-thue-checklist/index.html,blog/huong-dan/,,no,no-external,blog/huong-dan/; /,none,yes,MotoAI Editorial,,,0,,,
BA-1665,B34,LOCAL,PLANNED,mộc châu hành trình dài buổi tối,Địa phương / du lịch; mộc châu hành trình dài buổi tối,local-informational,Mộc Châu Hành Trình Dài Buổi Tối,moc-chau-hanh-trinh-dai-buoi-toi,blog/dia-phuong/moc-chau-hanh-trinh-dai-buoi-toi/index.html,blog/dia-phuong/,Hà Nội (khu vực),no,no-external,blog/dia-phuong/; /,none,yes,MotoAI Editorial,,,0,,,
BA-1666,B34,APP,PLANNED,app thuê xe không cần tài khoản tận nơi,App & Ứng dụng; app thuê xe không cần tài khoản tận nơi,informational-product,App Thuê xe Không Cần Tài Khoản Tận Nơi,app-thue-xe-khong-can-tai-khoan-tan-noi,blog/app/app-thue-xe-khong-can-tai-khoan-tan-noi/index.html,blog/app/,,no,no-external,blog/app/; /,none,yes,MotoAI Editorial,,,0,,,
BA-1667,B34,RENT,PLANNED,cách đọc bảng giá thuê xe chạy phố,Thuê xe máy; cách đọc bảng giá thuê xe chạy phố,commercial-informational,Cách Đọc Bảng Giá Thuê xe Chạy Phố,cach-doc-bang-gia-thue-xe-chay-pho,blog/thue-xe/cach-doc-bang-gia-thue-xe-chay-pho/index.html,blog/thue-xe/,,no,no-external,blog/thue-xe/; /,none,yes,MotoAI Editorial,,,0,,,
BA-1668,B34,EV,PLANNED,cọc khi thuê xe điện dài hạn,Xe điện / xe máy điện; cọc khi thuê xe điện dài hạn,informational-product,Cọc Khi Thuê xe Điện Dài Hạn,coc-khi-thue-xe-dien-dai-han,blog/xe-dien/coc-khi-thue-xe-dien-dai-han/index.html,blog/xe-dien/,,no,no-external,blog/xe-dien/; /,none,yes,MotoAI Editorial,,,0,,,
BA-1669,B34,GUIDE,PLANNED,gặp cảnh sát giao thông với xe thuê checklist,Hướng dẫn / thủ tục; gặp cảnh sát giao thông với xe thuê checklist,informational,Gặp Cảnh Sát Giao Thông Với xe Thuê Checklist,gap-canh-sat-giao-thong-voi-xe-thue-checklist,blog/huong-dan/gap-canh-sat-giao-thong-voi-xe-thue-checklist/index.html,blog/huong-dan/,,no,no-external,blog/huong-dan/; /,none,yes,MotoAI Editorial,,,0,,,
BA-1670,B34,LOCAL,PLANNED,ninh bình cuối tuần xe máy buổi tối,Địa phương / du lịch; ninh bình cuối tuần xe máy buổi tối,local-informational,Ninh Bình Cuối Tuần xe Máy Buổi Tối,ninh-binh-cuoi-tuan-xe-may-buoi-toi,blog/dia-phuong/ninh-binh-cuoi-tuan-xe-may-buoi-toi/index.html,blog/dia-phuong/,Hà Nội (khu vực),no,no-external,blog/dia-phuong/; /,none,yes,MotoAI Editorial,,,0,,,
BA-1671,B34,APP,PLANNED,trợ lý ảo tư vấn thuê xe máy tận nơi,App & Ứng dụng; trợ lý ảo tư vấn thuê xe máy tận nơi,informational-product,Trợ lý ảo tư Vấn Thuê xe Máy Tận Nơi,tro-ly-ao-tu-van-thue-xe-may-tan-noi,blog/app/tro-ly-ao-tu-van-thue-xe-may-tan-noi/index.html,blog/app/,,no,no-external,blog/app/; /,none,yes,MotoAI Editorial,,,0,,,
BA-1672,B34,RENT,PLANNED,giá thuê thay đổi theo mùa không chạy phố,Thuê xe máy; giá thuê thay đổi theo mùa không chạy phố,commercial-informational,Giá Thuê Thay Đổi Theo Mùa Không Chạy Phố,gia-thue-thay-doi-theo-mua-khong-chay-pho,blog/thue-xe/gia-thue-thay-doi-theo-mua-khong-chay-pho/index.html,blog/thue-xe/,,no,no-external,blog/thue-xe/; /,none,yes,MotoAI Editorial,,,0,,,
BA-1673,B34,EV,PLANNED,so sánh các dòng xe điện cho thuê dài hạn,Xe điện / xe máy điện; so sánh các dòng xe điện cho thuê dài hạn,informational-product,so Sánh Các Dòng xe Điện Cho Thuê Dài Hạn,so-sanh-cac-dong-xe-dien-cho-thue-dai-han,blog/xe-dien/so-sanh-cac-dong-xe-dien-cho-thue-dai-han/index.html,blog/xe-dien/,,no,no-external,blog/xe-dien/; /,none,yes,MotoAI Editorial,,,0,,,
BA-1674,B34,GUIDE,PLANNED,giấy tờ người nước ngoài thuê xe checklist,Hướng dẫn / thủ tục; giấy tờ người nước ngoài thuê xe checklist,informational,Giấy tờ Người Nước Ngoài Thuê xe Checklist,giay-to-nguoi-nuoc-ngoai-thue-xe-checklist,blog/huong-dan/giay-to-nguoi-nuoc-ngoai-thue-xe-checklist/index.html,blog/huong-dan/,,no,no-external,blog/huong-dan/; /,none,yes,MotoAI Editorial,,,0,,,
BA-1675,B34,LOCAL,PLANNED,hạ long đường quốc lộ buổi tối,Địa phương / du lịch; hạ long đường quốc lộ buổi tối,local-informational,hạ Long Đường Quốc lộ Buổi Tối,ha-long-duong-quoc-lo-buoi-toi,blog/dia-phuong/ha-long-duong-quoc-lo-buoi-toi/index.html,blog/dia-phuong/,Hà Nội (khu vực),no,no-external,blog/dia-phuong/; /,none,yes,MotoAI Editorial,,,0,,,
BA-1676,B34,APP,PLANNED,cách ứng dụng hiểu câu hỏi về giá xe tận nơi,App & Ứng dụng; cách ứng dụng hiểu câu hỏi về giá xe tận nơi,informational-product,Cách Ứng Dụng Hiểu Câu Hỏi về Giá xe Tận Nơi,cach-ung-dung-hieu-cau-hoi-ve-gia-xe-tan-noi,blog/app/cach-ung-dung-hieu-cau-hoi-ve-gia-xe-tan-noi/index.html,blog/app/,,no,no-external,blog/app/; /,none,yes,MotoAI Editorial,,,0,,,
BA-1677,B34,RENT,PLANNED,thuê xe cho công việc giao hàng chạy phố,Thuê xe máy; thuê xe cho công việc giao hàng chạy phố,commercial-informational,Thuê xe Cho Công Việc Giao Hàng Chạy Phố,thue-xe-cho-cong-viec-giao-hang-chay-pho,blog/thue-xe/thue-xe-cho-cong-viec-giao-hang-chay-pho/index.html,blog/thue-xe/,,no,no-external,blog/thue-xe/; /,none,yes,MotoAI Editorial,,,0,,,
BA-1678,B34,EV,PLANNED,thuê xe điện cho khách du lịch dài hạn,Xe điện / xe máy điện; thuê xe điện cho khách du lịch dài hạn,informational-product,Thuê xe Điện Cho Khách du Lịch Dài Hạn,thue-xe-dien-cho-khach-du-lich-dai-han,blog/xe-dien/thue-xe-dien-cho-khach-du-lich-dai-han/index.html,blog/xe-dien/,,no,no-external,blog/xe-dien/; /,none,yes,MotoAI Editorial,,,0,,,
BA-1679,B34,GUIDE,PLANNED,dịch công chứng giấy tờ thuê xe checklist,Hướng dẫn / thủ tục; dịch công chứng giấy tờ thuê xe checklist,informational,Dịch Công Chứng Giấy tờ Thuê xe Checklist,dich-cong-chung-giay-to-thue-xe-checklist,blog/huong-dan/dich-cong-chung-giay-to-thue-xe-checklist/index.html,blog/huong-dan/,,no,no-external,blog/huong-dan/; /,none,yes,MotoAI Editorial,,,0,,,
BA-1680,B34,LOCAL,PLANNED,cửa lò ven biển buổi tối,Địa phương / du lịch; cửa lò ven biển buổi tối,local-informational,Cửa lò Ven Biển Buổi Tối,cua-lo-ven-bien-buoi-toi,blog/dia-phuong/cua-lo-ven-bien-buoi-toi/index.html,blog/dia-phuong/,Hà Nội (khu vực),no,no-external,blog/dia-phuong/; /,none,yes,MotoAI Editorial,,,0,,,
BA-1681,B34,APP,PLANNED,tìm hiểu hybrid search trong ứng dụng thuê xe tận nơi,App & Ứng dụng; tìm hiểu hybrid search trong ứng dụng thuê xe tận nơi,informational-product,Tìm Hiểu Hybrid Search Trong Ứng Dụng Thuê xe Tận Nơi,tim-hieu-hybrid-search-trong-ung-dung-thue-xe-tan-noi,blog/app/tim-hieu-hybrid-search-trong-ung-dung-thue-xe-tan-noi/index.html,blog/app/,,no,no-external,blog/app/; /,none,yes,MotoAI Editorial,,,0,,,
BA-1682,B34,RENT,PLANNED,thuê xe chạy dịch vụ chạy phố,Thuê xe máy; thuê xe chạy dịch vụ chạy phố,commercial-informational,Thuê xe Chạy Dịch vụ Chạy Phố,thue-xe-chay-dich-vu-chay-pho,blog/thue-xe/thue-xe-chay-dich-vu-chay-pho/index.html,blog/thue-xe/,,no,no-external,blog/thue-xe/; /,none,yes,MotoAI Editorial,,,0,,,
BA-1683,B34,EV,PLANNED,cách giữ pin bền khi thuê xe điện dài hạn,Xe điện / xe máy điện; cách giữ pin bền khi thuê xe điện dài hạn,informational-product,Cách Giữ Pin Bền Khi Thuê xe Điện Dài Hạn,cach-giu-pin-ben-khi-thue-xe-dien-dai-han,blog/xe-dien/cach-giu-pin-ben-khi-thue-xe-dien-dai-han/index.html,blog/xe-dien/,,no,no-external,blog/xe-dien/; /,none,yes,MotoAI Editorial,,,0,,,
BA-1684,B34,GUIDE,PLANNED,thuê xe cho người dưới 18 tuổi checklist,Hướng dẫn / thủ tục; thuê xe cho người dưới 18 tuổi checklist,informational,Thuê xe Cho Người Dưới 18 Tuổi Checklist,thue-xe-cho-nguoi-duoi-18-tuoi-checklist,blog/huong-dan/thue-xe-cho-nguoi-duoi-18-tuoi-checklist/index.html,blog/huong-dan/,,no,no-external,blog/huong-dan/; /,none,yes,MotoAI Editorial,,,0,,,
BA-1685,B34,LOCAL,PLANNED,thanh hóa và xe đường dài buổi tối,Địa phương / du lịch; thanh hóa và xe đường dài buổi tối,local-informational,Thanh Hóa và xe Đường Dài Buổi Tối,thanh-hoa-va-xe-duong-dai-buoi-toi,blog/dia-phuong/thanh-hoa-va-xe-duong-dai-buoi-toi/index.html,blog/dia-phuong/,Hà Nội (khu vực),no,no-external,blog/dia-phuong/; /,none,yes,MotoAI Editorial,,,0,,,
BA-1686,B34,APP,PLANNED,ai trả lời trong ứng dụng thuê xe tận nơi,App & Ứng dụng; ai trả lời trong ứng dụng thuê xe tận nơi,informational-product,ai Trả Lời Trong Ứng Dụng Thuê xe Tận Nơi,ai-tra-loi-trong-ung-dung-thue-xe-tan-noi,blog/app/ai-tra-loi-trong-ung-dung-thue-xe-tan-noi/index.html,blog/app/,,no,no-external,blog/app/; /,none,yes,MotoAI Editorial,,,0,,,
BA-1687,B34,RENT,PLANNED,chọn xe theo mục đích sử dụng chạy phố,Thuê xe máy; chọn xe theo mục đích sử dụng chạy phố,commercial-informational,Chọn xe Theo Mục Đích sử Dụng Chạy Phố,chon-xe-theo-muc-dich-su-dung-chay-pho,blog/thue-xe/chon-xe-theo-muc-dich-su-dung-chay-pho/index.html,blog/thue-xe/,,no,no-external,blog/thue-xe/; /,none,yes,MotoAI Editorial,,,0,,,
BA-1688,B34,EV,PLANNED,hết pin giữa đường phải làm gì dài hạn,Xe điện / xe máy điện; hết pin giữa đường phải làm gì dài hạn,informational-product,Hết Pin Giữa Đường Phải Làm gì Dài Hạn,het-pin-giua-duong-phai-lam-gi-dai-han,blog/xe-dien/het-pin-giua-duong-phai-lam-gi-dai-han/index.html,blog/xe-dien/,,no,no-external,blog/xe-dien/; /,none,yes,MotoAI Editorial,,,0,,,
BA-1689,B34,GUIDE,PLANNED,thuê xe cần người bảo lãnh không checklist,Hướng dẫn / thủ tục; thuê xe cần người bảo lãnh không checklist,informational,Thuê xe Cần Người Bảo Lãnh Không Checklist,thue-xe-can-nguoi-bao-lanh-khong-checklist,blog/huong-dan/thue-xe-can-nguoi-bao-lanh-khong-checklist/index.html,blog/huong-dan/,,no,no-external,blog/huong-dan/; /,none,yes,MotoAI Editorial,,,0,,,
BA-1690,B34,LOCAL,PLANNED,tràng an ride buổi tối,Địa phương / du lịch; tràng an ride buổi tối,local-informational,Tràng an Ride Buổi Tối,trang-an-ride-buoi-toi,blog/dia-phuong/trang-an-ride-buoi-toi/index.html,blog/dia-phuong/,Hà Nội (khu vực),no,no-external,blog/dia-phuong/; /,none,yes,MotoAI Editorial,,,0,,,
BA-1691,B34,APP,PLANNED,chính sách dữ liệu của ứng dụng thuê xe tận nơi,App & Ứng dụng; chính sách dữ liệu của ứng dụng thuê xe tận nơi,informational-product,Chính Sách dữ Liệu Của Ứng Dụng Thuê xe Tận Nơi,chinh-sach-du-lieu-cua-ung-dung-thue-xe-tan-noi,blog/app/chinh-sach-du-lieu-cua-ung-dung-thue-xe-tan-noi/index.html,blog/app/,,no,no-external,blog/app/; /,none,yes,MotoAI Editorial,,,0,,,
BA-1692,B34,RENT,PLANNED,thuê xe số hay xe ga cho người mới chạy phố,Thuê xe máy; thuê xe số hay xe ga cho người mới chạy phố,commercial-informational,Thuê xe số Hay xe ga Cho Người Mới Chạy Phố,thue-xe-so-hay-xe-ga-cho-nguoi-moi-chay-pho,blog/thue-xe/thue-xe-so-hay-xe-ga-cho-nguoi-moi-chay-pho/index.html,blog/thue-xe/,,no,no-external,blog/thue-xe/; /,none,yes,MotoAI Editorial,,,0,,,
BA-1693,B34,EV,PLANNED,trạm đổi pin dài hạn,Xe điện / xe máy điện; trạm đổi pin dài hạn,informational-product,Trạm Đổi Pin Dài Hạn,tram-doi-pin-dai-han,blog/xe-dien/tram-doi-pin-dai-han/index.html,blog/xe-dien/,,no,no-external,blog/xe-dien/; /,none,yes,MotoAI Editorial,,,0,,,
BA-1694,B34,GUIDE,PLANNED,thời gian nhận xe sớm checklist,Hướng dẫn / thủ tục; thời gian nhận xe sớm checklist,informational,Thời Gian Nhận xe Sớm Checklist,thoi-gian-nhan-xe-som-checklist,blog/huong-dan/thoi-gian-nhan-xe-som-checklist/index.html,blog/huong-dan/,,no,no-external,blog/huong-dan/; /,none,yes,MotoAI Editorial,,,0,,,
BA-1695,B34,LOCAL,PLANNED,bái đính xe máy buổi tối,Địa phương / du lịch; bái đính xe máy buổi tối,local-informational,Bái Đính xe Máy Buổi Tối,bai-dinh-xe-may-buoi-toi,blog/dia-phuong/bai-dinh-xe-may-buoi-toi/index.html,blog/dia-phuong/,Hà Nội (khu vực),no,no-external,blog/dia-phuong/; /,none,yes,MotoAI Editorial,,,0,,,
BA-1696,B34,APP,PLANNED,câu hỏi thường gặp về app thuê xe tận nơi,App & Ứng dụng; câu hỏi thường gặp về app thuê xe tận nơi,informational-product,Câu Hỏi Thường Gặp về App Thuê xe Tận Nơi,cau-hoi-thuong-gap-ve-app-thue-xe-tan-noi,blog/app/cau-hoi-thuong-gap-ve-app-thue-xe-tan-noi/index.html,blog/app/,,no,no-external,blog/app/; /,none,yes,MotoAI Editorial,,,0,,,
BA-1697,B34,RENT,PLANNED,xe nào tiết kiệm xăng khi thuê chạy phố,Thuê xe máy; xe nào tiết kiệm xăng khi thuê chạy phố,commercial-informational,xe Nào Tiết Kiệm Xăng Khi Thuê Chạy Phố,xe-nao-tiet-kiem-xang-khi-thue-chay-pho,blog/thue-xe/xe-nao-tiet-kiem-xang-khi-thue-chay-pho/index.html,blog/thue-xe/,,no,no-external,blog/thue-xe/; /,none,yes,MotoAI Editorial,,,0,,,
BA-1698,B34,EV,PLANNED,app theo dõi pin xe điện dài hạn,Xe điện / xe máy điện; app theo dõi pin xe điện dài hạn,informational-product,App Theo Dõi Pin xe Điện Dài Hạn,app-theo-doi-pin-xe-dien-dai-han,blog/xe-dien/app-theo-doi-pin-xe-dien-dai-han/index.html,blog/xe-dien/,,no,no-external,blog/xe-dien/; /,none,yes,MotoAI Editorial,,,0,,,
BA-1699,B34,GUIDE,PLANNED,nhận xe ban đêm checklist,Hướng dẫn / thủ tục; nhận xe ban đêm checklist,informational,Nhận xe Ban Đêm Checklist,nhan-xe-ban-dem-checklist,blog/huong-dan/nhan-xe-ban-dem-checklist/index.html,blog/huong-dan/,,no,no-external,blog/huong-dan/; /,none,yes,MotoAI Editorial,,,0,,,
BA-1700,B34,LOCAL,PLANNED,cúc phương weekend buổi tối,Địa phương / du lịch; cúc phương weekend buổi tối,local-informational,Cúc Phương Weekend Buổi Tối,cuc-phuong-weekend-buoi-toi,blog/dia-phuong/cuc-phuong-weekend-buoi-toi/index.html,blog/dia-phuong/,Hà Nội (khu vực),no,no-external,blog/dia-phuong/; /,none,yes,MotoAI Editorial,,,0,,,
BA-1701,B35,APP,PLANNED,dùng ứng dụng thuê xe khi đi du lịch Hà Nội tận nơi,App & Ứng dụng; dùng ứng dụng thuê xe khi đi du lịch Hà Nội tận nơi,informational-product,Dùng Ứng Dụng Thuê xe Khi đi du Lịch Hà Nội Tận Nơi,dung-ung-dung-thue-xe-khi-di-du-lich-ha-noi-tan-noi,blog/app/dung-ung-dung-thue-xe-khi-di-du-lich-ha-noi-tan-noi/index.html,blog/app/,,no,no-external,blog/app/; /,none,yes,MotoAI Editorial,,,0,,,
BA-1702,B35,RENT,PLANNED,xe nào dễ điều khiển chạy phố,Thuê xe máy; xe nào dễ điều khiển chạy phố,commercial-informational,xe Nào dễ Điều Khiển Chạy Phố,xe-nao-de-dieu-khien-chay-pho,blog/thue-xe/xe-nao-de-dieu-khien-chay-pho/index.html,blog/thue-xe/,,no,no-external,blog/thue-xe/; /,none,yes,MotoAI Editorial,,,0,,,
BA-1703,B35,EV,PLANNED,ứng dụng tìm chỗ sạc xe dài hạn,Xe điện / xe máy điện; ứng dụng tìm chỗ sạc xe dài hạn,informational-product,Ứng Dụng Tìm Chỗ Sạc xe Dài Hạn,ung-dung-tim-cho-sac-xe-dai-han,blog/xe-dien/ung-dung-tim-cho-sac-xe-dai-han/index.html,blog/xe-dien/,,no,no-external,blog/xe-dien/; /,none,yes,MotoAI Editorial,,,0,,,
BA-1704,B35,GUIDE,PLANNED,giao xe tại khách sạn checklist,Hướng dẫn / thủ tục; giao xe tại khách sạn checklist,informational,Giao xe Tại Khách Sạn Checklist,giao-xe-tai-khach-san-checklist,blog/huong-dan/giao-xe-tai-khach-san-checklist/index.html,blog/huong-dan/,,no,no-external,blog/huong-dan/; /,none,yes,MotoAI Editorial,,,0,,,
BA-1705,B35,LOCAL,PLANNED,hành trình mài châu buổi tối,Địa phương / du lịch; hành trình mài châu buổi tối,local-informational,Hành Trình Mài Châu Buổi Tối,hanh-trinh-mai-chau-buoi-toi,blog/dia-phuong/hanh-trinh-mai-chau-buoi-toi/index.html,blog/dia-phuong/,Hà Nội (khu vực),no,no-external,blog/dia-phuong/; /,none,yes,MotoAI Editorial,,,0,,,
BA-1706,B35,APP,PLANNED,lộ trình tính năng của ứng dụng thuê xe máy tận nơi,App & Ứng dụng; lộ trình tính năng của ứng dụng thuê xe máy tận nơi,informational-product,lộ Trình Tính Năng Của Ứng Dụng Thuê xe Máy Tận Nơi,lo-trinh-tinh-nang-cua-ung-dung-thue-xe-may-tan-noi,blog/app/lo-trinh-tinh-nang-cua-ung-dung-thue-xe-may-tan-noi/index.html,blog/app/,,no,no-external,blog/app/; /,none,yes,MotoAI Editorial,,,0,,,
BA-1707,B35,RENT,PLANNED,thuê xe máy cũ hay mới chạy phố,Thuê xe máy; thuê xe máy cũ hay mới chạy phố,commercial-informational,Thuê xe Máy cũ Hay Mới Chạy Phố,thue-xe-may-cu-hay-moi-chay-pho,blog/thue-xe/thue-xe-may-cu-hay-moi-chay-pho/index.html,blog/thue-xe/,,no,no-external,blog/thue-xe/; /,none,yes,MotoAI Editorial,,,0,,,
BA-1708,B35,EV,PLANNED,công cụ ước tính quãng đường xe điện dài hạn,Xe điện / xe máy điện; công cụ ước tính quãng đường xe điện dài hạn,informational-product,Công cụ Ước Tính Quãng Đường xe Điện Dài Hạn,cong-cu-uoc-tinh-quang-duong-xe-dien-dai-han,blog/xe-dien/cong-cu-uoc-tinh-quang-duong-xe-dien-dai-han/index.html,blog/xe-dien/,,no,no-external,blog/xe-dien/; /,none,yes,MotoAI Editorial,,,0,,,
BA-1709,B35,GUIDE,PLANNED,giao xe tại sân bay nội bài checklist,Hướng dẫn / thủ tục; giao xe tại sân bay nội bài checklist,informational,Giao xe Tại Sân Bay Nội Bài Checklist,giao-xe-tai-san-bay-noi-bai-checklist,blog/huong-dan/giao-xe-tai-san-bay-noi-bai-checklist/index.html,blog/huong-dan/,,no,no-external,blog/huong-dan/; /,none,yes,MotoAI Editorial,,,0,,,
BA-1710,B35,LOCAL,PLANNED,đà lạt đường xa buổi tối,Địa phương / du lịch; đà lạt đường xa buổi tối,local-informational,đà Lạt Đường xa Buổi Tối,da-lat-duong-xa-buoi-toi,blog/dia-phuong/da-lat-duong-xa-buoi-toi/index.html,blog/dia-phuong/,Hà Nội (khu vực),no,no-external,blog/dia-phuong/; /,none,yes,MotoAI Editorial,,,0,,,
BA-1711,B35,APP,PLANNED,ứng dụng thuê xe và khách vãng lai tận nơi,App & Ứng dụng; ứng dụng thuê xe và khách vãng lai tận nơi,informational-product,Ứng Dụng Thuê xe và Khách Vãng Lai Tận Nơi,ung-dung-thue-xe-va-khach-vang-lai-tan-noi,blog/app/ung-dung-thue-xe-va-khach-vang-lai-tan-noi/index.html,blog/app/,,no,no-external,blog/app/; /,none,yes,MotoAI Editorial,,,0,,,
BA-1712,B35,RENT,PLANNED,tình trạng xe tại cửa hàng chạy phố,Thuê xe máy; tình trạng xe tại cửa hàng chạy phố,commercial-informational,Tình Trạng xe Tại Cửa Hàng Chạy Phố,tinh-trang-xe-tai-cua-hang-chay-pho,blog/thue-xe/tinh-trang-xe-tai-cua-hang-chay-pho/index.html,blog/thue-xe/,,no,no-external,blog/thue-xe/; /,none,yes,MotoAI Editorial,,,0,,,
BA-1713,B35,EV,PLANNED,xe điện và mùi môi trường dài hạn,Xe điện / xe máy điện; xe điện và mùi môi trường dài hạn,informational-product,xe Điện và Mùi Môi Trường Dài Hạn,xe-dien-va-mui-moi-truong-dai-han,blog/xe-dien/xe-dien-va-mui-moi-truong-dai-han/index.html,blog/xe-dien/,,no,no-external,blog/xe-dien/; /,none,yes,MotoAI Editorial,,,0,,,
BA-1714,B35,GUIDE,PLANNED,thuê xe và check-in khách sạn checklist,Hướng dẫn / thủ tục; thuê xe và check-in khách sạn checklist,informational,Thuê xe và Check-in Khách Sạn Checklist,thue-xe-va-check-in-khach-san-checklist,blog/huong-dan/thue-xe-va-check-in-khach-san-checklist/index.html,blog/huong-dan/,,no,no-external,blog/huong-dan/; /,none,yes,MotoAI Editorial,,,0,,,
BA-1715,B35,LOCAL,PLANNED,huế xuyên việt buổi tối,Địa phương / du lịch; huế xuyên việt buổi tối,local-informational,Huế Xuyên Việt Buổi Tối,hue-xuyen-viet-buoi-toi,blog/dia-phuong/hue-xuyen-viet-buoi-toi/index.html,blog/dia-phuong/,Hà Nội (khu vực),no,no-external,blog/dia-phuong/; /,none,yes,MotoAI Editorial,,,0,,,
BA-1716,B35,APP,PLANNED,cách gửi feedback cho ứng dụng thuê xe tận nơi,App & Ứng dụng; cách gửi feedback cho ứng dụng thuê xe tận nơi,informational-product,Cách Gửi Feedback Cho Ứng Dụng Thuê xe Tận Nơi,cach-gui-feedback-cho-ung-dung-thue-xe-tan-noi,blog/app/cach-gui-feedback-cho-ung-dung-thue-xe-tan-noi/index.html,blog/app/,,no,no-external,blog/app/; /,none,yes,MotoAI Editorial,,,0,,,
BA-1717,B35,RENT,PLANNED,đồngo kèm theo xe thuê chạy phố,Thuê xe máy; đồngo kèm theo xe thuê chạy phố,commercial-informational,Đồngo Kèm Theo xe Thuê Chạy Phố,dongo-kem-theo-xe-thue-chay-pho,blog/thue-xe/dongo-kem-theo-xe-thue-chay-pho/index.html,blog/thue-xe/,,no,no-external,blog/thue-xe/; /,none,yes,MotoAI Editorial,,,0,,,
BA-1718,B35,EV,PLANNED,xe điện giảm tiếng ồn phố dài hạn,Xe điện / xe máy điện; xe điện giảm tiếng ồn phố dài hạn,informational-product,xe Điện Giảm Tiếng ồn Phố Dài Hạn,xe-dien-giam-tieng-on-pho-dai-han,blog/xe-dien/xe-dien-giam-tieng-on-pho-dai-han/index.html,blog/xe-dien/,,no,no-external,blog/xe-dien/; /,none,yes,MotoAI Editorial,,,0,,,
BA-1719,B35,GUIDE,PLANNED,lên kế hoạch hành trình với agent checklist,Hướng dẫn / thủ tục; lên kế hoạch hành trình với agent checklist,informational,Lên kế Hoạch Hành Trình Với Agent Checklist,len-ke-hoach-hanh-trinh-voi-agent-checklist,blog/huong-dan/len-ke-hoach-hanh-trinh-voi-agent-checklist/index.html,blog/huong-dan/,,no,no-external,blog/huong-dan/; /,none,yes,MotoAI Editorial,,,0,,,
BA-1720,B35,LOCAL,PLANNED,đà nẵng hành trình bắc nam buổi tối,Địa phương / du lịch; đà nẵng hành trình bắc nam buổi tối,local-informational,đà Nẵng Hành Trình Bắc Nam Buổi Tối,da-nang-hanh-trinh-bac-nam-buoi-toi,blog/dia-phuong/da-nang-hanh-trinh-bac-nam-buoi-toi/index.html,blog/dia-phuong/,Hà Nội (khu vực),no,no-external,blog/dia-phuong/; /,none,yes,MotoAI Editorial,,,0,,,
BA-1721,B35,APP,PLANNED,module gợi ý xe trong ứng dụng thuê xe tận nơi,App & Ứng dụng; module gợi ý xe trong ứng dụng thuê xe tận nơi,informational-product,Module Gợi ý xe Trong Ứng Dụng Thuê xe Tận Nơi,module-goi-y-xe-trong-ung-dung-thue-xe-tan-noi,blog/app/module-goi-y-xe-trong-ung-dung-thue-xe-tan-noi/index.html,blog/app/,,no,no-external,blog/app/; /,none,yes,MotoAI Editorial,,,0,,,
BA-1722,B35,RENT,PLANNED,mũ bảo hiểm khi thuê xe chạy phố,Thuê xe máy; mũ bảo hiểm khi thuê xe chạy phố,commercial-informational,mũ Bảo Hiểm Khi Thuê xe Chạy Phố,mu-bao-hiem-khi-thue-xe-chay-pho,blog/thue-xe/mu-bao-hiem-khi-thue-xe-chay-pho/index.html,blog/thue-xe/,,no,no-external,blog/thue-xe/; /,none,yes,MotoAI Editorial,,,0,,,
BA-1723,B35,EV,PLANNED,chính sách khuyến khích xe điện dài hạn,Xe điện / xe máy điện; chính sách khuyến khích xe điện dài hạn,informational-product,Chính Sách Khuyến Khích xe Điện Dài Hạn,chinh-sach-khuyen-khich-xe-dien-dai-han,blog/xe-dien/chinh-sach-khuyen-khich-xe-dien-dai-han/index.html,blog/xe-dien/,,no,no-external,blog/xe-dien/; /,none,yes,MotoAI Editorial,,,0,,,
BA-1724,B35,GUIDE,PLANNED,tính lộ trình thuê xe theo ngày checklist,Hướng dẫn / thủ tục; tính lộ trình thuê xe theo ngày checklist,informational,Tính lộ Trình Thuê xe Theo Ngày Checklist,tinh-lo-trinh-thue-xe-theo-ngay-checklist,blog/huong-dan/tinh-lo-trinh-thue-xe-theo-ngay-checklist/index.html,blog/huong-dan/,,no,no-external,blog/huong-dan/; /,none,yes,MotoAI Editorial,,,0,,,
BA-1725,B35,LOCAL,PLANNED,hội an cuối tuần buổi tối,Địa phương / du lịch; hội an cuối tuần buổi tối,local-informational,Hội an Cuối Tuần Buổi Tối,hoi-an-cuoi-tuan-buoi-toi,blog/dia-phuong/hoi-an-cuoi-tuan-buoi-toi/index.html,blog/dia-phuong/,Hà Nội (khu vực),no,no-external,blog/dia-phuong/; /,none,yes,MotoAI Editorial,,,0,,,
BA-1726,B35,APP,PLANNED,tại sao nên dùng ứng dụng trước khi gọi điện tận nơi,App & Ứng dụng; tại sao nên dùng ứng dụng trước khi gọi điện tận nơi,informational-product,Tại Sao Nên Dùng Ứng Dụng Trước Khi Gọi Điện Tận Nơi,tai-sao-nen-dung-ung-dung-truoc-khi-goi-dien-tan-noi,blog/app/tai-sao-nen-dung-ung-dung-truoc-khi-goi-dien-tan-noi/index.html,blog/app/,,no,no-external,blog/app/; /,none,yes,MotoAI Editorial,,,0,,,
BA-1727,B35,RENT,PLANNED,áo mưa khi thuê xe máy chạy phố,Thuê xe máy; áo mưa khi thuê xe máy chạy phố,commercial-informational,áo Mưa Khi Thuê xe Máy Chạy Phố,ao-mua-khi-thue-xe-may-chay-pho,blog/thue-xe/ao-mua-khi-thue-xe-may-chay-pho/index.html,blog/thue-xe/,,no,no-external,blog/thue-xe/; /,none,yes,MotoAI Editorial,,,0,,,
BA-1728,B35,EV,PLANNED,xe điện hết hạn pin dài hạn,Xe điện / xe máy điện; xe điện hết hạn pin dài hạn,informational-product,xe Điện Hết Hạn Pin Dài Hạn,xe-dien-het-han-pin-dai-han,blog/xe-dien/xe-dien-het-han-pin-dai-han/index.html,blog/xe-dien/,,no,no-external,blog/xe-dien/; /,none,yes,MotoAI Editorial,,,0,,,
BA-1729,B35,GUIDE,PLANNED,đi chợ bằng xe thuê checklist,Hướng dẫn / thủ tục; đi chợ bằng xe thuê checklist,informational,đi Chợ Bằng xe Thuê Checklist,di-cho-bang-xe-thue-checklist,blog/huong-dan/di-cho-bang-xe-thue-checklist/index.html,blog/huong-dan/,,no,no-external,blog/huong-dan/; /,none,yes,MotoAI Editorial,,,0,,,
BA-1730,B35,LOCAL,PLANNED,sài gòn đường nam buổi tối,Địa phương / du lịch; sài gòn đường nam buổi tối,local-informational,Sài Gòn Đường Nam Buổi Tối,sai-gon-duong-nam-buoi-toi,blog/dia-phuong/sai-gon-duong-nam-buoi-toi/index.html,blog/dia-phuong/,Hà Nội (khu vực),no,no-external,blog/dia-phuong/; /,none,yes,MotoAI Editorial,,,0,,,
BA-1731,B35,APP,PLANNED,soạn câu hỏi hiệu quả cho Agent thuê xe tận nơi,App & Ứng dụng; soạn câu hỏi hiệu quả cho Agent thuê xe tận nơi,informational-product,Soạn Câu Hỏi Hiệu Quả Cho Agent Thuê xe Tận Nơi,soan-cau-hoi-hieu-qua-cho-agent-thue-xe-tan-noi,blog/app/soan-cau-hoi-hieu-qua-cho-agent-thue-xe-tan-noi/index.html,blog/app/,,no,no-external,blog/app/; /,none,yes,MotoAI Editorial,,,0,,,
BA-1732,B35,RENT,PLANNED,giá xe tháng cho sinh viên chạy phố,Thuê xe máy; giá xe tháng cho sinh viên chạy phố,commercial-informational,Giá xe Tháng Cho Sinh Viên Chạy Phố,gia-xe-thang-cho-sinh-vien-chay-pho,blog/thue-xe/gia-xe-thang-cho-sinh-vien-chay-pho/index.html,blog/thue-xe/,,no,no-external,blog/thue-xe/; /,none,yes,MotoAI Editorial,,,0,,,
BA-1733,B35,EV,PLANNED,thuê xe điện ban đêm dài hạn,Xe điện / xe máy điện; thuê xe điện ban đêm dài hạn,informational-product,Thuê xe Điện Ban Đêm Dài Hạn,thue-xe-dien-ban-dem-dai-han,blog/xe-dien/thue-xe-dien-ban-dem-dai-han/index.html,blog/xe-dien/,,no,no-external,blog/xe-dien/; /,none,yes,MotoAI Editorial,,,0,,,
BA-1734,B35,GUIDE,PLANNED,mua sắm và chở đồ checklist,Hướng dẫn / thủ tục; mua sắm và chở đồ checklist,informational,Mua Sắm và Chở đồ Checklist,mua-sam-va-cho-do-checklist,blog/huong-dan/mua-sam-va-cho-do-checklist/index.html,blog/huong-dan/,,no,no-external,blog/huong-dan/; /,none,yes,MotoAI Editorial,,,0,,,
BA-1735,B35,LOCAL,PLANNED,mekong delta ride buổi tối,Địa phương / du lịch; mekong delta ride buổi tối,local-informational,Mekong Delta Ride Buổi Tối,mekong-delta-ride-buoi-toi,blog/dia-phuong/mekong-delta-ride-buoi-toi/index.html,blog/dia-phuong/,Hà Nội (khu vực),no,no-external,blog/dia-phuong/; /,none,yes,MotoAI Editorial,,,0,,,
BA-1736,B35,APP,PLANNED,ứng dụng thuê xe và người mới biết lái xe tận nơi,App & Ứng dụng; ứng dụng thuê xe và người mới biết lái xe tận nơi,informational-product,Ứng Dụng Thuê xe và Người Mới Biết Lái xe Tận Nơi,ung-dung-thue-xe-va-nguoi-moi-biet-lai-xe-tan-noi,blog/app/ung-dung-thue-xe-va-nguoi-moi-biet-lai-xe-tan-noi/index.html,blog/app/,,no,no-external,blog/app/; /,none,yes,MotoAI Editorial,,,0,,,
BA-1737,B35,RENT,PLANNED,thuê xe dài hạn cho người đi làm chạy phố,Thuê xe máy; thuê xe dài hạn cho người đi làm chạy phố,commercial-informational,Thuê xe Dài Hạn Cho Người đi Làm Chạy Phố,thue-xe-dai-han-cho-nguoi-di-lam-chay-pho,blog/thue-xe/thue-xe-dai-han-cho-nguoi-di-lam-chay-pho/index.html,blog/thue-xe/,,no,no-external,blog/thue-xe/; /,none,yes,MotoAI Editorial,,,0,,,
BA-1738,B35,EV,PLANNED,xe điện và thời tiết lạnh dài hạn,Xe điện / xe máy điện; xe điện và thời tiết lạnh dài hạn,informational-product,xe Điện và Thời Tiết Lạnh Dài Hạn,xe-dien-va-thoi-tiet-lanh-dai-han,blog/xe-dien/xe-dien-va-thoi-tiet-lanh-dai-han/index.html,blog/xe-dien/,,no,no-external,blog/xe-dien/; /,none,yes,MotoAI Editorial,,,0,,,
BA-1739,B35,GUIDE,PLANNED,ăn uống và lái xe an toàn checklist,Hướng dẫn / thủ tục; ăn uống và lái xe an toàn checklist,informational,ăn Uống và Lái xe an Toàn Checklist,an-uong-va-lai-xe-an-toan-checklist,blog/huong-dan/an-uong-va-lai-xe-an-toan-checklist/index.html,blog/huong-dan/,,no,no-external,blog/huong-dan/; /,none,yes,MotoAI Editorial,,,0,,,
BA-1740,B35,LOCAL,PLANNED,ha giang vòng cung buổi tối,Địa phương / du lịch; ha giang vòng cung buổi tối,local-informational,ha Giang Vòng Cung Buổi Tối,ha-giang-vong-cung-buoi-toi,blog/dia-phuong/ha-giang-vong-cung-buoi-toi/index.html,blog/dia-phuong/,Hà Nội (khu vực),no,no-external,blog/dia-phuong/; /,none,yes,MotoAI Editorial,,,0,,,
BA-1741,B35,APP,PLANNED,cảnh giác với app thuê xe giả mạo tận nơi,App & Ứng dụng; cảnh giác với app thuê xe giả mạo tận nơi,informational-product,Cảnh Giác Với App Thuê xe Giả Mạo Tận Nơi,canh-giac-voi-app-thue-xe-gia-mao-tan-noi,blog/app/canh-giac-voi-app-thue-xe-gia-mao-tan-noi/index.html,blog/app/,,no,no-external,blog/app/; /,none,yes,MotoAI Editorial,,,0,,,
BA-1742,B35,RENT,PLANNED,hợp đồng thuê xe máy chạy phố,Thuê xe máy; hợp đồng thuê xe máy chạy phố,commercial-informational,Hợp Đồng Thuê xe Máy Chạy Phố,hop-dong-thue-xe-may-chay-pho,blog/thue-xe/hop-dong-thue-xe-may-chay-pho/index.html,blog/thue-xe/,,no,no-external,blog/thue-xe/; /,none,yes,MotoAI Editorial,,,0,,,
BA-1743,B35,EV,PLANNED,xe điện và đường dốc dài hạn,Xe điện / xe máy điện; xe điện và đường dốc dài hạn,informational-product,xe Điện và Đường Dốc Dài Hạn,xe-dien-va-duong-doc-dai-han,blog/xe-dien/xe-dien-va-duong-doc-dai-han/index.html,blog/xe-dien/,,no,no-external,blog/xe-dien/; /,none,yes,MotoAI Editorial,,,0,,,
BA-1744,B35,GUIDE,PLANNED,trời mưa thuê xe máy checklist,Hướng dẫn / thủ tục; trời mưa thuê xe máy checklist,informational,Trời Mưa Thuê xe Máy Checklist,troi-mua-thue-xe-may-checklist,blog/huong-dan/troi-mua-thue-xe-may-checklist/index.html,blog/huong-dan/,,no,no-external,blog/huong-dan/; /,none,yes,MotoAI Editorial,,,0,,,
BA-1745,B35,LOCAL,PLANNED,cao nguyên đá đồng văn buổi tối,Địa phương / du lịch; cao nguyên đá đồng văn buổi tối,local-informational,Cao Nguyên đá Đồng Văn Buổi Tối,cao-nguyen-da-dong-van-buoi-toi,blog/dia-phuong/cao-nguyen-da-dong-van-buoi-toi/index.html,blog/dia-phuong/,Hà Nội (khu vực),no,no-external,blog/dia-phuong/; /,none,yes,MotoAI Editorial,,,0,,,
BA-1746,B35,APP,PLANNED,trợ lý thuê xe xử lý câu hỏi đa ngôn ngữ tận nơi,App & Ứng dụng; trợ lý thuê xe xử lý câu hỏi đa ngôn ngữ tận nơi,informational-product,Trợ lý Thuê xe xử lý Câu Hỏi đa Ngôn Ngữ Tận Nơi,tro-ly-thue-xe-xu-ly-cau-hoi-da-ngon-ngu-tan-noi,blog/app/tro-ly-thue-xe-xu-ly-cau-hoi-da-ngon-ngu-tan-noi/index.html,blog/app/,,no,no-external,blog/app/; /,none,yes,MotoAI Editorial,,,0,,,
BA-1747,B35,RENT,PLANNED,thuê xe công ty cho nhân viên chạy phố,Thuê xe máy; thuê xe công ty cho nhân viên chạy phố,commercial-informational,Thuê xe Công ty Cho Nhân Viên Chạy Phố,thue-xe-cong-ty-cho-nhan-vien-chay-pho,blog/thue-xe/thue-xe-cong-ty-cho-nhan-vien-chay-pho/index.html,blog/thue-xe/,,no,no-external,blog/thue-xe/; /,none,yes,MotoAI Editorial,,,0,,,
BA-1748,B35,EV,PLANNED,lốp xe điện dài hạn,Xe điện / xe máy điện; lốp xe điện dài hạn,informational-product,Lốp xe Điện Dài Hạn,lop-xe-dien-dai-han,blog/xe-dien/lop-xe-dien-dai-han/index.html,blog/xe-dien/,,no,no-external,blog/xe-dien/; /,none,yes,MotoAI Editorial,,,0,,,
BA-1749,B35,GUIDE,PLANNED,mùa đông thuê xe hà nội checklist,Hướng dẫn / thủ tục; mùa đông thuê xe hà nội checklist,informational,Mùa Đông Thuê xe hà Nội Checklist,mua-dong-thue-xe-ha-noi-checklist,blog/huong-dan/mua-dong-thue-xe-ha-noi-checklist/index.html,blog/huong-dan/,,no,no-external,blog/huong-dan/; /,none,yes,MotoAI Editorial,,,0,,,
BA-1750,B35,LOCAL,PLANNED,mèo vạc đồng cao buổi tối,Địa phương / du lịch; mèo vạc đồng cao buổi tối,local-informational,Mèo Vạc Đồng Cao Buổi Tối,meo-vac-dong-cao-buoi-toi,blog/dia-phuong/meo-vac-dong-cao-buoi-toi/index.html,blog/dia-phuong/,Hà Nội (khu vực),no,no-external,blog/dia-phuong/; /,none,yes,MotoAI Editorial,,,0,,,
BA-1751,B36,APP,PLANNED,tính năng tìm hiểu thủ tục trong app tận nơi,App & Ứng dụng; tính năng tìm hiểu thủ tục trong app tận nơi,informational-product,Tính Năng Tìm Hiểu Thủ Tục Trong App Tận Nơi,tinh-nang-tim-hieu-thu-tuc-trong-app-tan-noi,blog/app/tinh-nang-tim-hieu-thu-tuc-trong-app-tan-noi/index.html,blog/app/,,no,no-external,blog/app/; /,none,yes,MotoAI Editorial,,,0,,,
BA-1752,B36,RENT,PLANNED,thuê xe máy giá rẻ cuối tuần,Thuê xe máy; thuê xe máy giá rẻ cuối tuần,commercial-informational,Thuê xe Máy Giá rẻ Cuối Tuần,thue-xe-may-gia-re-cuoi-tuan,blog/thue-xe/thue-xe-may-gia-re-cuoi-tuan/index.html,blog/thue-xe/,,no,no-external,blog/thue-xe/; /,none,yes,MotoAI Editorial,,,0,,,
BA-1753,B36,LOCAL,PLANNED,thuê xe máy quanh long biên mùa thu,Địa phương / du lịch; thuê xe máy quanh long biên mùa thu,local-informational,Thuê xe Máy Quanh Long Biên Mùa Thu,thue-xe-may-quanh-long-bien-mua-thu,blog/dia-phuong/thue-xe-may-quanh-long-bien-mua-thu/index.html,blog/dia-phuong/,Long Biên,no,no-external,blog/dia-phuong/; /,none,yes,MotoAI Editorial,,,0,,,
BA-1754,B36,APP,PLANNED,quy trình tư vấn tự động chọn xe tận nơi,App & Ứng dụng; quy trình tư vấn tự động chọn xe tận nơi,informational-product,Quy Trình tư Vấn tự Động Chọn xe Tận Nơi,quy-trinh-tu-van-tu-dong-chon-xe-tan-noi,blog/app/quy-trinh-tu-van-tu-dong-chon-xe-tan-noi/index.html,blog/app/,,no,no-external,blog/app/; /,none,yes,MotoAI Editorial,,,0,,,
BA-1755,B36,RENT,PLANNED,giá thuê xe máy theo ngày cuối tuần,Thuê xe máy; giá thuê xe máy theo ngày cuối tuần,commercial-informational,Giá Thuê xe Máy Theo Ngày Cuối Tuần,gia-thue-xe-may-theo-ngay-cuoi-tuan,blog/thue-xe/gia-thue-xe-may-theo-ngay-cuoi-tuan/index.html,blog/thue-xe/,,no,no-external,blog/thue-xe/; /,none,yes,MotoAI Editorial,,,0,,,
BA-1756,B36,LOCAL,PLANNED,đi phố cổ bằng xe máy mùa thu,Địa phương / du lịch; đi phố cổ bằng xe máy mùa thu,local-informational,đi Phố cổ Bằng xe Máy Mùa Thu,di-pho-co-bang-xe-may-mua-thu,blog/dia-phuong/di-pho-co-bang-xe-may-mua-thu/index.html,blog/dia-phuong/,Phố cổ,no,no-external,blog/dia-phuong/; /,none,yes,MotoAI Editorial,,,0,,,
BA-1757,B36,APP,PLANNED,ứng dụng hỗ trợ thuê xe theo tháng tận nơi,App & Ứng dụng; ứng dụng hỗ trợ thuê xe theo tháng tận nơi,informational-product,Ứng Dụng hỗ Trợ Thuê xe Theo Tháng Tận Nơi,ung-dung-ho-tro-thue-xe-theo-thang-tan-noi,blog/app/ung-dung-ho-tro-thue-xe-theo-thang-tan-noi/index.html,blog/app/,,no,no-external,blog/app/; /,none,yes,MotoAI Editorial,,,0,,,
BA-1758,B36,RENT,PLANNED,thuê xe máy theo tuần cuối tuần,Thuê xe máy; thuê xe máy theo tuần cuối tuần,commercial-informational,Thuê xe Máy Theo Tuần Cuối Tuần,thue-xe-may-theo-tuan-cuoi-tuan,blog/thue-xe/thue-xe-may-theo-tuan-cuoi-tuan/index.html,blog/thue-xe/,,no,no-external,blog/thue-xe/; /,none,yes,MotoAI Editorial,,,0,,,
BA-1759,B36,LOCAL,PLANNED,du lịch hoàn kiếm bằng xe máy mùa thu,Địa phương / du lịch; du lịch hoàn kiếm bằng xe máy mùa thu,local-informational,du Lịch Hoàn Kiếm Bằng xe Máy Mùa Thu,du-lich-hoan-kiem-bang-xe-may-mua-thu,blog/dia-phuong/du-lich-hoan-kiem-bang-xe-may-mua-thu/index.html,blog/dia-phuong/,Hoàn Kiếm,no,no-external,blog/dia-phuong/; /,none,yes,MotoAI Editorial,,,0,,,
BA-1760,B36,APP,PLANNED,chọn thời điểm thuê xe bằng ứng dụng tận nơi,App & Ứng dụng; chọn thời điểm thuê xe bằng ứng dụng tận nơi,informational-product,Chọn Thời Điểm Thuê xe Bằng Ứng Dụng Tận Nơi,chon-thoi-diem-thue-xe-bang-ung-dung-tan-noi,blog/app/chon-thoi-diem-thue-xe-bang-ung-dung-tan-noi/index.html,blog/app/,,no,no-external,blog/app/; /,none,yes,MotoAI Editorial,,,0,,,
BA-1761,B36,RENT,PLANNED,thuê xe máy theo tháng cuối tuần,Thuê xe máy; thuê xe máy theo tháng cuối tuần,commercial-informational,Thuê xe Máy Theo Tháng Cuối Tuần,thue-xe-may-theo-thang-cuoi-tuan,blog/thue-xe/thue-xe-may-theo-thang-cuoi-tuan/index.html,blog/thue-xe/,,no,no-external,blog/thue-xe/; /,none,yes,MotoAI Editorial,,,0,,,
BA-1762,B36,LOCAL,PLANNED,hồ tây và xe máy mùa thu,Địa phương / du lịch; hồ tây và xe máy mùa thu,local-informational,hồ Tây và xe Máy Mùa Thu,ho-tay-va-xe-may-mua-thu,blog/dia-phuong/ho-tay-va-xe-may-mua-thu/index.html,blog/dia-phuong/,hồ Tây,no,no-external,blog/dia-phuong/; /,none,yes,MotoAI Editorial,,,0,,,
BA-1763,B36,APP,PLANNED,câu chuyện người dùng ứng dụng thuê xe tận nơi,App & Ứng dụng; câu chuyện người dùng ứng dụng thuê xe tận nơi,informational-product,Câu Chuyện Người Dùng Ứng Dụng Thuê xe Tận Nơi,cau-chuyen-nguoi-dung-ung-dung-thue-xe-tan-noi,blog/app/cau-chuyen-nguoi-dung-ung-dung-thue-xe-tan-noi/index.html,blog/app/,,no,no-external,blog/app/; /,none,yes,MotoAI Editorial,,,0,,,
BA-1764,B36,RENT,PLANNED,cho thuê xe máy thủ tục đơn giản cuối tuần,Thuê xe máy; cho thuê xe máy thủ tục đơn giản cuối tuần,commercial-informational,Cho Thuê xe Máy Thủ Tục Đơn Giản Cuối Tuần,cho-thue-xe-may-thu-tuc-don-gian-cuoi-tuan,blog/thue-xe/cho-thue-xe-may-thu-tuc-don-gian-cuoi-tuan/index.html,blog/thue-xe/,,no,no-external,blog/thue-xe/; /,none,yes,MotoAI Editorial,,,0,,,
BA-1765,B36,LOCAL,PLANNED,ba đình xe máy phượng mùa thu,Địa phương / du lịch; ba đình xe máy phượng mùa thu,local-informational,ba Đình xe Máy Phượng Mùa Thu,ba-dinh-xe-may-phuong-mua-thu,blog/dia-phuong/ba-dinh-xe-may-phuong-mua-thu/index.html,blog/dia-phuong/,ba Đình,no,no-external,blog/dia-phuong/; /,none,yes,MotoAI Editorial,,,0,,,
BA-1766,B36,APP,PLANNED,app thuê xe máy là gì câu hỏi thường gặp,App & Ứng dụng; app thuê xe máy là gì câu hỏi thường gặp,informational-product,App Thuê xe Máy là gì Câu Hỏi Thường Gặp,app-thue-xe-may-la-gi-cau-hoi-thuong-gap,blog/app/app-thue-xe-may-la-gi-cau-hoi-thuong-gap/index.html,blog/app/,,no,no-external,blog/app/; /,none,yes,MotoAI Editorial,,,0,,,
BA-1767,B36,RENT,PLANNED,thuê xe số cuối tuần,Thuê xe máy; thuê xe số cuối tuần,commercial-informational,Thuê xe số Cuối Tuần,thue-xe-so-cuoi-tuan,blog/thue-xe/thue-xe-so-cuoi-tuan/index.html,blog/thue-xe/,,no,no-external,blog/thue-xe/; /,none,yes,MotoAI Editorial,,,0,,,
BA-1768,B36,LOCAL,PLANNED,cầu giấy đi xe máy mùa thu,Địa phương / du lịch; cầu giấy đi xe máy mùa thu,local-informational,Cầu Giấy đi xe Máy Mùa Thu,cau-giay-di-xe-may-mua-thu,blog/dia-phuong/cau-giay-di-xe-may-mua-thu/index.html,blog/dia-phuong/,Cầu Giấy,no,no-external,blog/dia-phuong/; /,none,yes,MotoAI Editorial,,,0,,,
BA-1769,B36,APP,PLANNED,cách dùng ứng dụng thuê xe máy câu hỏi thường gặp,App & Ứng dụng; cách dùng ứng dụng thuê xe máy câu hỏi thường gặp,informational-product,Cách Dùng Ứng Dụng Thuê xe Máy Câu Hỏi Thường Gặp,cach-dung-ung-dung-thue-xe-may-cau-hoi-thuong-gap,blog/app/cach-dung-ung-dung-thue-xe-may-cau-hoi-thuong-gap/index.html,blog/app/,,no,no-external,blog/app/; /,none,yes,MotoAI Editorial,,,0,,,
BA-1770,B36,RENT,PLANNED,thuê xe ga cuối tuần,Thuê xe máy; thuê xe ga cuối tuần,commercial-informational,Thuê xe ga Cuối Tuần,thue-xe-ga-cuoi-tuan,blog/thue-xe/thue-xe-ga-cuoi-tuan/index.html,blog/thue-xe/,,no,no-external,blog/thue-xe/; /,none,yes,MotoAI Editorial,,,0,,,
BA-1771,B36,LOCAL,PLANNED,đống đa và xe máy mùa thu,Địa phương / du lịch; đống đa và xe máy mùa thu,local-informational,Đống đa và xe Máy Mùa Thu,dong-da-va-xe-may-mua-thu,blog/dia-phuong/dong-da-va-xe-may-mua-thu/index.html,blog/dia-phuong/,Đống đa,no,no-external,blog/dia-phuong/; /,none,yes,MotoAI Editorial,,,0,,,
BA-1772,B36,APP,PLANNED,ứng dụng thuê xe có an toàn không câu hỏi thường gặp,App & Ứng dụng; ứng dụng thuê xe có an toàn không câu hỏi thường gặp,informational-product,Ứng Dụng Thuê xe có an Toàn Không Câu Hỏi Thường Gặp,ung-dung-thue-xe-co-an-toan-khong-cau-hoi-thuong-gap,blog/app/ung-dung-thue-xe-co-an-toan-khong-cau-hoi-thuong-gap/index.html,blog/app/,,no,no-external,blog/app/; /,none,yes,MotoAI Editorial,,,0,,,
BA-1773,B36,RENT,PLANNED,thuê xe 50cc cuối tuần,Thuê xe máy; thuê xe 50cc cuối tuần,commercial-informational,Thuê xe 50cc Cuối Tuần,thue-xe-50cc-cuoi-tuan,blog/thue-xe/thue-xe-50cc-cuoi-tuan/index.html,blog/thue-xe/,,no,no-external,blog/thue-xe/; /,none,yes,MotoAI Editorial,,,0,,,
BA-1774,B36,LOCAL,PLANNED,thanh xuân đường đi mùa thu,Địa phương / du lịch; thanh xuân đường đi mùa thu,local-informational,Thanh Xuân Đường đi Mùa Thu,thanh-xuan-duong-di-mua-thu,blog/dia-phuong/thanh-xuan-duong-di-mua-thu/index.html,blog/dia-phuong/,Thanh Xuân,no,no-external,blog/dia-phuong/; /,none,yes,MotoAI Editorial,,,0,,,
BA-1775,B36,APP,PLANNED,cách tính giá thuê xe bằng app câu hỏi thường gặp,App & Ứng dụng; cách tính giá thuê xe bằng app câu hỏi thường gặp,informational-product,Cách Tính Giá Thuê xe Bằng App Câu Hỏi Thường Gặp,cach-tinh-gia-thue-xe-bang-app-cau-hoi-thuong-gap,blog/app/cach-tinh-gia-thue-xe-bang-app-cau-hoi-thuong-gap/index.html,blog/app/,,no,no-external,blog/app/; /,none,yes,MotoAI Editorial,,,0,,,
BA-1776,B36,RENT,PLANNED,thuê honda vision cuối tuần,Thuê xe máy; thuê honda vision cuối tuần,commercial-informational,Thuê Honda Vision Cuối Tuần,thue-honda-vision-cuoi-tuan,blog/thue-xe/thue-honda-vision-cuoi-tuan/index.html,blog/thue-xe/,,no,no-external,blog/thue-xe/; /,none,yes,MotoAI Editorial,,,0,,,
BA-1777,B36,LOCAL,PLANNED,hai bà trưng hành trình mùa thu,Địa phương / du lịch; hai bà trưng hành trình mùa thu,local-informational,Hai bà Trưng Hành Trình Mùa Thu,hai-ba-trung-hanh-trinh-mua-thu,blog/dia-phuong/hai-ba-trung-hanh-trinh-mua-thu/index.html,blog/dia-phuong/,Hai bà Trưng,no,no-external,blog/dia-phuong/; /,none,yes,MotoAI Editorial,,,0,,,
BA-1778,B36,APP,PLANNED,chọn xe bằng Agent câu hỏi thường gặp,App & Ứng dụng; chọn xe bằng Agent câu hỏi thường gặp,informational-product,Chọn xe Bằng Agent Câu Hỏi Thường Gặp,chon-xe-bang-agent-cau-hoi-thuong-gap,blog/app/chon-xe-bang-agent-cau-hoi-thuong-gap/index.html,blog/app/,,no,no-external,blog/app/; /,none,yes,MotoAI Editorial,,,0,,,
BA-1779,B36,RENT,PLANNED,thuê honda air blade cuối tuần,Thuê xe máy; thuê honda air blade cuối tuần,commercial-informational,Thuê Honda Air Blade Cuối Tuần,thue-honda-air-blade-cuoi-tuan,blog/thue-xe/thue-honda-air-blade-cuoi-tuan/index.html,blog/thue-xe/,,no,no-external,blog/thue-xe/; /,none,yes,MotoAI Editorial,,,0,,,
BA-1780,B36,LOCAL,PLANNED,gia lâm và long biên mùa thu,Địa phương / du lịch; gia lâm và long biên mùa thu,local-informational,Gia Lâm và Long Biên Mùa Thu,gia-lam-va-long-bien-mua-thu,blog/dia-phuong/gia-lam-va-long-bien-mua-thu/index.html,blog/dia-phuong/,Long Biên,no,no-external,blog/dia-phuong/; /,none,yes,MotoAI Editorial,,,0,,,
BA-1781,B36,APP,PLANNED,thuê xe online như thế nào câu hỏi thường gặp,App & Ứng dụng; thuê xe online như thế nào câu hỏi thường gặp,informational-product,Thuê xe Online Như Thế Nào Câu Hỏi Thường Gặp,thue-xe-online-nhu-the-nao-cau-hoi-thuong-gap,blog/app/thue-xe-online-nhu-the-nao-cau-hoi-thuong-gap/index.html,blog/app/,,no,no-external,blog/app/; /,none,yes,MotoAI Editorial,,,0,,,
BA-1782,B36,RENT,PLANNED,thuê wave alpha cuối tuần,Thuê xe máy; thuê wave alpha cuối tuần,commercial-informational,Thuê Wave Alpha Cuối Tuần,thue-wave-alpha-cuoi-tuan,blog/thue-xe/thue-wave-alpha-cuoi-tuan/index.html,blog/thue-xe/,,no,no-external,blog/thue-xe/; /,none,yes,MotoAI Editorial,,,0,,,
BA-1783,B36,LOCAL,PLANNED,sông hồng và cầu long biên mùa thu,Địa phương / du lịch; sông hồng và cầu long biên mùa thu,local-informational,Sông Hồng và Cầu Long Biên Mùa Thu,song-hong-va-cau-long-bien-mua-thu,blog/dia-phuong/song-hong-va-cau-long-bien-mua-thu/index.html,blog/dia-phuong/,Long Biên,no,no-external,blog/dia-phuong/; /,none,yes,MotoAI Editorial,,,0,,,
BA-1784,B36,APP,PLANNED,web app và app native khác gì nhau câu hỏi thường gặp,App & Ứng dụng; web app và app native khác gì nhau câu hỏi thường gặp,informational-product,Web App và App Native Khác gì Nhau Câu Hỏi Thường Gặp,web-app-va-app-native-khac-gi-nhau-cau-hoi-thuong-gap,blog/app/web-app-va-app-native-khac-gi-nhau-cau-hoi-thuong-gap/index.html,blog/app/,,no,no-external,blog/app/; /,none,yes,MotoAI Editorial,,,0,,,
BA-1785,B36,RENT,PLANNED,thuê xe hạng nhẹ cuối tuần,Thuê xe máy; thuê xe hạng nhẹ cuối tuần,commercial-informational,Thuê xe Hạng Nhẹ Cuối Tuần,thue-xe-hang-nhe-cuoi-tuan,blog/thue-xe/thue-xe-hang-nhe-cuoi-tuan/index.html,blog/thue-xe/,,no,no-external,blog/thue-xe/; /,none,yes,MotoAI Editorial,,,0,,,
BA-1786,B36,LOCAL,PLANNED,chợ long biên đêm mùa thu,Địa phương / du lịch; chợ long biên đêm mùa thu,local-informational,Chợ Long Biên Đêm Mùa Thu,cho-long-bien-dem-mua-thu,blog/dia-phuong/cho-long-bien-dem-mua-thu/index.html,blog/dia-phuong/,Long Biên,no,no-external,blog/dia-phuong/; /,none,yes,MotoAI Editorial,,,0,,,
BA-1787,B36,APP,PLANNED,đặt xe bằng ứng dụng câu hỏi thường gặp,App & Ứng dụng; đặt xe bằng ứng dụng câu hỏi thường gặp,informational-product,Đặt xe Bằng Ứng Dụng Câu Hỏi Thường Gặp,dat-xe-bang-ung-dung-cau-hoi-thuong-gap,blog/app/dat-xe-bang-ung-dung-cau-hoi-thuong-gap/index.html,blog/app/,,no,no-external,blog/app/; /,none,yes,MotoAI Editorial,,,0,,,
BA-1788,B36,RENT,PLANNED,so sánh giá các loại xe máy cho thuê cuối tuần,Thuê xe máy; so sánh giá các loại xe máy cho thuê cuối tuần,commercial-informational,so Sánh Giá Các Loại xe Máy Cho Thuê Cuối Tuần,so-sanh-gia-cac-loai-xe-may-cho-thue-cuoi-tuan,blog/thue-xe/so-sanh-gia-cac-loai-xe-may-cho-thue-cuoi-tuan/index.html,blog/thue-xe/,,no,no-external,blog/thue-xe/; /,none,yes,MotoAI Editorial,,,0,,,
BA-1789,B36,LOCAL,PLANNED,phố cổ ẩm thực xe máy mùa thu,Địa phương / du lịch; phố cổ ẩm thực xe máy mùa thu,local-informational,Phố cổ ẩm Thực xe Máy Mùa Thu,pho-co-am-thuc-xe-may-mua-thu,blog/dia-phuong/pho-co-am-thuc-xe-may-mua-thu/index.html,blog/dia-phuong/,Phố cổ,no,no-external,blog/dia-phuong/; /,none,yes,MotoAI Editorial,,,0,,,
BA-1790,B36,APP,PLANNED,privacy và xử lý cục bộ trong app thuê xe câu hỏi thường gặp,App & Ứng dụng; privacy và xử lý cục bộ trong app thuê xe câu hỏi thường gặp,informational-product,Privacy và xử lý Cục bộ Trong App Thuê xe Câu Hỏi Thường Gặp,privacy-va-xu-ly-cuc-bo-trong-app-thue-xe-cau-hoi-thuong-gap,blog/app/privacy-va-xu-ly-cuc-bo-trong-app-thue-xe-cau-hoi-thuong-gap/index.html,blog/app/,,no,no-external,blog/app/; /,none,yes,MotoAI Editorial,,,0,,,
BA-1791,B36,RENT,PLANNED,cọc thuê xe máy bao nhiêu cuối tuần,Thuê xe máy; cọc thuê xe máy bao nhiêu cuối tuần,commercial-informational,Cọc Thuê xe Máy Bao Nhiêu Cuối Tuần,coc-thue-xe-may-bao-nhieu-cuoi-tuan,blog/thue-xe/coc-thue-xe-may-bao-nhieu-cuoi-tuan/index.html,blog/thue-xe/,,no,no-external,blog/thue-xe/; /,none,yes,MotoAI Editorial,,,0,,,
BA-1792,B36,LOCAL,PLANNED,hồ gươm ban đêm mùa thu,Địa phương / du lịch; hồ gươm ban đêm mùa thu,local-informational,hồ Gươm Ban Đêm Mùa Thu,ho-guom-ban-dem-mua-thu,blog/dia-phuong/ho-guom-ban-dem-mua-thu/index.html,blog/dia-phuong/,Hà Nội (khu vực),no,no-external,blog/dia-phuong/; /,none,yes,MotoAI Editorial,,,0,,,
BA-1793,B36,APP,PLANNED,app thuê xe cho khách du lịch câu hỏi thường gặp,App & Ứng dụng; app thuê xe cho khách du lịch câu hỏi thường gặp,informational-product,App Thuê xe Cho Khách du Lịch Câu Hỏi Thường Gặp,app-thue-xe-cho-khach-du-lich-cau-hoi-thuong-gap,blog/app/app-thue-xe-cho-khach-du-lich-cau-hoi-thuong-gap/index.html,blog/app/,,no,no-external,blog/app/; /,none,yes,MotoAI Editorial,,,0,,,
BA-1794,B36,RENT,PLANNED,nhận xe thuê cần gì cuối tuần,Thuê xe máy; nhận xe thuê cần gì cuối tuần,commercial-informational,Nhận xe Thuê Cần gì Cuối Tuần,nhan-xe-thue-can-gi-cuoi-tuan,blog/thue-xe/nhan-xe-thue-can-gi-cuoi-tuan/index.html,blog/thue-xe/,,no,no-external,blog/thue-xe/; /,none,yes,MotoAI Editorial,,,0,,,
BA-1795,B36,LOCAL,PLANNED,ven đê sông hồng mùa thu,Địa phương / du lịch; ven đê sông hồng mùa thu,local-informational,Ven đê Sông Hồng Mùa Thu,ven-de-song-hong-mua-thu,blog/dia-phuong/ven-de-song-hong-mua-thu/index.html,blog/dia-phuong/,Hà Nội (khu vực),no,no-external,blog/dia-phuong/; /,none,yes,MotoAI Editorial,,,0,,,
BA-1796,B36,APP,PLANNED,ứng dụng thuê xe máy hoạt động ra sao câu hỏi thường gặp,App & Ứng dụng; ứng dụng thuê xe máy hoạt động ra sao câu hỏi thường gặp,informational-product,Ứng Dụng Thuê xe Máy Hoạt Động ra Sao Câu Hỏi Thường Gặp,ung-dung-thue-xe-may-hoat-dong-ra-sao-cau-hoi-thuong-gap,blog/app/ung-dung-thue-xe-may-hoat-dong-ra-sao-cau-hoi-thuong-gap/index.html,blog/app/,,no,no-external,blog/app/; /,none,yes,MotoAI Editorial,,,0,,,
BA-1797,B36,RENT,PLANNED,trả xe thuê đúng giờ cuối tuần,Thuê xe máy; trả xe thuê đúng giờ cuối tuần,commercial-informational,Trả xe Thuê Đúng Giờ Cuối Tuần,tra-xe-thue-dung-gio-cuoi-tuan,blog/thue-xe/tra-xe-thue-dung-gio-cuoi-tuan/index.html,blog/thue-xe/,,no,no-external,blog/thue-xe/; /,none,yes,MotoAI Editorial,,,0,,,
BA-1798,B36,LOCAL,PLANNED,cột cờ hoàng thành mùa thu,Địa phương / du lịch; cột cờ hoàng thành mùa thu,local-informational,Cột cờ Hoàng Thành Mùa Thu,cot-co-hoang-thanh-mua-thu,blog/dia-phuong/cot-co-hoang-thanh-mua-thu/index.html,blog/dia-phuong/,Hà Nội (khu vực),no,no-external,blog/dia-phuong/; /,none,yes,MotoAI Editorial,,,0,,,
BA-1799,B36,APP,PLANNED,trợ lý thuê xe máy là gì câu hỏi thường gặp,App & Ứng dụng; trợ lý thuê xe máy là gì câu hỏi thường gặp,informational-product,Trợ lý Thuê xe Máy là gì Câu Hỏi Thường Gặp,tro-ly-thue-xe-may-la-gi-cau-hoi-thuong-gap,blog/app/tro-ly-thue-xe-may-la-gi-cau-hoi-thuong-gap/index.html,blog/app/,,no,no-external,blog/app/; /,none,yes,MotoAI Editorial,,,0,,,
BA-1800,B36,RENT,PLANNED,phí trễ hạn khi thuê xe cuối tuần,Thuê xe máy; phí trễ hạn khi thuê xe cuối tuần,commercial-informational,Phí Trễ Hạn Khi Thuê xe Cuối Tuần,phi-tre-han-khi-thue-xe-cuoi-tuan,blog/thue-xe/phi-tre-han-khi-thue-xe-cuoi-tuan/index.html,blog/thue-xe/,,no,no-external,blog/thue-xe/; /,none,yes,MotoAI Editorial,,,0,,,
BA-1801,B37,LOCAL,PLANNED,lăng chủ tích qua phố mùa thu,Địa phương / du lịch; lăng chủ tích qua phố mùa thu,local-informational,Lăng Chủ Tích Qua Phố Mùa Thu,lang-chu-tich-qua-pho-mua-thu,blog/dia-phuong/lang-chu-tich-qua-pho-mua-thu/index.html,blog/dia-phuong/,Hà Nội (khu vực),no,no-external,blog/dia-phuong/; /,none,yes,MotoAI Editorial,,,0,,,
BA-1802,B37,APP,PLANNED,tìm xe máy thuê bằng ứng dụng câu hỏi thường gặp,App & Ứng dụng; tìm xe máy thuê bằng ứng dụng câu hỏi thường gặp,informational-product,Tìm xe Máy Thuê Bằng Ứng Dụng Câu Hỏi Thường Gặp,tim-xe-may-thue-bang-ung-dung-cau-hoi-thuong-gap,blog/app/tim-xe-may-thue-bang-ung-dung-cau-hoi-thuong-gap/index.html,blog/app/,,no,no-external,blog/app/; /,none,yes,MotoAI Editorial,,,0,,,
BA-1803,B37,RENT,PLANNED,kiểm tra xe trước khi nhận cuối tuần,Thuê xe máy; kiểm tra xe trước khi nhận cuối tuần,commercial-informational,Kiểm Tra xe Trước Khi Nhận Cuối Tuần,kiem-tra-xe-truoc-khi-nhan-cuoi-tuan,blog/thue-xe/kiem-tra-xe-truoc-khi-nhan-cuoi-tuan/index.html,blog/thue-xe/,,no,no-external,blog/thue-xe/; /,none,yes,MotoAI Editorial,,,0,,,
BA-1804,B37,LOCAL,PLANNED,bảo tàng hà nội hành trình mùa thu,Địa phương / du lịch; bảo tàng hà nội hành trình mùa thu,local-informational,Bảo Tàng hà Nội Hành Trình Mùa Thu,bao-tang-ha-noi-hanh-trinh-mua-thu,blog/dia-phuong/bao-tang-ha-noi-hanh-trinh-mua-thu/index.html,blog/dia-phuong/,hà Nội,no,no-external,blog/dia-phuong/; /,none,yes,MotoAI Editorial,,,0,,,
BA-1805,B37,APP,PLANNED,so sánh cách thuê xe truyền thống và qua app câu hỏi thường gặp,App & Ứng dụng; so sánh cách thuê xe truyền thống và qua app câu hỏi thường gặp,informational-product,so Sánh Cách Thuê xe Truyền Thống và Qua App Câu Hỏi Thường Gặp,so-sanh-cach-thue-xe-truyen-thong-va-qua-app-cau-hoi-thuong-gap,blog/app/so-sanh-cach-thue-xe-truyen-thong-va-qua-app-cau-hoi-thuong-gap/index.html,blog/app/,,no,no-external,blog/app/; /,none,yes,MotoAI Editorial,,,0,,,
BA-1806,B37,RENT,PLANNED,điều kiện thuê xe máy ở hà nội cuối tuần,Thuê xe máy; điều kiện thuê xe máy ở hà nội cuối tuần,commercial-informational,Điều Kiện Thuê xe Máy ở hà Nội Cuối Tuần,dieu-kien-thue-xe-may-o-ha-noi-cuoi-tuan,blog/thue-xe/dieu-kien-thue-xe-may-o-ha-noi-cuoi-tuan/index.html,blog/thue-xe/,,no,no-external,blog/thue-xe/; /,none,yes,MotoAI Editorial,,,0,,,
BA-1807,B37,LOCAL,PLANNED,phố sách hà nội mùa thu,Địa phương / du lịch; phố sách hà nội mùa thu,local-informational,Phố Sách hà Nội Mùa Thu,pho-sach-ha-noi-mua-thu,blog/dia-phuong/pho-sach-ha-noi-mua-thu/index.html,blog/dia-phuong/,hà Nội,no,no-external,blog/dia-phuong/; /,none,yes,MotoAI Editorial,,,0,,,
BA-1808,B37,APP,PLANNED,ứng dụng web thuê xe máy câu hỏi thường gặp,App & Ứng dụng; ứng dụng web thuê xe máy câu hỏi thường gặp,informational-product,Ứng Dụng Web Thuê xe Máy Câu Hỏi Thường Gặp,ung-dung-web-thue-xe-may-cau-hoi-thuong-gap,blog/app/ung-dung-web-thue-xe-may-cau-hoi-thuong-gap/index.html,blog/app/,,no,no-external,blog/app/; /,none,yes,MotoAI Editorial,,,0,,,
BA-1809,B37,RENT,PLANNED,thuê xe không bằng lái được không cuối tuần,Thuê xe máy; thuê xe không bằng lái được không cuối tuần,commercial-informational,Thuê xe Không Bằng Lái Được Không Cuối Tuần,thue-xe-khong-bang-lai-duoc-khong-cuoi-tuan,blog/thue-xe/thue-xe-khong-bang-lai-duoc-khong-cuoi-tuan/index.html,blog/thue-xe/,,no,no-external,blog/thue-xe/; /,none,yes,MotoAI Editorial,,,0,,,
BA-1810,B37,LOCAL,PLANNED,nhà thờ lớn hà nội mùa thu,Địa phương / du lịch; nhà thờ lớn hà nội mùa thu,local-informational,Nhà Thờ Lớn hà Nội Mùa Thu,nha-tho-lon-ha-noi-mua-thu,blog/dia-phuong/nha-tho-lon-ha-noi-mua-thu/index.html,blog/dia-phuong/,hà Nội,no,no-external,blog/dia-phuong/; /,none,yes,MotoAI Editorial,,,0,,,
BA-1811,B37,APP,PLANNED,công cụ tính giá thuê xe máy online câu hỏi thường gặp,App & Ứng dụng; công cụ tính giá thuê xe máy online câu hỏi thường gặp,informational-product,Công cụ Tính Giá Thuê xe Máy Online Câu Hỏi Thường Gặp,cong-cu-tinh-gia-thue-xe-may-online-cau-hoi-thuong-gap,blog/app/cong-cu-tinh-gia-thue-xe-may-online-cau-hoi-thuong-gap/index.html,blog/app/,,no,no-external,blog/app/; /,none,yes,MotoAI Editorial,,,0,,,
BA-1812,B37,RENT,PLANNED,bằng lái a1 và thuê xe máy cuối tuần,Thuê xe máy; bằng lái a1 và thuê xe máy cuối tuần,commercial-informational,Bằng Lái a1 và Thuê xe Máy Cuối Tuần,bang-lai-a1-va-thue-xe-may-cuoi-tuan,blog/thue-xe/bang-lai-a1-va-thue-xe-may-cuoi-tuan/index.html,blog/thue-xe/,,no,no-external,blog/thue-xe/; /,none,yes,MotoAI Editorial,,,0,,,
BA-1813,B37,LOCAL,PLANNED,làng gốm bát tràng mùa thu,Địa phương / du lịch; làng gốm bát tràng mùa thu,local-informational,Làng Gốm Bát Tràng Mùa Thu,lang-gom-bat-trang-mua-thu,blog/dia-phuong/lang-gom-bat-trang-mua-thu/index.html,blog/dia-phuong/,Hà Nội (khu vực),no,no-external,blog/dia-phuong/; /,none,yes,MotoAI Editorial,,,0,,,
BA-1814,B37,APP,PLANNED,hỏi đáp với Agent thuê xe câu hỏi thường gặp,App & Ứng dụng; hỏi đáp với Agent thuê xe câu hỏi thường gặp,informational-product,Hỏi Đáp Với Agent Thuê xe Câu Hỏi Thường Gặp,hoi-dap-voi-agent-thue-xe-cau-hoi-thuong-gap,blog/app/hoi-dap-voi-agent-thue-xe-cau-hoi-thuong-gap/index.html,blog/app/,,no,no-external,blog/app/; /,none,yes,MotoAI Editorial,,,0,,,
BA-1815,B37,RENT,PLANNED,người nước ngoài thuê xe máy việt nam cuối tuần,Thuê xe máy; người nước ngoài thuê xe máy việt nam cuối tuần,commercial-informational,Người Nước Ngoài Thuê xe Máy Việt Nam Cuối Tuần,nguoi-nuoc-ngoai-thue-xe-may-viet-nam-cuoi-tuan,blog/thue-xe/nguoi-nuoc-ngoai-thue-xe-may-viet-nam-cuoi-tuan/index.html,blog/thue-xe/,,no,no-external,blog/thue-xe/; /,none,yes,MotoAI Editorial,,,0,,,
BA-1816,B37,LOCAL,PLANNED,bát tràng gốm xe máy mùa thu,Địa phương / du lịch; bát tràng gốm xe máy mùa thu,local-informational,Bát Tràng Gốm xe Máy Mùa Thu,bat-trang-gom-xe-may-mua-thu,blog/dia-phuong/bat-trang-gom-xe-may-mua-thu/index.html,blog/dia-phuong/,Hà Nội (khu vực),no,no-external,blog/dia-phuong/; /,none,yes,MotoAI Editorial,,,0,,,
BA-1817,B37,APP,PLANNED,cách hỏi giá xe nhanh bằng chatbot câu hỏi thường gặp,App & Ứng dụng; cách hỏi giá xe nhanh bằng chatbot câu hỏi thường gặp,informational-product,Cách Hỏi Giá xe Nhanh Bằng Chatbot Câu Hỏi Thường Gặp,cach-hoi-gia-xe-nhanh-bang-chatbot-cau-hoi-thuong-gap,blog/app/cach-hoi-gia-xe-nhanh-bang-chatbot-cau-hoi-thuong-gap/index.html,blog/app/,,no,no-external,blog/app/; /,none,yes,MotoAI Editorial,,,0,,,
BA-1818,B37,RENT,PLANNED,khách du lịch thuê xe máy cuối tuần,Thuê xe máy; khách du lịch thuê xe máy cuối tuần,commercial-informational,Khách du Lịch Thuê xe Máy Cuối Tuần,khach-du-lich-thue-xe-may-cuoi-tuan,blog/thue-xe/khach-du-lich-thue-xe-may-cuoi-tuan/index.html,blog/thue-xe/,,no,no-external,blog/thue-xe/; /,none,yes,MotoAI Editorial,,,0,,,
BA-1819,B37,LOCAL,PLANNED,đường đồng by bike mùa thu,Địa phương / du lịch; đường đồng by bike mùa thu,local-informational,Đường Đồng by Bike Mùa Thu,duong-dong-by-bike-mua-thu,blog/dia-phuong/duong-dong-by-bike-mua-thu/index.html,blog/dia-phuong/,Hà Nội (khu vực),no,no-external,blog/dia-phuong/; /,none,yes,MotoAI Editorial,,,0,,,
BA-1820,B37,APP,PLANNED,gợi ý chọn xe máy phù hợp câu hỏi thường gặp,App & Ứng dụng; gợi ý chọn xe máy phù hợp câu hỏi thường gặp,informational-product,Gợi ý Chọn xe Máy Phù Hợp Câu Hỏi Thường Gặp,goi-y-chon-xe-may-phu-hop-cau-hoi-thuong-gap,blog/app/goi-y-chon-xe-may-phu-hop-cau-hoi-thuong-gap/index.html,blog/app/,,no,no-external,blog/app/; /,none,yes,MotoAI Editorial,,,0,,,
BA-1821,B37,RENT,PLANNED,thuê xe cho người cao tuổi cuối tuần,Thuê xe máy; thuê xe cho người cao tuổi cuối tuần,commercial-informational,Thuê xe Cho Người Cao Tuổi Cuối Tuần,thue-xe-cho-nguoi-cao-tuoi-cuoi-tuan,blog/thue-xe/thue-xe-cho-nguoi-cao-tuoi-cuoi-tuan/index.html,blog/thue-xe/,,no,no-external,blog/thue-xe/; /,none,yes,MotoAI Editorial,,,0,,,
BA-1822,B37,LOCAL,PLANNED,văn giang ev and bikes mùa thu,Địa phương / du lịch; văn giang ev and bikes mùa thu,local-informational,Văn Giang ev And Bikes Mùa Thu,van-giang-ev-and-bikes-mua-thu,blog/dia-phuong/van-giang-ev-and-bikes-mua-thu/index.html,blog/dia-phuong/,Hà Nội (khu vực),no,no-external,blog/dia-phuong/; /,none,yes,MotoAI Editorial,,,0,,,
BA-1823,B37,APP,PLANNED,tính chi phí thuê xe theo ngày tuần tháng câu hỏi thường gặp,App & Ứng dụng; tính chi phí thuê xe theo ngày tuần tháng câu hỏi thường gặp,informational-product,Tính Chi Phí Thuê xe Theo Ngày Tuần Tháng Câu Hỏi Thường Gặp,tinh-chi-phi-thue-xe-theo-ngay-tuan-thang-cau-hoi-thuong-gap,blog/app/tinh-chi-phi-thue-xe-theo-ngay-tuan-thang-cau-hoi-thuong-gap/index.html,blog/app/,,no,no-external,blog/app/; /,none,yes,MotoAI Editorial,,,0,,,
BA-1824,B37,RENT,PLANNED,thuê xe hai người cuối tuần,Thuê xe máy; thuê xe hai người cuối tuần,commercial-informational,Thuê xe Hai Người Cuối Tuần,thue-xe-hai-nguoi-cuoi-tuan,blog/thue-xe/thue-xe-hai-nguoi-cuoi-tuan/index.html,blog/thue-xe/,,no,no-external,blog/thue-xe/; /,none,yes,MotoAI Editorial,,,0,,,
BA-1825,B37,LOCAL,PLANNED,chùa và Hà Nội mùa thu,Địa phương / du lịch; chùa và Hà Nội mùa thu,local-informational,Chùa và Hà Nội Mùa Thu,chua-va-ha-noi-mua-thu,blog/dia-phuong/chua-va-ha-noi-mua-thu/index.html,blog/dia-phuong/,Hà Nội (khu vực),no,no-external,blog/dia-phuong/; /,none,yes,MotoAI Editorial,,,0,,,
BA-1826,B37,APP,PLANNED,ứng dụng tìm xe máy giá tốt câu hỏi thường gặp,App & Ứng dụng; ứng dụng tìm xe máy giá tốt câu hỏi thường gặp,informational-product,Ứng Dụng Tìm xe Máy Giá Tốt Câu Hỏi Thường Gặp,ung-dung-tim-xe-may-gia-tot-cau-hoi-thuong-gap,blog/app/ung-dung-tim-xe-may-gia-tot-cau-hoi-thuong-gap/index.html,blog/app/,,no,no-external,blog/app/; /,none,yes,MotoAI Editorial,,,0,,,
BA-1827,B37,RENT,PLANNED,chở người thân trên xe thuê cuối tuần,Thuê xe máy; chở người thân trên xe thuê cuối tuần,commercial-informational,Chở Người Thân Trên xe Thuê Cuối Tuần,cho-nguoi-than-tren-xe-thue-cuoi-tuan,blog/thue-xe/cho-nguoi-than-tren-xe-thue-cuoi-tuan/index.html,blog/thue-xe/,,no,no-external,blog/thue-xe/; /,none,yes,MotoAI Editorial,,,0,,,
BA-1828,B37,LOCAL,PLANNED,đền nguyễn cần bằng xe mùa thu,Địa phương / du lịch; đền nguyễn cần bằng xe mùa thu,local-informational,Đền Nguyễn Cần Bằng xe Mùa Thu,den-nguyen-can-bang-xe-mua-thu,blog/dia-phuong/den-nguyen-can-bang-xe-mua-thu/index.html,blog/dia-phuong/,Hà Nội (khu vực),no,no-external,blog/dia-phuong/; /,none,yes,MotoAI Editorial,,,0,,,
BA-1829,B37,APP,PLANNED,app hỗ trợ thủ tục thuê xe câu hỏi thường gặp,App & Ứng dụng; app hỗ trợ thủ tục thuê xe câu hỏi thường gặp,informational-product,App hỗ Trợ Thủ Tục Thuê xe Câu Hỏi Thường Gặp,app-ho-tro-thu-tuc-thue-xe-cau-hoi-thuong-gap,blog/app/app-ho-tro-thu-tuc-thue-xe-cau-hoi-thuong-gap/index.html,blog/app/,,no,no-external,blog/app/; /,none,yes,MotoAI Editorial,,,0,,,
BA-1830,B37,RENT,PLANNED,đi phố cổ bằng xe máy thuê cuối tuần,Thuê xe máy; đi phố cổ bằng xe máy thuê cuối tuần,commercial-informational,đi Phố cổ Bằng xe Máy Thuê Cuối Tuần,di-pho-co-bang-xe-may-thue-cuoi-tuan,blog/thue-xe/di-pho-co-bang-xe-may-thue-cuoi-tuan/index.html,blog/thue-xe/,,no,no-external,blog/thue-xe/; /,none,yes,MotoAI Editorial,,,0,,,
BA-1831,B37,LOCAL,PLANNED,quảng đi long biên view mùa thu,Địa phương / du lịch; quảng đi long biên view mùa thu,local-informational,Quảng đi Long Biên View Mùa Thu,quang-di-long-bien-view-mua-thu,blog/dia-phuong/quang-di-long-bien-view-mua-thu/index.html,blog/dia-phuong/,Long Biên,no,no-external,blog/dia-phuong/; /,none,yes,MotoAI Editorial,,,0,,,
BA-1832,B37,APP,PLANNED,công cụ chọn xe theo kinh nghiệm lái câu hỏi thường gặp,App & Ứng dụng; công cụ chọn xe theo kinh nghiệm lái câu hỏi thường gặp,informational-product,Công cụ Chọn xe Theo Kinh Nghiệm Lái Câu Hỏi Thường Gặp,cong-cu-chon-xe-theo-kinh-nghiem-lai-cau-hoi-thuong-gap,blog/app/cong-cu-chon-xe-theo-kinh-nghiem-lai-cau-hoi-thuong-gap/index.html,blog/app/,,no,no-external,blog/app/; /,none,yes,MotoAI Editorial,,,0,,,
BA-1833,B37,RENT,PLANNED,thuê xe dài ngày giá tốt cuối tuần,Thuê xe máy; thuê xe dài ngày giá tốt cuối tuần,commercial-informational,Thuê xe Dài Ngày Giá Tốt Cuối Tuần,thue-xe-dai-ngay-gia-tot-cuoi-tuan,blog/thue-xe/thue-xe-dai-ngay-gia-tot-cuoi-tuan/index.html,blog/thue-xe/,,no,no-external,blog/thue-xe/; /,none,yes,MotoAI Editorial,,,0,,,
BA-1834,B37,LOCAL,PLANNED,hoàng hôn hồ tây mùa thu,Địa phương / du lịch; hoàng hôn hồ tây mùa thu,local-informational,Hoàng Hôn hồ Tây Mùa Thu,hoang-hon-ho-tay-mua-thu,blog/dia-phuong/hoang-hon-ho-tay-mua-thu/index.html,blog/dia-phuong/,hồ Tây,no,no-external,blog/dia-phuong/; /,none,yes,MotoAI Editorial,,,0,,,
BA-1835,B37,APP,PLANNED,chatbot thuê xe máy có đáng tin không câu hỏi thường gặp,App & Ứng dụng; chatbot thuê xe máy có đáng tin không câu hỏi thường gặp,informational-product,Chatbot Thuê xe Máy có Đáng Tin Không Câu Hỏi Thường Gặp,chatbot-thue-xe-may-co-dang-tin-khong-cau-hoi-thuong-gap,blog/app/chatbot-thue-xe-may-co-dang-tin-khong-cau-hoi-thuong-gap/index.html,blog/app/,,no,no-external,blog/app/; /,none,yes,MotoAI Editorial,,,0,,,
BA-1836,B37,RENT,PLANNED,ưu đãi thuê xe dài hạn cuối tuần,Thuê xe máy; ưu đãi thuê xe dài hạn cuối tuần,commercial-informational,ưu Đãi Thuê xe Dài Hạn Cuối Tuần,uu-dai-thue-xe-dai-han-cuoi-tuan,blog/thue-xe/uu-dai-thue-xe-dai-han-cuoi-tuan/index.html,blog/thue-xe/,,no,no-external,blog/thue-xe/; /,none,yes,MotoAI Editorial,,,0,,,
BA-1837,B37,LOCAL,PLANNED,chạy buổi sáng hồ gươm mùa thu,Địa phương / du lịch; chạy buổi sáng hồ gươm mùa thu,local-informational,Chạy Buổi Sáng hồ Gươm Mùa Thu,chay-buoi-sang-ho-guom-mua-thu,blog/dia-phuong/chay-buoi-sang-ho-guom-mua-thu/index.html,blog/dia-phuong/,Hà Nội (khu vực),no,no-external,blog/dia-phuong/; /,none,yes,MotoAI Editorial,,,0,,,
BA-1838,B37,APP,PLANNED,xử lý dữ liệu cá nhân khi thuê xe online câu hỏi thường gặp,App & Ứng dụng; xử lý dữ liệu cá nhân khi thuê xe online câu hỏi thường gặp,informational-product,xử lý dữ Liệu cá Nhân Khi Thuê xe Online Câu Hỏi Thường Gặp,xu-ly-du-lieu-ca-nhan-khi-thue-xe-online-cau-hoi-thuong-gap,blog/app/xu-ly-du-lieu-ca-nhan-khi-thue-xe-online-cau-hoi-thuong-gap/index.html,blog/app/,,no,no-external,blog/app/; /,none,yes,MotoAI Editorial,,,0,,,
BA-1839,B37,RENT,PLANNED,mùa cao điểm thuê xe máy cuối tuần,Thuê xe máy; mùa cao điểm thuê xe máy cuối tuần,commercial-informational,Mùa Cao Điểm Thuê xe Máy Cuối Tuần,mua-cao-diem-thue-xe-may-cuoi-tuan,blog/thue-xe/mua-cao-diem-thue-xe-may-cuoi-tuan/index.html,blog/thue-xe/,,no,no-external,blog/thue-xe/; /,none,yes,MotoAI Editorial,,,0,,,
BA-1840,B37,LOCAL,PLANNED,cà phê phố cổ mùa thu,Địa phương / du lịch; cà phê phố cổ mùa thu,local-informational,cà Phê Phố cổ Mùa Thu,ca-phe-pho-co-mua-thu,blog/dia-phuong/ca-phe-pho-co-mua-thu/index.html,blog/dia-phuong/,Phố cổ,no,no-external,blog/dia-phuong/; /,none,yes,MotoAI Editorial,,,0,,,
BA-1841,B37,APP,PLANNED,kịch bản dùng app thuê xe cho người mới câu hỏi thường gặp,App & Ứng dụng; kịch bản dùng app thuê xe cho người mới câu hỏi thường gặp,informational-product,Kịch Bản Dùng App Thuê xe Cho Người Mới Câu Hỏi Thường Gặp,kich-ban-dung-app-thue-xe-cho-nguoi-moi-cau-hoi-thuong-gap,blog/app/kich-ban-dung-app-thue-xe-cho-nguoi-moi-cau-hoi-thuong-gap/index.html,blog/app/,,no,no-external,blog/app/; /,none,yes,MotoAI Editorial,,,0,,,
BA-1842,B37,RENT,PLANNED,đặt xe trước hay đến trực tiếp cuối tuần,Thuê xe máy; đặt xe trước hay đến trực tiếp cuối tuần,commercial-informational,Đặt xe Trước Hay Đến Trực Tiếp Cuối Tuần,dat-xe-truoc-hay-den-truc-tiep-cuoi-tuan,blog/thue-xe/dat-xe-truoc-hay-den-truc-tiep-cuoi-tuan/index.html,blog/thue-xe/,,no,no-external,blog/thue-xe/; /,none,yes,MotoAI Editorial,,,0,,,
BA-1843,B37,LOCAL,PLANNED,cà phê trứng và xe máy mùa thu,Địa phương / du lịch; cà phê trứng và xe máy mùa thu,local-informational,cà Phê Trứng và xe Máy Mùa Thu,ca-phe-trung-va-xe-may-mua-thu,blog/dia-phuong/ca-phe-trung-va-xe-may-mua-thu/index.html,blog/dia-phuong/,Hà Nội (khu vực),no,no-external,blog/dia-phuong/; /,none,yes,MotoAI Editorial,,,0,,,
BA-1844,B37,APP,PLANNED,so sánh ứng dụng thuê xe máy điện và xe xăng câu hỏi thường gặp,App & Ứng dụng; so sánh ứng dụng thuê xe máy điện và xe xăng câu hỏi thường gặp,informational-product,so Sánh Ứng Dụng Thuê xe Máy Điện và xe Xăng Câu Hỏi Thường Gặp,so-sanh-ung-dung-thue-xe-may-dien-va-xe-xang-cau-hoi-thuong-gap,blog/app/so-sanh-ung-dung-thue-xe-may-dien-va-xe-xang-cau-hoi-thuong-gap/index.html,blog/app/,,no,no-external,blog/app/; /,none,yes,MotoAI Editorial,,,0,,,
BA-1845,B37,RENT,PLANNED,liên hệ đặt xe nhanh cuối tuần,Thuê xe máy; liên hệ đặt xe nhanh cuối tuần,commercial-informational,Liên hệ Đặt xe Nhanh Cuối Tuần,lien-he-dat-xe-nhanh-cuoi-tuan,blog/thue-xe/lien-he-dat-xe-nhanh-cuoi-tuan/index.html,blog/thue-xe/,,no,no-external,blog/thue-xe/; /,none,yes,MotoAI Editorial,,,0,,,
BA-1846,B37,LOCAL,PLANNED,bánh cuốn và hành trình mùa thu,Địa phương / du lịch; bánh cuốn và hành trình mùa thu,local-informational,Bánh Cuốn và Hành Trình Mùa Thu,banh-cuon-va-hanh-trinh-mua-thu,blog/dia-phuong/banh-cuon-va-hanh-trinh-mua-thu/index.html,blog/dia-phuong/,Hà Nội (khu vực),no,no-external,blog/dia-phuong/; /,none,yes,MotoAI Editorial,,,0,,,
BA-1847,B37,APP,PLANNED,ứng dụng thuê xe không cần tải câu hỏi thường gặp,App & Ứng dụng; ứng dụng thuê xe không cần tải câu hỏi thường gặp,informational-product,Ứng Dụng Thuê xe Không Cần Tải Câu Hỏi Thường Gặp,ung-dung-thue-xe-khong-can-tai-cau-hoi-thuong-gap,blog/app/ung-dung-thue-xe-khong-can-tai-cau-hoi-thuong-gap/index.html,blog/app/,,no,no-external,blog/app/; /,none,yes,MotoAI Editorial,,,0,,,
BA-1848,B37,RENT,PLANNED,xác nhận giá trước khi đặt cuối tuần,Thuê xe máy; xác nhận giá trước khi đặt cuối tuần,commercial-informational,Xác Nhận Giá Trước Khi Đặt Cuối Tuần,xac-nhan-gia-truoc-khi-dat-cuoi-tuan,blog/thue-xe/xac-nhan-gia-truoc-khi-dat-cuoi-tuan/index.html,blog/thue-xe/,,no,no-external,blog/thue-xe/; /,none,yes,MotoAI Editorial,,,0,,,
BA-1849,B37,LOCAL,PLANNED,phở bò và hành trình sáng mùa thu,Địa phương / du lịch; phở bò và hành trình sáng mùa thu,local-informational,Phở bò và Hành Trình Sáng Mùa Thu,pho-bo-va-hanh-trinh-sang-mua-thu,blog/dia-phuong/pho-bo-va-hanh-trinh-sang-mua-thu/index.html,blog/dia-phuong/,Hà Nội (khu vực),no,no-external,blog/dia-phuong/; /,none,yes,MotoAI Editorial,,,0,,,
BA-1850,B37,APP,PLANNED,rental assistant là gì câu hỏi thường gặp,App & Ứng dụng; rental assistant là gì câu hỏi thường gặp,informational-product,Rental Assistant là gì Câu Hỏi Thường Gặp,rental-assistant-la-gi-cau-hoi-thuong-gap,blog/app/rental-assistant-la-gi-cau-hoi-thuong-gap/index.html,blog/app/,,no,no-external,blog/app/; /,none,yes,MotoAI Editorial,,,0,,,
BA-1851,B38,RENT,PLANNED,xe thuê có bảo hiểm không cuối tuần,Thuê xe máy; xe thuê có bảo hiểm không cuối tuần,commercial-informational,xe Thuê có Bảo Hiểm Không Cuối Tuần,xe-thue-co-bao-hiem-khong-cuoi-tuan,blog/thue-xe/xe-thue-co-bao-hiem-khong-cuoi-tuan/index.html,blog/thue-xe/,,no,no-external,blog/thue-xe/; /,none,yes,MotoAI Editorial,,,0,,,
BA-1852,B38,LOCAL,PLANNED,chợ hoa quận tám mùa thu,Địa phương / du lịch; chợ hoa quận tám mùa thu,local-informational,Chợ Hoa Quận Tám Mùa Thu,cho-hoa-quan-tam-mua-thu,blog/dia-phuong/cho-hoa-quan-tam-mua-thu/index.html,blog/dia-phuong/,Hà Nội (khu vực),no,no-external,blog/dia-phuong/; /,none,yes,MotoAI Editorial,,,0,,,
BA-1853,B38,APP,PLANNED,agent chọn xe giúp bạn câu hỏi thường gặp,App & Ứng dụng; agent chọn xe giúp bạn câu hỏi thường gặp,informational-product,Agent Chọn xe Giúp Bạn Câu Hỏi Thường Gặp,agent-chon-xe-giup-ban-cau-hoi-thuong-gap,blog/app/agent-chon-xe-giup-ban-cau-hoi-thuong-gap/index.html,blog/app/,,no,no-external,blog/app/; /,none,yes,MotoAI Editorial,,,0,,,
BA-1854,B38,RENT,PLANNED,hỏng xe giữa đường khi thuê cuối tuần,Thuê xe máy; hỏng xe giữa đường khi thuê cuối tuần,commercial-informational,Hỏng xe Giữa Đường Khi Thuê Cuối Tuần,hong-xe-giua-duong-khi-thue-cuoi-tuan,blog/thue-xe/hong-xe-giua-duong-khi-thue-cuoi-tuan/index.html,blog/thue-xe/,,no,no-external,blog/thue-xe/; /,none,yes,MotoAI Editorial,,,0,,,
BA-1855,B38,LOCAL,PLANNED,chùa một cột hà nội mùa thu,Địa phương / du lịch; chùa một cột hà nội mùa thu,local-informational,Chùa Một Cột hà Nội Mùa Thu,chua-mot-cot-ha-noi-mua-thu,blog/dia-phuong/chua-mot-cot-ha-noi-mua-thu/index.html,blog/dia-phuong/,hà Nội,no,no-external,blog/dia-phuong/; /,none,yes,MotoAI Editorial,,,0,,,
BA-1856,B38,APP,PLANNED,đặt cọc và ứng dụng thuê xe câu hỏi thường gặp,App & Ứng dụng; đặt cọc và ứng dụng thuê xe câu hỏi thường gặp,informational-product,Đặt Cọc và Ứng Dụng Thuê xe Câu Hỏi Thường Gặp,dat-coc-va-ung-dung-thue-xe-cau-hoi-thuong-gap,blog/app/dat-coc-va-ung-dung-thue-xe-cau-hoi-thuong-gap/index.html,blog/app/,,no,no-external,blog/app/; /,none,yes,MotoAI Editorial,,,0,,,
BA-1857,B38,RENT,PLANNED,hỗ trợ khi xe thuê gặp sự cố cuối tuần,Thuê xe máy; hỗ trợ khi xe thuê gặp sự cố cuối tuần,commercial-informational,hỗ Trợ Khi xe Thuê Gặp sự cố Cuối Tuần,ho-tro-khi-xe-thue-gap-su-co-cuoi-tuan,blog/thue-xe/ho-tro-khi-xe-thue-gap-su-co-cuoi-tuan/index.html,blog/thue-xe/,,no,no-external,blog/thue-xe/; /,none,yes,MotoAI Editorial,,,0,,,
BA-1858,B38,LOCAL,PLANNED,cầu nhật tân hoàng hôn mùa thu,Địa phương / du lịch; cầu nhật tân hoàng hôn mùa thu,local-informational,Cầu Nhật Tân Hoàng Hôn Mùa Thu,cau-nhat-tan-hoang-hon-mua-thu,blog/dia-phuong/cau-nhat-tan-hoang-hon-mua-thu/index.html,blog/dia-phuong/,Hà Nội (khu vực),no,no-external,blog/dia-phuong/; /,none,yes,MotoAI Editorial,,,0,,,
BA-1859,B38,APP,PLANNED,nhận xe khi đặt qua ứng dụng câu hỏi thường gặp,App & Ứng dụng; nhận xe khi đặt qua ứng dụng câu hỏi thường gặp,informational-product,Nhận xe Khi Đặt Qua Ứng Dụng Câu Hỏi Thường Gặp,nhan-xe-khi-dat-qua-ung-dung-cau-hoi-thuong-gap,blog/app/nhan-xe-khi-dat-qua-ung-dung-cau-hoi-thuong-gap/index.html,blog/app/,,no,no-external,blog/app/; /,none,yes,MotoAI Editorial,,,0,,,
BA-1860,B38,RENT,PLANNED,thuê xe giao tận nơi cuối tuần,Thuê xe máy; thuê xe giao tận nơi cuối tuần,commercial-informational,Thuê xe Giao Tận Nơi Cuối Tuần,thue-xe-giao-tan-noi-cuoi-tuan,blog/thue-xe/thue-xe-giao-tan-noi-cuoi-tuan/index.html,blog/thue-xe/,,no,no-external,blog/thue-xe/; /,none,yes,MotoAI Editorial,,,0,,,
BA-1861,B38,LOCAL,PLANNED,đường 5 và ngoại ô mùa thu,Địa phương / du lịch; đường 5 và ngoại ô mùa thu,local-informational,Đường 5 và Ngoại ô Mùa Thu,duong-5-va-ngoai-o-mua-thu,blog/dia-phuong/duong-5-va-ngoai-o-mua-thu/index.html,blog/dia-phuong/,Hà Nội (khu vực),no,no-external,blog/dia-phuong/; /,none,yes,MotoAI Editorial,,,0,,,
BA-1862,B38,APP,PLANNED,hủy lịch thuê xe qua app câu hỏi thường gặp,App & Ứng dụng; hủy lịch thuê xe qua app câu hỏi thường gặp,informational-product,Hủy Lịch Thuê xe Qua App Câu Hỏi Thường Gặp,huy-lich-thue-xe-qua-app-cau-hoi-thuong-gap,blog/app/huy-lich-thue-xe-qua-app-cau-hoi-thuong-gap/index.html,blog/app/,,no,no-external,blog/app/; /,none,yes,MotoAI Editorial,,,0,,,
BA-1863,B38,RENT,PLANNED,phí giao xe thuê cuối tuần,Thuê xe máy; phí giao xe thuê cuối tuần,commercial-informational,Phí Giao xe Thuê Cuối Tuần,phi-giao-xe-thue-cuoi-tuan,blog/thue-xe/phi-giao-xe-thue-cuoi-tuan/index.html,blog/thue-xe/,,no,no-external,blog/thue-xe/; /,none,yes,MotoAI Editorial,,,0,,,
BA-1864,B38,LOCAL,PLANNED,soc son và co loa mùa thu,Địa phương / du lịch; soc son và co loa mùa thu,local-informational,Soc Son và co Loa Mùa Thu,soc-son-va-co-loa-mua-thu,blog/dia-phuong/soc-son-va-co-loa-mua-thu/index.html,blog/dia-phuong/,Hà Nội (khu vực),no,no-external,blog/dia-phuong/; /,none,yes,MotoAI Editorial,,,0,,,
BA-1865,B38,APP,PLANNED,app thuê xe cho người nước ngoài câu hỏi thường gặp,App & Ứng dụng; app thuê xe cho người nước ngoài câu hỏi thường gặp,informational-product,App Thuê xe Cho Người Nước Ngoài Câu Hỏi Thường Gặp,app-thue-xe-cho-nguoi-nuoc-ngoai-cau-hoi-thuong-gap,blog/app/app-thue-xe-cho-nguoi-nuoc-ngoai-cau-hoi-thuong-gap/index.html,blog/app/,,no,no-external,blog/app/; /,none,yes,MotoAI Editorial,,,0,,,
BA-1866,B38,RENT,PLANNED,thuê xe ở ga tàu sân bay cuối tuần,Thuê xe máy; thuê xe ở ga tàu sân bay cuối tuần,commercial-informational,Thuê xe ở ga Tàu Sân Bay Cuối Tuần,thue-xe-o-ga-tau-san-bay-cuoi-tuan,blog/thue-xe/thue-xe-o-ga-tau-san-bay-cuoi-tuan/index.html,blog/thue-xe/,,no,no-external,blog/thue-xe/; /,none,yes,MotoAI Editorial,,,0,,,
BA-1867,B38,LOCAL,PLANNED,ba vì cuối tuần mùa thu,Địa phương / du lịch; ba vì cuối tuần mùa thu,local-informational,ba vì Cuối Tuần Mùa Thu,ba-vi-cuoi-tuan-mua-thu,blog/dia-phuong/ba-vi-cuoi-tuan-mua-thu/index.html,blog/dia-phuong/,Hà Nội (khu vực),no,no-external,blog/dia-phuong/; /,none,yes,MotoAI Editorial,,,0,,,
BA-1868,B38,APP,PLANNED,ứng dụng thuê xe tiếng Anh câu hỏi thường gặp,App & Ứng dụng; ứng dụng thuê xe tiếng Anh câu hỏi thường gặp,informational-product,Ứng Dụng Thuê xe Tiếng Anh Câu Hỏi Thường Gặp,ung-dung-thue-xe-tieng-anh-cau-hoi-thuong-gap,blog/app/ung-dung-thue-xe-tieng-anh-cau-hoi-thuong-gap/index.html,blog/app/,,no,no-external,blog/app/; /,none,yes,MotoAI Editorial,,,0,,,
BA-1869,B38,RENT,PLANNED,so sánh thuê xe máy và taxi cuối tuần,Thuê xe máy; so sánh thuê xe máy và taxi cuối tuần,commercial-informational,so Sánh Thuê xe Máy và Taxi Cuối Tuần,so-sanh-thue-xe-may-va-taxi-cuoi-tuan,blog/thue-xe/so-sanh-thue-xe-may-va-taxi-cuoi-tuan/index.html,blog/thue-xe/,,no,no-external,blog/thue-xe/; /,none,yes,MotoAI Editorial,,,0,,,
BA-1870,B38,LOCAL,PLANNED,thạch thất và sơn tây mùa thu,Địa phương / du lịch; thạch thất và sơn tây mùa thu,local-informational,Thạch Thất và Sơn Tây Mùa Thu,thach-that-va-son-tay-mua-thu,blog/dia-phuong/thach-that-va-son-tay-mua-thu/index.html,blog/dia-phuong/,Hà Nội (khu vực),no,no-external,blog/dia-phuong/; /,none,yes,MotoAI Editorial,,,0,,,
BA-1871,B38,APP,PLANNED,kết nối Zalo với ứng dụng thuê xe câu hỏi thường gặp,App & Ứng dụng; kết nối Zalo với ứng dụng thuê xe câu hỏi thường gặp,informational-product,Kết Nối Zalo Với Ứng Dụng Thuê xe Câu Hỏi Thường Gặp,ket-noi-zalo-voi-ung-dung-thue-xe-cau-hoi-thuong-gap,blog/app/ket-noi-zalo-voi-ung-dung-thue-xe-cau-hoi-thuong-gap/index.html,blog/app/,,no,no-external,blog/app/; /,none,yes,MotoAI Editorial,,,0,,,
BA-1872,B38,RENT,PLANNED,thuê xe máy hay đi grab cuối tuần,Thuê xe máy; thuê xe máy hay đi grab cuối tuần,commercial-informational,Thuê xe Máy Hay đi Grab Cuối Tuần,thue-xe-may-hay-di-grab-cuoi-tuan,blog/thue-xe/thue-xe-may-hay-di-grab-cuoi-tuan/index.html,blog/thue-xe/,,no,no-external,blog/thue-xe/; /,none,yes,MotoAI Editorial,,,0,,,
BA-1873,B38,LOCAL,PLANNED,hòa bình đường trường mùa thu,Địa phương / du lịch; hòa bình đường trường mùa thu,local-informational,Hòa Bình Đường Trường Mùa Thu,hoa-binh-duong-truong-mua-thu,blog/dia-phuong/hoa-binh-duong-truong-mua-thu/index.html,blog/dia-phuong/,Hà Nội (khu vực),no,no-external,blog/dia-phuong/; /,none,yes,MotoAI Editorial,,,0,,,
BA-1874,B38,APP,PLANNED,gọi điện từ ứng dụng thuê xe câu hỏi thường gặp,App & Ứng dụng; gọi điện từ ứng dụng thuê xe câu hỏi thường gặp,informational-product,Gọi Điện từ Ứng Dụng Thuê xe Câu Hỏi Thường Gặp,goi-dien-tu-ung-dung-thue-xe-cau-hoi-thuong-gap,blog/app/goi-dien-tu-ung-dung-thue-xe-cau-hoi-thuong-gap/index.html,blog/app/,,no,no-external,blog/app/; /,none,yes,MotoAI Editorial,,,0,,,
BA-1875,B38,RENT,PLANNED,khoảng chi phí đi lại khi thuê xe cuối tuần,Thuê xe máy; khoảng chi phí đi lại khi thuê xe cuối tuần,commercial-informational,Khoảng Chi Phí đi Lại Khi Thuê xe Cuối Tuần,khoang-chi-phi-di-lai-khi-thue-xe-cuoi-tuan,blog/thue-xe/khoang-chi-phi-di-lai-khi-thue-xe-cuoi-tuan/index.html,blog/thue-xe/,,no,no-external,blog/thue-xe/; /,none,yes,MotoAI Editorial,,,0,,,
BA-1876,B38,LOCAL,PLANNED,tam đảo bằng xe máy mùa thu,Địa phương / du lịch; tam đảo bằng xe máy mùa thu,local-informational,Tam Đảo Bằng xe Máy Mùa Thu,tam-dao-bang-xe-may-mua-thu,blog/dia-phuong/tam-dao-bang-xe-may-mua-thu/index.html,blog/dia-phuong/,Hà Nội (khu vực),no,no-external,blog/dia-phuong/; /,none,yes,MotoAI Editorial,,,0,,,
BA-1877,B38,APP,PLANNED,kinh nghiệm dùng trợ lý thuê xe lần đầu câu hỏi thường gặp,App & Ứng dụng; kinh nghiệm dùng trợ lý thuê xe lần đầu câu hỏi thường gặp,informational-product,Kinh Nghiệm Dùng Trợ lý Thuê xe Lần Đầu Câu Hỏi Thường Gặp,kinh-nghiem-dung-tro-ly-thue-xe-lan-dau-cau-hoi-thuong-gap,blog/app/kinh-nghiem-dung-tro-ly-thue-xe-lan-dau-cau-hoi-thuong-gap/index.html,blog/app/,,no,no-external,blog/app/; /,none,yes,MotoAI Editorial,,,0,,,
BA-1878,B38,RENT,PLANNED,bảng giá thuê xe tham khảo cuối tuần,Thuê xe máy; bảng giá thuê xe tham khảo cuối tuần,commercial-informational,Bảng Giá Thuê xe Tham Khảo Cuối Tuần,bang-gia-thue-xe-tham-khao-cuoi-tuan,blog/thue-xe/bang-gia-thue-xe-tham-khao-cuoi-tuan/index.html,blog/thue-xe/,,no,no-external,blog/thue-xe/; /,none,yes,MotoAI Editorial,,,0,,,
BA-1879,B38,LOCAL,PLANNED,mộc châu hành trình dài mùa thu,Địa phương / du lịch; mộc châu hành trình dài mùa thu,local-informational,Mộc Châu Hành Trình Dài Mùa Thu,moc-chau-hanh-trinh-dai-mua-thu,blog/dia-phuong/moc-chau-hanh-trinh-dai-mua-thu/index.html,blog/dia-phuong/,Hà Nội (khu vực),no,no-external,blog/dia-phuong/; /,none,yes,MotoAI Editorial,,,0,,,
BA-1880,B38,APP,PLANNED,ứng dụng thuê xe trên điện thoại cũ câu hỏi thường gặp,App & Ứng dụng; ứng dụng thuê xe trên điện thoại cũ câu hỏi thường gặp,informational-product,Ứng Dụng Thuê xe Trên Điện Thoại cũ Câu Hỏi Thường Gặp,ung-dung-thue-xe-tren-dien-thoai-cu-cau-hoi-thuong-gap,blog/app/ung-dung-thue-xe-tren-dien-thoai-cu-cau-hoi-thuong-gap/index.html,blog/app/,,no,no-external,blog/app/; /,none,yes,MotoAI Editorial,,,0,,,
BA-1881,B38,RENT,PLANNED,cách đọc bảng giá thuê xe cuối tuần,Thuê xe máy; cách đọc bảng giá thuê xe cuối tuần,commercial-informational,Cách Đọc Bảng Giá Thuê xe Cuối Tuần,cach-doc-bang-gia-thue-xe-cuoi-tuan,blog/thue-xe/cach-doc-bang-gia-thue-xe-cuoi-tuan/index.html,blog/thue-xe/,,no,no-external,blog/thue-xe/; /,none,yes,MotoAI Editorial,,,0,,,
BA-1882,B38,LOCAL,PLANNED,ninh bình cuối tuần xe máy mùa thu,Địa phương / du lịch; ninh bình cuối tuần xe máy mùa thu,local-informational,Ninh Bình Cuối Tuần xe Máy Mùa Thu,ninh-binh-cuoi-tuan-xe-may-mua-thu,blog/dia-phuong/ninh-binh-cuoi-tuan-xe-may-mua-thu/index.html,blog/dia-phuong/,Hà Nội (khu vực),no,no-external,blog/dia-phuong/; /,none,yes,MotoAI Editorial,,,0,,,
BA-1883,B38,APP,PLANNED,app thuê xe không cần tài khoản câu hỏi thường gặp,App & Ứng dụng; app thuê xe không cần tài khoản câu hỏi thường gặp,informational-product,App Thuê xe Không Cần Tài Khoản Câu Hỏi Thường Gặp,app-thue-xe-khong-can-tai-khoan-cau-hoi-thuong-gap,blog/app/app-thue-xe-khong-can-tai-khoan-cau-hoi-thuong-gap/index.html,blog/app/,,no,no-external,blog/app/; /,none,yes,MotoAI Editorial,,,0,,,
BA-1884,B38,RENT,PLANNED,giá thuê thay đổi theo mùa không cuối tuần,Thuê xe máy; giá thuê thay đổi theo mùa không cuối tuần,commercial-informational,Giá Thuê Thay Đổi Theo Mùa Không Cuối Tuần,gia-thue-thay-doi-theo-mua-khong-cuoi-tuan,blog/thue-xe/gia-thue-thay-doi-theo-mua-khong-cuoi-tuan/index.html,blog/thue-xe/,,no,no-external,blog/thue-xe/; /,none,yes,MotoAI Editorial,,,0,,,
BA-1885,B38,LOCAL,PLANNED,hạ long đường quốc lộ mùa thu,Địa phương / du lịch; hạ long đường quốc lộ mùa thu,local-informational,hạ Long Đường Quốc lộ Mùa Thu,ha-long-duong-quoc-lo-mua-thu,blog/dia-phuong/ha-long-duong-quoc-lo-mua-thu/index.html,blog/dia-phuong/,Hà Nội (khu vực),no,no-external,blog/dia-phuong/; /,none,yes,MotoAI Editorial,,,0,,,
BA-1886,B38,APP,PLANNED,trợ lý ảo tư vấn thuê xe máy câu hỏi thường gặp,App & Ứng dụng; trợ lý ảo tư vấn thuê xe máy câu hỏi thường gặp,informational-product,Trợ lý ảo tư Vấn Thuê xe Máy Câu Hỏi Thường Gặp,tro-ly-ao-tu-van-thue-xe-may-cau-hoi-thuong-gap,blog/app/tro-ly-ao-tu-van-thue-xe-may-cau-hoi-thuong-gap/index.html,blog/app/,,no,no-external,blog/app/; /,none,yes,MotoAI Editorial,,,0,,,
BA-1887,B38,RENT,PLANNED,thuê xe cho công việc giao hàng cuối tuần,Thuê xe máy; thuê xe cho công việc giao hàng cuối tuần,commercial-informational,Thuê xe Cho Công Việc Giao Hàng Cuối Tuần,thue-xe-cho-cong-viec-giao-hang-cuoi-tuan,blog/thue-xe/thue-xe-cho-cong-viec-giao-hang-cuoi-tuan/index.html,blog/thue-xe/,,no,no-external,blog/thue-xe/; /,none,yes,MotoAI Editorial,,,0,,,
BA-1888,B38,LOCAL,PLANNED,cửa lò ven biển mùa thu,Địa phương / du lịch; cửa lò ven biển mùa thu,local-informational,Cửa lò Ven Biển Mùa Thu,cua-lo-ven-bien-mua-thu,blog/dia-phuong/cua-lo-ven-bien-mua-thu/index.html,blog/dia-phuong/,Hà Nội (khu vực),no,no-external,blog/dia-phuong/; /,none,yes,MotoAI Editorial,,,0,,,
BA-1889,B38,APP,PLANNED,cách ứng dụng hiểu câu hỏi về giá xe câu hỏi thường gặp,App & Ứng dụng; cách ứng dụng hiểu câu hỏi về giá xe câu hỏi thường gặp,informational-product,Cách Ứng Dụng Hiểu Câu Hỏi về Giá xe Câu Hỏi Thường Gặp,cach-ung-dung-hieu-cau-hoi-ve-gia-xe-cau-hoi-thuong-gap,blog/app/cach-ung-dung-hieu-cau-hoi-ve-gia-xe-cau-hoi-thuong-gap/index.html,blog/app/,,no,no-external,blog/app/; /,none,yes,MotoAI Editorial,,,0,,,
BA-1890,B38,RENT,PLANNED,thuê xe chạy dịch vụ cuối tuần,Thuê xe máy; thuê xe chạy dịch vụ cuối tuần,commercial-informational,Thuê xe Chạy Dịch vụ Cuối Tuần,thue-xe-chay-dich-vu-cuoi-tuan,blog/thue-xe/thue-xe-chay-dich-vu-cuoi-tuan/index.html,blog/thue-xe/,,no,no-external,blog/thue-xe/; /,none,yes,MotoAI Editorial,,,0,,,
BA-1891,B38,LOCAL,PLANNED,thanh hóa và xe đường dài mùa thu,Địa phương / du lịch; thanh hóa và xe đường dài mùa thu,local-informational,Thanh Hóa và xe Đường Dài Mùa Thu,thanh-hoa-va-xe-duong-dai-mua-thu,blog/dia-phuong/thanh-hoa-va-xe-duong-dai-mua-thu/index.html,blog/dia-phuong/,Hà Nội (khu vực),no,no-external,blog/dia-phuong/; /,none,yes,MotoAI Editorial,,,0,,,
BA-1892,B38,APP,PLANNED,tìm hiểu hybrid search trong ứng dụng thuê xe câu hỏi thường gặp,App & Ứng dụng; tìm hiểu hybrid search trong ứng dụng thuê xe câu hỏi thường gặp,informational-product,Tìm Hiểu Hybrid Search Trong Ứng Dụng Thuê xe Câu Hỏi Thường Gặp,tim-hieu-hybrid-search-trong-ung-dung-thue-xe-cau-hoi-thuong-gap,blog/app/tim-hieu-hybrid-search-trong-ung-dung-thue-xe-cau-hoi-thuong-gap/index.html,blog/app/,,no,no-external,blog/app/; /,none,yes,MotoAI Editorial,,,0,,,
BA-1893,B38,RENT,PLANNED,chọn xe theo mục đích sử dụng cuối tuần,Thuê xe máy; chọn xe theo mục đích sử dụng cuối tuần,commercial-informational,Chọn xe Theo Mục Đích sử Dụng Cuối Tuần,chon-xe-theo-muc-dich-su-dung-cuoi-tuan,blog/thue-xe/chon-xe-theo-muc-dich-su-dung-cuoi-tuan/index.html,blog/thue-xe/,,no,no-external,blog/thue-xe/; /,none,yes,MotoAI Editorial,,,0,,,
BA-1894,B38,LOCAL,PLANNED,tràng an ride mùa thu,Địa phương / du lịch; tràng an ride mùa thu,local-informational,Tràng an Ride Mùa Thu,trang-an-ride-mua-thu,blog/dia-phuong/trang-an-ride-mua-thu/index.html,blog/dia-phuong/,Hà Nội (khu vực),no,no-external,blog/dia-phuong/; /,none,yes,MotoAI Editorial,,,0,,,
BA-1895,B38,APP,PLANNED,ai trả lời trong ứng dụng thuê xe câu hỏi thường gặp,App & Ứng dụng; ai trả lời trong ứng dụng thuê xe câu hỏi thường gặp,informational-product,ai Trả Lời Trong Ứng Dụng Thuê xe Câu Hỏi Thường Gặp,ai-tra-loi-trong-ung-dung-thue-xe-cau-hoi-thuong-gap,blog/app/ai-tra-loi-trong-ung-dung-thue-xe-cau-hoi-thuong-gap/index.html,blog/app/,,no,no-external,blog/app/; /,none,yes,MotoAI Editorial,,,0,,,
BA-1896,B38,RENT,PLANNED,thuê xe số hay xe ga cho người mới cuối tuần,Thuê xe máy; thuê xe số hay xe ga cho người mới cuối tuần,commercial-informational,Thuê xe số Hay xe ga Cho Người Mới Cuối Tuần,thue-xe-so-hay-xe-ga-cho-nguoi-moi-cuoi-tuan,blog/thue-xe/thue-xe-so-hay-xe-ga-cho-nguoi-moi-cuoi-tuan/index.html,blog/thue-xe/,,no,no-external,blog/thue-xe/; /,none,yes,MotoAI Editorial,,,0,,,
BA-1897,B38,LOCAL,PLANNED,bái đính xe máy mùa thu,Địa phương / du lịch; bái đính xe máy mùa thu,local-informational,Bái Đính xe Máy Mùa Thu,bai-dinh-xe-may-mua-thu,blog/dia-phuong/bai-dinh-xe-may-mua-thu/index.html,blog/dia-phuong/,Hà Nội (khu vực),no,no-external,blog/dia-phuong/; /,none,yes,MotoAI Editorial,,,0,,,
BA-1898,B38,APP,PLANNED,chính sách dữ liệu của ứng dụng thuê xe câu hỏi thường gặp,App & Ứng dụng; chính sách dữ liệu của ứng dụng thuê xe câu hỏi thường gặp,informational-product,Chính Sách dữ Liệu Của Ứng Dụng Thuê xe Câu Hỏi Thường Gặp,chinh-sach-du-lieu-cua-ung-dung-thue-xe-cau-hoi-thuong-gap,blog/app/chinh-sach-du-lieu-cua-ung-dung-thue-xe-cau-hoi-thuong-gap/index.html,blog/app/,,no,no-external,blog/app/; /,none,yes,MotoAI Editorial,,,0,,,
BA-1899,B38,RENT,PLANNED,xe nào tiết kiệm xăng khi thuê cuối tuần,Thuê xe máy; xe nào tiết kiệm xăng khi thuê cuối tuần,commercial-informational,xe Nào Tiết Kiệm Xăng Khi Thuê Cuối Tuần,xe-nao-tiet-kiem-xang-khi-thue-cuoi-tuan,blog/thue-xe/xe-nao-tiet-kiem-xang-khi-thue-cuoi-tuan/index.html,blog/thue-xe/,,no,no-external,blog/thue-xe/; /,none,yes,MotoAI Editorial,,,0,,,
BA-1900,B38,LOCAL,PLANNED,cúc phương weekend mùa thu,Địa phương / du lịch; cúc phương weekend mùa thu,local-informational,Cúc Phương Weekend Mùa Thu,cuc-phuong-weekend-mua-thu,blog/dia-phuong/cuc-phuong-weekend-mua-thu/index.html,blog/dia-phuong/,Hà Nội (khu vực),no,no-external,blog/dia-phuong/; /,none,yes,MotoAI Editorial,,,0,,,
BA-1901,B39,RENT,PLANNED,xe nào dễ điều khiển cuối tuần,Thuê xe máy; xe nào dễ điều khiển cuối tuần,commercial-informational,xe Nào dễ Điều Khiển Cuối Tuần,xe-nao-de-dieu-khien-cuoi-tuan,blog/thue-xe/xe-nao-de-dieu-khien-cuoi-tuan/index.html,blog/thue-xe/,,no,no-external,blog/thue-xe/; /,none,yes,MotoAI Editorial,,,0,,,
BA-1902,B39,LOCAL,PLANNED,hành trình mài châu mùa thu,Địa phương / du lịch; hành trình mài châu mùa thu,local-informational,Hành Trình Mài Châu Mùa Thu,hanh-trinh-mai-chau-mua-thu,blog/dia-phuong/hanh-trinh-mai-chau-mua-thu/index.html,blog/dia-phuong/,Hà Nội (khu vực),no,no-external,blog/dia-phuong/; /,none,yes,MotoAI Editorial,,,0,,,
BA-1903,B39,RENT,PLANNED,thuê xe máy cũ hay mới cuối tuần,Thuê xe máy; thuê xe máy cũ hay mới cuối tuần,commercial-informational,Thuê xe Máy cũ Hay Mới Cuối Tuần,thue-xe-may-cu-hay-moi-cuoi-tuan,blog/thue-xe/thue-xe-may-cu-hay-moi-cuoi-tuan/index.html,blog/thue-xe/,,no,no-external,blog/thue-xe/; /,none,yes,MotoAI Editorial,,,0,,,
BA-1904,B39,LOCAL,PLANNED,đà lạt đường xa mùa thu,Địa phương / du lịch; đà lạt đường xa mùa thu,local-informational,đà Lạt Đường xa Mùa Thu,da-lat-duong-xa-mua-thu,blog/dia-phuong/da-lat-duong-xa-mua-thu/index.html,blog/dia-phuong/,Hà Nội (khu vực),no,no-external,blog/dia-phuong/; /,none,yes,MotoAI Editorial,,,0,,,
BA-1905,B39,RENT,PLANNED,tình trạng xe tại cửa hàng cuối tuần,Thuê xe máy; tình trạng xe tại cửa hàng cuối tuần,commercial-informational,Tình Trạng xe Tại Cửa Hàng Cuối Tuần,tinh-trang-xe-tai-cua-hang-cuoi-tuan,blog/thue-xe/tinh-trang-xe-tai-cua-hang-cuoi-tuan/index.html,blog/thue-xe/,,no,no-external,blog/thue-xe/; /,none,yes,MotoAI Editorial,,,0,,,
BA-1906,B39,LOCAL,PLANNED,huế xuyên việt mùa thu,Địa phương / du lịch; huế xuyên việt mùa thu,local-informational,Huế Xuyên Việt Mùa Thu,hue-xuyen-viet-mua-thu,blog/dia-phuong/hue-xuyen-viet-mua-thu/index.html,blog/dia-phuong/,Hà Nội (khu vực),no,no-external,blog/dia-phuong/; /,none,yes,MotoAI Editorial,,,0,,,
BA-1907,B39,RENT,PLANNED,đồngo kèm theo xe thuê cuối tuần,Thuê xe máy; đồngo kèm theo xe thuê cuối tuần,commercial-informational,Đồngo Kèm Theo xe Thuê Cuối Tuần,dongo-kem-theo-xe-thue-cuoi-tuan,blog/thue-xe/dongo-kem-theo-xe-thue-cuoi-tuan/index.html,blog/thue-xe/,,no,no-external,blog/thue-xe/; /,none,yes,MotoAI Editorial,,,0,,,
BA-1908,B39,LOCAL,PLANNED,đà nẵng hành trình bắc nam mùa thu,Địa phương / du lịch; đà nẵng hành trình bắc nam mùa thu,local-informational,đà Nẵng Hành Trình Bắc Nam Mùa Thu,da-nang-hanh-trinh-bac-nam-mua-thu,blog/dia-phuong/da-nang-hanh-trinh-bac-nam-mua-thu/index.html,blog/dia-phuong/,Hà Nội (khu vực),no,no-external,blog/dia-phuong/; /,none,yes,MotoAI Editorial,,,0,,,
BA-1909,B39,RENT,PLANNED,mũ bảo hiểm khi thuê xe cuối tuần,Thuê xe máy; mũ bảo hiểm khi thuê xe cuối tuần,commercial-informational,mũ Bảo Hiểm Khi Thuê xe Cuối Tuần,mu-bao-hiem-khi-thue-xe-cuoi-tuan,blog/thue-xe/mu-bao-hiem-khi-thue-xe-cuoi-tuan/index.html,blog/thue-xe/,,no,no-external,blog/thue-xe/; /,none,yes,MotoAI Editorial,,,0,,,
BA-1910,B39,LOCAL,PLANNED,hội an cuối tuần mùa thu,Địa phương / du lịch; hội an cuối tuần mùa thu,local-informational,Hội an Cuối Tuần Mùa Thu,hoi-an-cuoi-tuan-mua-thu,blog/dia-phuong/hoi-an-cuoi-tuan-mua-thu/index.html,blog/dia-phuong/,Hà Nội (khu vực),no,no-external,blog/dia-phuong/; /,none,yes,MotoAI Editorial,,,0,,,
BA-1911,B39,RENT,PLANNED,áo mưa khi thuê xe máy cuối tuần,Thuê xe máy; áo mưa khi thuê xe máy cuối tuần,commercial-informational,áo Mưa Khi Thuê xe Máy Cuối Tuần,ao-mua-khi-thue-xe-may-cuoi-tuan,blog/thue-xe/ao-mua-khi-thue-xe-may-cuoi-tuan/index.html,blog/thue-xe/,,no,no-external,blog/thue-xe/; /,none,yes,MotoAI Editorial,,,0,,,
BA-1912,B39,LOCAL,PLANNED,sài gòn đường nam mùa thu,Địa phương / du lịch; sài gòn đường nam mùa thu,local-informational,Sài Gòn Đường Nam Mùa Thu,sai-gon-duong-nam-mua-thu,blog/dia-phuong/sai-gon-duong-nam-mua-thu/index.html,blog/dia-phuong/,Hà Nội (khu vực),no,no-external,blog/dia-phuong/; /,none,yes,MotoAI Editorial,,,0,,,
BA-1913,B39,RENT,PLANNED,giá xe tháng cho sinh viên cuối tuần,Thuê xe máy; giá xe tháng cho sinh viên cuối tuần,commercial-informational,Giá xe Tháng Cho Sinh Viên Cuối Tuần,gia-xe-thang-cho-sinh-vien-cuoi-tuan,blog/thue-xe/gia-xe-thang-cho-sinh-vien-cuoi-tuan/index.html,blog/thue-xe/,,no,no-external,blog/thue-xe/; /,none,yes,MotoAI Editorial,,,0,,,
BA-1914,B39,LOCAL,PLANNED,mekong delta ride mùa thu,Địa phương / du lịch; mekong delta ride mùa thu,local-informational,Mekong Delta Ride Mùa Thu,mekong-delta-ride-mua-thu,blog/dia-phuong/mekong-delta-ride-mua-thu/index.html,blog/dia-phuong/,Hà Nội (khu vực),no,no-external,blog/dia-phuong/; /,none,yes,MotoAI Editorial,,,0,,,
BA-1915,B39,RENT,PLANNED,thuê xe dài hạn cho người đi làm cuối tuần,Thuê xe máy; thuê xe dài hạn cho người đi làm cuối tuần,commercial-informational,Thuê xe Dài Hạn Cho Người đi Làm Cuối Tuần,thue-xe-dai-han-cho-nguoi-di-lam-cuoi-tuan,blog/thue-xe/thue-xe-dai-han-cho-nguoi-di-lam-cuoi-tuan/index.html,blog/thue-xe/,,no,no-external,blog/thue-xe/; /,none,yes,MotoAI Editorial,,,0,,,
BA-1916,B39,LOCAL,PLANNED,ha giang vòng cung mùa thu,Địa phương / du lịch; ha giang vòng cung mùa thu,local-informational,ha Giang Vòng Cung Mùa Thu,ha-giang-vong-cung-mua-thu,blog/dia-phuong/ha-giang-vong-cung-mua-thu/index.html,blog/dia-phuong/,Hà Nội (khu vực),no,no-external,blog/dia-phuong/; /,none,yes,MotoAI Editorial,,,0,,,
BA-1917,B39,RENT,PLANNED,hợp đồng thuê xe máy cuối tuần,Thuê xe máy; hợp đồng thuê xe máy cuối tuần,commercial-informational,Hợp Đồng Thuê xe Máy Cuối Tuần,hop-dong-thue-xe-may-cuoi-tuan,blog/thue-xe/hop-dong-thue-xe-may-cuoi-tuan/index.html,blog/thue-xe/,,no,no-external,blog/thue-xe/; /,none,yes,MotoAI Editorial,,,0,,,
BA-1918,B39,LOCAL,PLANNED,cao nguyên đá đồng văn mùa thu,Địa phương / du lịch; cao nguyên đá đồng văn mùa thu,local-informational,Cao Nguyên đá Đồng Văn Mùa Thu,cao-nguyen-da-dong-van-mua-thu,blog/dia-phuong/cao-nguyen-da-dong-van-mua-thu/index.html,blog/dia-phuong/,Hà Nội (khu vực),no,no-external,blog/dia-phuong/; /,none,yes,MotoAI Editorial,,,0,,,
BA-1919,B39,RENT,PLANNED,thuê xe công ty cho nhân viên cuối tuần,Thuê xe máy; thuê xe công ty cho nhân viên cuối tuần,commercial-informational,Thuê xe Công ty Cho Nhân Viên Cuối Tuần,thue-xe-cong-ty-cho-nhan-vien-cuoi-tuan,blog/thue-xe/thue-xe-cong-ty-cho-nhan-vien-cuoi-tuan/index.html,blog/thue-xe/,,no,no-external,blog/thue-xe/; /,none,yes,MotoAI Editorial,,,0,,,
BA-1920,B39,LOCAL,PLANNED,mèo vạc đồng cao mùa thu,Địa phương / du lịch; mèo vạc đồng cao mùa thu,local-informational,Mèo Vạc Đồng Cao Mùa Thu,meo-vac-dong-cao-mua-thu,blog/dia-phuong/meo-vac-dong-cao-mua-thu/index.html,blog/dia-phuong/,Hà Nội (khu vực),no,no-external,blog/dia-phuong/; /,none,yes,MotoAI Editorial,,,0,,,
BA-1921,B39,RENT,PLANNED,thuê xe máy giá rẻ giá tốt nhất,Thuê xe máy; thuê xe máy giá rẻ giá tốt nhất,commercial-informational,Thuê xe Máy Giá rẻ Giá Tốt Nhất,thue-xe-may-gia-re-gia-tot-nhat,blog/thue-xe/thue-xe-may-gia-re-gia-tot-nhat/index.html,blog/thue-xe/,,no,no-external,blog/thue-xe/; /,none,yes,MotoAI Editorial,,,0,,,
BA-1922,B39,LOCAL,PLANNED,thuê xe máy quanh long biên trong ngày,Địa phương / du lịch; thuê xe máy quanh long biên trong ngày,local-informational,Thuê xe Máy Quanh Long Biên Trong Ngày,thue-xe-may-quanh-long-bien-trong-ngay,blog/dia-phuong/thue-xe-may-quanh-long-bien-trong-ngay/index.html,blog/dia-phuong/,Long Biên,no,no-external,blog/dia-phuong/; /,none,yes,MotoAI Editorial,,,0,,,
BA-1923,B39,RENT,PLANNED,giá thuê xe máy theo ngày giá tốt nhất,Thuê xe máy; giá thuê xe máy theo ngày giá tốt nhất,commercial-informational,Giá Thuê xe Máy Theo Ngày Giá Tốt Nhất,gia-thue-xe-may-theo-ngay-gia-tot-nhat,blog/thue-xe/gia-thue-xe-may-theo-ngay-gia-tot-nhat/index.html,blog/thue-xe/,,no,no-external,blog/thue-xe/; /,none,yes,MotoAI Editorial,,,0,,,
BA-1924,B39,LOCAL,PLANNED,đi phố cổ bằng xe máy trong ngày,Địa phương / du lịch; đi phố cổ bằng xe máy trong ngày,local-informational,đi Phố cổ Bằng xe Máy Trong Ngày,di-pho-co-bang-xe-may-trong-ngay,blog/dia-phuong/di-pho-co-bang-xe-may-trong-ngay/index.html,blog/dia-phuong/,Phố cổ,no,no-external,blog/dia-phuong/; /,none,yes,MotoAI Editorial,,,0,,,
BA-1925,B39,RENT,PLANNED,thuê xe máy theo tuần giá tốt nhất,Thuê xe máy; thuê xe máy theo tuần giá tốt nhất,commercial-informational,Thuê xe Máy Theo Tuần Giá Tốt Nhất,thue-xe-may-theo-tuan-gia-tot-nhat,blog/thue-xe/thue-xe-may-theo-tuan-gia-tot-nhat/index.html,blog/thue-xe/,,no,no-external,blog/thue-xe/; /,none,yes,MotoAI Editorial,,,0,,,
BA-1926,B39,LOCAL,PLANNED,du lịch hoàn kiếm bằng xe máy trong ngày,Địa phương / du lịch; du lịch hoàn kiếm bằng xe máy trong ngày,local-informational,du Lịch Hoàn Kiếm Bằng xe Máy Trong Ngày,du-lich-hoan-kiem-bang-xe-may-trong-ngay,blog/dia-phuong/du-lich-hoan-kiem-bang-xe-may-trong-ngay/index.html,blog/dia-phuong/,Hoàn Kiếm,no,no-external,blog/dia-phuong/; /,none,yes,MotoAI Editorial,,,0,,,
BA-1927,B39,RENT,PLANNED,thuê xe máy theo tháng giá tốt nhất,Thuê xe máy; thuê xe máy theo tháng giá tốt nhất,commercial-informational,Thuê xe Máy Theo Tháng Giá Tốt Nhất,thue-xe-may-theo-thang-gia-tot-nhat,blog/thue-xe/thue-xe-may-theo-thang-gia-tot-nhat/index.html,blog/thue-xe/,,no,no-external,blog/thue-xe/; /,none,yes,MotoAI Editorial,,,0,,,
BA-1928,B39,LOCAL,PLANNED,hồ tây và xe máy trong ngày,Địa phương / du lịch; hồ tây và xe máy trong ngày,local-informational,hồ Tây và xe Máy Trong Ngày,ho-tay-va-xe-may-trong-ngay,blog/dia-phuong/ho-tay-va-xe-may-trong-ngay/index.html,blog/dia-phuong/,hồ Tây,no,no-external,blog/dia-phuong/; /,none,yes,MotoAI Editorial,,,0,,,
BA-1929,B39,RENT,PLANNED,cho thuê xe máy thủ tục đơn giản giá tốt nhất,Thuê xe máy; cho thuê xe máy thủ tục đơn giản giá tốt nhất,commercial-informational,Cho Thuê xe Máy Thủ Tục Đơn Giản Giá Tốt Nhất,cho-thue-xe-may-thu-tuc-don-gian-gia-tot-nhat,blog/thue-xe/cho-thue-xe-may-thu-tuc-don-gian-gia-tot-nhat/index.html,blog/thue-xe/,,no,no-external,blog/thue-xe/; /,none,yes,MotoAI Editorial,,,0,,,
BA-1930,B39,LOCAL,PLANNED,ba đình xe máy phượng trong ngày,Địa phương / du lịch; ba đình xe máy phượng trong ngày,local-informational,ba Đình xe Máy Phượng Trong Ngày,ba-dinh-xe-may-phuong-trong-ngay,blog/dia-phuong/ba-dinh-xe-may-phuong-trong-ngay/index.html,blog/dia-phuong/,ba Đình,no,no-external,blog/dia-phuong/; /,none,yes,MotoAI Editorial,,,0,,,
BA-1931,B39,RENT,PLANNED,thuê xe số giá tốt nhất,Thuê xe máy; thuê xe số giá tốt nhất,commercial-informational,Thuê xe số Giá Tốt Nhất,thue-xe-so-gia-tot-nhat,blog/thue-xe/thue-xe-so-gia-tot-nhat/index.html,blog/thue-xe/,,no,no-external,blog/thue-xe/; /,none,yes,MotoAI Editorial,,,0,,,
BA-1932,B39,LOCAL,PLANNED,cầu giấy đi xe máy trong ngày,Địa phương / du lịch; cầu giấy đi xe máy trong ngày,local-informational,Cầu Giấy đi xe Máy Trong Ngày,cau-giay-di-xe-may-trong-ngay,blog/dia-phuong/cau-giay-di-xe-may-trong-ngay/index.html,blog/dia-phuong/,Cầu Giấy,no,no-external,blog/dia-phuong/; /,none,yes,MotoAI Editorial,,,0,,,
BA-1933,B39,RENT,PLANNED,thuê xe ga giá tốt nhất,Thuê xe máy; thuê xe ga giá tốt nhất,commercial-informational,Thuê xe ga Giá Tốt Nhất,thue-xe-ga-gia-tot-nhat,blog/thue-xe/thue-xe-ga-gia-tot-nhat/index.html,blog/thue-xe/,,no,no-external,blog/thue-xe/; /,none,yes,MotoAI Editorial,,,0,,,
BA-1934,B39,LOCAL,PLANNED,đống đa và xe máy trong ngày,Địa phương / du lịch; đống đa và xe máy trong ngày,local-informational,Đống đa và xe Máy Trong Ngày,dong-da-va-xe-may-trong-ngay,blog/dia-phuong/dong-da-va-xe-may-trong-ngay/index.html,blog/dia-phuong/,Đống đa,no,no-external,blog/dia-phuong/; /,none,yes,MotoAI Editorial,,,0,,,
BA-1935,B39,RENT,PLANNED,thuê xe 50cc giá tốt nhất,Thuê xe máy; thuê xe 50cc giá tốt nhất,commercial-informational,Thuê xe 50cc Giá Tốt Nhất,thue-xe-50cc-gia-tot-nhat,blog/thue-xe/thue-xe-50cc-gia-tot-nhat/index.html,blog/thue-xe/,,no,no-external,blog/thue-xe/; /,none,yes,MotoAI Editorial,,,0,,,
BA-1936,B39,LOCAL,PLANNED,thanh xuân đường đi trong ngày,Địa phương / du lịch; thanh xuân đường đi trong ngày,local-informational,Thanh Xuân Đường đi Trong Ngày,thanh-xuan-duong-di-trong-ngay,blog/dia-phuong/thanh-xuan-duong-di-trong-ngay/index.html,blog/dia-phuong/,Thanh Xuân,no,no-external,blog/dia-phuong/; /,none,yes,MotoAI Editorial,,,0,,,
BA-1937,B39,RENT,PLANNED,thuê honda vision giá tốt nhất,Thuê xe máy; thuê honda vision giá tốt nhất,commercial-informational,Thuê Honda Vision Giá Tốt Nhất,thue-honda-vision-gia-tot-nhat,blog/thue-xe/thue-honda-vision-gia-tot-nhat/index.html,blog/thue-xe/,,no,no-external,blog/thue-xe/; /,none,yes,MotoAI Editorial,,,0,,,
BA-1938,B39,LOCAL,PLANNED,hai bà trưng hành trình trong ngày,Địa phương / du lịch; hai bà trưng hành trình trong ngày,local-informational,Hai bà Trưng Hành Trình Trong Ngày,hai-ba-trung-hanh-trinh-trong-ngay,blog/dia-phuong/hai-ba-trung-hanh-trinh-trong-ngay/index.html,blog/dia-phuong/,Hai bà Trưng,no,no-external,blog/dia-phuong/; /,none,yes,MotoAI Editorial,,,0,,,
BA-1939,B39,RENT,PLANNED,thuê honda air blade giá tốt nhất,Thuê xe máy; thuê honda air blade giá tốt nhất,commercial-informational,Thuê Honda Air Blade Giá Tốt Nhất,thue-honda-air-blade-gia-tot-nhat,blog/thue-xe/thue-honda-air-blade-gia-tot-nhat/index.html,blog/thue-xe/,,no,no-external,blog/thue-xe/; /,none,yes,MotoAI Editorial,,,0,,,
BA-1940,B39,LOCAL,PLANNED,gia lâm và long biên trong ngày,Địa phương / du lịch; gia lâm và long biên trong ngày,local-informational,Gia Lâm và Long Biên Trong Ngày,gia-lam-va-long-bien-trong-ngay,blog/dia-phuong/gia-lam-va-long-bien-trong-ngay/index.html,blog/dia-phuong/,Long Biên,no,no-external,blog/dia-phuong/; /,none,yes,MotoAI Editorial,,,0,,,
BA-1941,B39,RENT,PLANNED,thuê wave alpha giá tốt nhất,Thuê xe máy; thuê wave alpha giá tốt nhất,commercial-informational,Thuê Wave Alpha Giá Tốt Nhất,thue-wave-alpha-gia-tot-nhat,blog/thue-xe/thue-wave-alpha-gia-tot-nhat/index.html,blog/thue-xe/,,no,no-external,blog/thue-xe/; /,none,yes,MotoAI Editorial,,,0,,,
BA-1942,B39,LOCAL,PLANNED,sông hồng và cầu long biên trong ngày,Địa phương / du lịch; sông hồng và cầu long biên trong ngày,local-informational,Sông Hồng và Cầu Long Biên Trong Ngày,song-hong-va-cau-long-bien-trong-ngay,blog/dia-phuong/song-hong-va-cau-long-bien-trong-ngay/index.html,blog/dia-phuong/,Long Biên,no,no-external,blog/dia-phuong/; /,none,yes,MotoAI Editorial,,,0,,,
BA-1943,B39,RENT,PLANNED,thuê xe hạng nhẹ giá tốt nhất,Thuê xe máy; thuê xe hạng nhẹ giá tốt nhất,commercial-informational,Thuê xe Hạng Nhẹ Giá Tốt Nhất,thue-xe-hang-nhe-gia-tot-nhat,blog/thue-xe/thue-xe-hang-nhe-gia-tot-nhat/index.html,blog/thue-xe/,,no,no-external,blog/thue-xe/; /,none,yes,MotoAI Editorial,,,0,,,
BA-1944,B39,LOCAL,PLANNED,chợ long biên đêm trong ngày,Địa phương / du lịch; chợ long biên đêm trong ngày,local-informational,Chợ Long Biên Đêm Trong Ngày,cho-long-bien-dem-trong-ngay,blog/dia-phuong/cho-long-bien-dem-trong-ngay/index.html,blog/dia-phuong/,Long Biên,no,no-external,blog/dia-phuong/; /,none,yes,MotoAI Editorial,,,0,,,
BA-1945,B39,RENT,PLANNED,so sánh giá các loại xe máy cho thuê giá tốt nhất,Thuê xe máy; so sánh giá các loại xe máy cho thuê giá tốt nhất,commercial-informational,so Sánh Giá Các Loại xe Máy Cho Thuê Giá Tốt Nhất,so-sanh-gia-cac-loai-xe-may-cho-thue-gia-tot-nhat,blog/thue-xe/so-sanh-gia-cac-loai-xe-may-cho-thue-gia-tot-nhat/index.html,blog/thue-xe/,,no,no-external,blog/thue-xe/; /,none,yes,MotoAI Editorial,,,0,,,
BA-1946,B39,LOCAL,PLANNED,phố cổ ẩm thực xe máy trong ngày,Địa phương / du lịch; phố cổ ẩm thực xe máy trong ngày,local-informational,Phố cổ ẩm Thực xe Máy Trong Ngày,pho-co-am-thuc-xe-may-trong-ngay,blog/dia-phuong/pho-co-am-thuc-xe-may-trong-ngay/index.html,blog/dia-phuong/,Phố cổ,no,no-external,blog/dia-phuong/; /,none,yes,MotoAI Editorial,,,0,,,
BA-1947,B39,RENT,PLANNED,cọc thuê xe máy bao nhiêu giá tốt nhất,Thuê xe máy; cọc thuê xe máy bao nhiêu giá tốt nhất,commercial-informational,Cọc Thuê xe Máy Bao Nhiêu Giá Tốt Nhất,coc-thue-xe-may-bao-nhieu-gia-tot-nhat,blog/thue-xe/coc-thue-xe-may-bao-nhieu-gia-tot-nhat/index.html,blog/thue-xe/,,no,no-external,blog/thue-xe/; /,none,yes,MotoAI Editorial,,,0,,,
BA-1948,B39,LOCAL,PLANNED,hồ gươm ban đêm trong ngày,Địa phương / du lịch; hồ gươm ban đêm trong ngày,local-informational,hồ Gươm Ban Đêm Trong Ngày,ho-guom-ban-dem-trong-ngay,blog/dia-phuong/ho-guom-ban-dem-trong-ngay/index.html,blog/dia-phuong/,Hà Nội (khu vực),no,no-external,blog/dia-phuong/; /,none,yes,MotoAI Editorial,,,0,,,
BA-1949,B39,RENT,PLANNED,nhận xe thuê cần gì giá tốt nhất,Thuê xe máy; nhận xe thuê cần gì giá tốt nhất,commercial-informational,Nhận xe Thuê Cần gì Giá Tốt Nhất,nhan-xe-thue-can-gi-gia-tot-nhat,blog/thue-xe/nhan-xe-thue-can-gi-gia-tot-nhat/index.html,blog/thue-xe/,,no,no-external,blog/thue-xe/; /,none,yes,MotoAI Editorial,,,0,,,
BA-1950,B39,LOCAL,PLANNED,ven đê sông hồng trong ngày,Địa phương / du lịch; ven đê sông hồng trong ngày,local-informational,Ven đê Sông Hồng Trong Ngày,ven-de-song-hong-trong-ngay,blog/dia-phuong/ven-de-song-hong-trong-ngay/index.html,blog/dia-phuong/,Hà Nội (khu vực),no,no-external,blog/dia-phuong/; /,none,yes,MotoAI Editorial,,,0,,,
BA-1951,B40,RENT,PLANNED,trả xe thuê đúng giờ giá tốt nhất,Thuê xe máy; trả xe thuê đúng giờ giá tốt nhất,commercial-informational,Trả xe Thuê Đúng Giờ Giá Tốt Nhất,tra-xe-thue-dung-gio-gia-tot-nhat,blog/thue-xe/tra-xe-thue-dung-gio-gia-tot-nhat/index.html,blog/thue-xe/,,no,no-external,blog/thue-xe/; /,none,yes,MotoAI Editorial,,,0,,,
BA-1952,B40,LOCAL,PLANNED,cột cờ hoàng thành trong ngày,Địa phương / du lịch; cột cờ hoàng thành trong ngày,local-informational,Cột cờ Hoàng Thành Trong Ngày,cot-co-hoang-thanh-trong-ngay,blog/dia-phuong/cot-co-hoang-thanh-trong-ngay/index.html,blog/dia-phuong/,Hà Nội (khu vực),no,no-external,blog/dia-phuong/; /,none,yes,MotoAI Editorial,,,0,,,
BA-1953,B40,RENT,PLANNED,phí trễ hạn khi thuê xe giá tốt nhất,Thuê xe máy; phí trễ hạn khi thuê xe giá tốt nhất,commercial-informational,Phí Trễ Hạn Khi Thuê xe Giá Tốt Nhất,phi-tre-han-khi-thue-xe-gia-tot-nhat,blog/thue-xe/phi-tre-han-khi-thue-xe-gia-tot-nhat/index.html,blog/thue-xe/,,no,no-external,blog/thue-xe/; /,none,yes,MotoAI Editorial,,,0,,,
BA-1954,B40,LOCAL,PLANNED,lăng chủ tích qua phố trong ngày,Địa phương / du lịch; lăng chủ tích qua phố trong ngày,local-informational,Lăng Chủ Tích Qua Phố Trong Ngày,lang-chu-tich-qua-pho-trong-ngay,blog/dia-phuong/lang-chu-tich-qua-pho-trong-ngay/index.html,blog/dia-phuong/,Hà Nội (khu vực),no,no-external,blog/dia-phuong/; /,none,yes,MotoAI Editorial,,,0,,,
BA-1955,B40,RENT,PLANNED,kiểm tra xe trước khi nhận giá tốt nhất,Thuê xe máy; kiểm tra xe trước khi nhận giá tốt nhất,commercial-informational,Kiểm Tra xe Trước Khi Nhận Giá Tốt Nhất,kiem-tra-xe-truoc-khi-nhan-gia-tot-nhat,blog/thue-xe/kiem-tra-xe-truoc-khi-nhan-gia-tot-nhat/index.html,blog/thue-xe/,,no,no-external,blog/thue-xe/; /,none,yes,MotoAI Editorial,,,0,,,
BA-1956,B40,LOCAL,PLANNED,bảo tàng hà nội hành trình trong ngày,Địa phương / du lịch; bảo tàng hà nội hành trình trong ngày,local-informational,Bảo Tàng hà Nội Hành Trình Trong Ngày,bao-tang-ha-noi-hanh-trinh-trong-ngay,blog/dia-phuong/bao-tang-ha-noi-hanh-trinh-trong-ngay/index.html,blog/dia-phuong/,hà Nội,no,no-external,blog/dia-phuong/; /,none,yes,MotoAI Editorial,,,0,,,
BA-1957,B40,RENT,PLANNED,điều kiện thuê xe máy ở hà nội giá tốt nhất,Thuê xe máy; điều kiện thuê xe máy ở hà nội giá tốt nhất,commercial-informational,Điều Kiện Thuê xe Máy ở hà Nội Giá Tốt Nhất,dieu-kien-thue-xe-may-o-ha-noi-gia-tot-nhat,blog/thue-xe/dieu-kien-thue-xe-may-o-ha-noi-gia-tot-nhat/index.html,blog/thue-xe/,,no,no-external,blog/thue-xe/; /,none,yes,MotoAI Editorial,,,0,,,
BA-1958,B40,LOCAL,PLANNED,phố sách hà nội trong ngày,Địa phương / du lịch; phố sách hà nội trong ngày,local-informational,Phố Sách hà Nội Trong Ngày,pho-sach-ha-noi-trong-ngay,blog/dia-phuong/pho-sach-ha-noi-trong-ngay/index.html,blog/dia-phuong/,hà Nội,no,no-external,blog/dia-phuong/; /,none,yes,MotoAI Editorial,,,0,,,
BA-1959,B40,RENT,PLANNED,thuê xe không bằng lái được không giá tốt nhất,Thuê xe máy; thuê xe không bằng lái được không giá tốt nhất,commercial-informational,Thuê xe Không Bằng Lái Được Không Giá Tốt Nhất,thue-xe-khong-bang-lai-duoc-khong-gia-tot-nhat,blog/thue-xe/thue-xe-khong-bang-lai-duoc-khong-gia-tot-nhat/index.html,blog/thue-xe/,,no,no-external,blog/thue-xe/; /,none,yes,MotoAI Editorial,,,0,,,
BA-1960,B40,LOCAL,PLANNED,nhà thờ lớn hà nội trong ngày,Địa phương / du lịch; nhà thờ lớn hà nội trong ngày,local-informational,Nhà Thờ Lớn hà Nội Trong Ngày,nha-tho-lon-ha-noi-trong-ngay,blog/dia-phuong/nha-tho-lon-ha-noi-trong-ngay/index.html,blog/dia-phuong/,hà Nội,no,no-external,blog/dia-phuong/; /,none,yes,MotoAI Editorial,,,0,,,
BA-1961,B40,RENT,PLANNED,bằng lái a1 và thuê xe máy giá tốt nhất,Thuê xe máy; bằng lái a1 và thuê xe máy giá tốt nhất,commercial-informational,Bằng Lái a1 và Thuê xe Máy Giá Tốt Nhất,bang-lai-a1-va-thue-xe-may-gia-tot-nhat,blog/thue-xe/bang-lai-a1-va-thue-xe-may-gia-tot-nhat/index.html,blog/thue-xe/,,no,no-external,blog/thue-xe/; /,none,yes,MotoAI Editorial,,,0,,,
BA-1962,B40,LOCAL,PLANNED,làng gốm bát tràng trong ngày,Địa phương / du lịch; làng gốm bát tràng trong ngày,local-informational,Làng Gốm Bát Tràng Trong Ngày,lang-gom-bat-trang-trong-ngay,blog/dia-phuong/lang-gom-bat-trang-trong-ngay/index.html,blog/dia-phuong/,Hà Nội (khu vực),no,no-external,blog/dia-phuong/; /,none,yes,MotoAI Editorial,,,0,,,
BA-1963,B40,RENT,PLANNED,người nước ngoài thuê xe máy việt nam giá tốt nhất,Thuê xe máy; người nước ngoài thuê xe máy việt nam giá tốt nhất,commercial-informational,Người Nước Ngoài Thuê xe Máy Việt Nam Giá Tốt Nhất,nguoi-nuoc-ngoai-thue-xe-may-viet-nam-gia-tot-nhat,blog/thue-xe/nguoi-nuoc-ngoai-thue-xe-may-viet-nam-gia-tot-nhat/index.html,blog/thue-xe/,,no,no-external,blog/thue-xe/; /,none,yes,MotoAI Editorial,,,0,,,
BA-1964,B40,LOCAL,PLANNED,bát tràng gốm xe máy trong ngày,Địa phương / du lịch; bát tràng gốm xe máy trong ngày,local-informational,Bát Tràng Gốm xe Máy Trong Ngày,bat-trang-gom-xe-may-trong-ngay,blog/dia-phuong/bat-trang-gom-xe-may-trong-ngay/index.html,blog/dia-phuong/,Hà Nội (khu vực),no,no-external,blog/dia-phuong/; /,none,yes,MotoAI Editorial,,,0,,,
BA-1965,B40,RENT,PLANNED,khách du lịch thuê xe máy giá tốt nhất,Thuê xe máy; khách du lịch thuê xe máy giá tốt nhất,commercial-informational,Khách du Lịch Thuê xe Máy Giá Tốt Nhất,khach-du-lich-thue-xe-may-gia-tot-nhat,blog/thue-xe/khach-du-lich-thue-xe-may-gia-tot-nhat/index.html,blog/thue-xe/,,no,no-external,blog/thue-xe/; /,none,yes,MotoAI Editorial,,,0,,,
BA-1966,B40,LOCAL,PLANNED,đường đồng by bike trong ngày,Địa phương / du lịch; đường đồng by bike trong ngày,local-informational,Đường Đồng by Bike Trong Ngày,duong-dong-by-bike-trong-ngay,blog/dia-phuong/duong-dong-by-bike-trong-ngay/index.html,blog/dia-phuong/,Hà Nội (khu vực),no,no-external,blog/dia-phuong/; /,none,yes,MotoAI Editorial,,,0,,,
BA-1967,B40,RENT,PLANNED,thuê xe cho người cao tuổi giá tốt nhất,Thuê xe máy; thuê xe cho người cao tuổi giá tốt nhất,commercial-informational,Thuê xe Cho Người Cao Tuổi Giá Tốt Nhất,thue-xe-cho-nguoi-cao-tuoi-gia-tot-nhat,blog/thue-xe/thue-xe-cho-nguoi-cao-tuoi-gia-tot-nhat/index.html,blog/thue-xe/,,no,no-external,blog/thue-xe/; /,none,yes,MotoAI Editorial,,,0,,,
BA-1968,B40,LOCAL,PLANNED,văn giang ev and bikes trong ngày,Địa phương / du lịch; văn giang ev and bikes trong ngày,local-informational,Văn Giang ev And Bikes Trong Ngày,van-giang-ev-and-bikes-trong-ngay,blog/dia-phuong/van-giang-ev-and-bikes-trong-ngay/index.html,blog/dia-phuong/,Hà Nội (khu vực),no,no-external,blog/dia-phuong/; /,none,yes,MotoAI Editorial,,,0,,,
BA-1969,B40,RENT,PLANNED,thuê xe hai người giá tốt nhất,Thuê xe máy; thuê xe hai người giá tốt nhất,commercial-informational,Thuê xe Hai Người Giá Tốt Nhất,thue-xe-hai-nguoi-gia-tot-nhat,blog/thue-xe/thue-xe-hai-nguoi-gia-tot-nhat/index.html,blog/thue-xe/,,no,no-external,blog/thue-xe/; /,none,yes,MotoAI Editorial,,,0,,,
BA-1970,B40,LOCAL,PLANNED,chùa và Hà Nội trong ngày,Địa phương / du lịch; chùa và Hà Nội trong ngày,local-informational,Chùa và Hà Nội Trong Ngày,chua-va-ha-noi-trong-ngay,blog/dia-phuong/chua-va-ha-noi-trong-ngay/index.html,blog/dia-phuong/,Hà Nội (khu vực),no,no-external,blog/dia-phuong/; /,none,yes,MotoAI Editorial,,,0,,,
BA-1971,B40,RENT,PLANNED,chở người thân trên xe thuê giá tốt nhất,Thuê xe máy; chở người thân trên xe thuê giá tốt nhất,commercial-informational,Chở Người Thân Trên xe Thuê Giá Tốt Nhất,cho-nguoi-than-tren-xe-thue-gia-tot-nhat,blog/thue-xe/cho-nguoi-than-tren-xe-thue-gia-tot-nhat/index.html,blog/thue-xe/,,no,no-external,blog/thue-xe/; /,none,yes,MotoAI Editorial,,,0,,,
BA-1972,B40,LOCAL,PLANNED,đền nguyễn cần bằng xe trong ngày,Địa phương / du lịch; đền nguyễn cần bằng xe trong ngày,local-informational,Đền Nguyễn Cần Bằng xe Trong Ngày,den-nguyen-can-bang-xe-trong-ngay,blog/dia-phuong/den-nguyen-can-bang-xe-trong-ngay/index.html,blog/dia-phuong/,Hà Nội (khu vực),no,no-external,blog/dia-phuong/; /,none,yes,MotoAI Editorial,,,0,,,
BA-1973,B40,RENT,PLANNED,đi phố cổ bằng xe máy thuê giá tốt nhất,Thuê xe máy; đi phố cổ bằng xe máy thuê giá tốt nhất,commercial-informational,đi Phố cổ Bằng xe Máy Thuê Giá Tốt Nhất,di-pho-co-bang-xe-may-thue-gia-tot-nhat,blog/thue-xe/di-pho-co-bang-xe-may-thue-gia-tot-nhat/index.html,blog/thue-xe/,,no,no-external,blog/thue-xe/; /,none,yes,MotoAI Editorial,,,0,,,
BA-1974,B40,LOCAL,PLANNED,quảng đi long biên view trong ngày,Địa phương / du lịch; quảng đi long biên view trong ngày,local-informational,Quảng đi Long Biên View Trong Ngày,quang-di-long-bien-view-trong-ngay,blog/dia-phuong/quang-di-long-bien-view-trong-ngay/index.html,blog/dia-phuong/,Long Biên,no,no-external,blog/dia-phuong/; /,none,yes,MotoAI Editorial,,,0,,,
BA-1975,B40,RENT,PLANNED,thuê xe dài ngày giá tốt giá tốt nhất,Thuê xe máy; thuê xe dài ngày giá tốt giá tốt nhất,commercial-informational,Thuê xe Dài Ngày Giá Tốt Giá Tốt Nhất,thue-xe-dai-ngay-gia-tot-gia-tot-nhat,blog/thue-xe/thue-xe-dai-ngay-gia-tot-gia-tot-nhat/index.html,blog/thue-xe/,,no,no-external,blog/thue-xe/; /,none,yes,MotoAI Editorial,,,0,,,
BA-1976,B40,LOCAL,PLANNED,hoàng hôn hồ tây trong ngày,Địa phương / du lịch; hoàng hôn hồ tây trong ngày,local-informational,Hoàng Hôn hồ Tây Trong Ngày,hoang-hon-ho-tay-trong-ngay,blog/dia-phuong/hoang-hon-ho-tay-trong-ngay/index.html,blog/dia-phuong/,hồ Tây,no,no-external,blog/dia-phuong/; /,none,yes,MotoAI Editorial,,,0,,,
BA-1977,B40,RENT,PLANNED,ưu đãi thuê xe dài hạn giá tốt nhất,Thuê xe máy; ưu đãi thuê xe dài hạn giá tốt nhất,commercial-informational,ưu Đãi Thuê xe Dài Hạn Giá Tốt Nhất,uu-dai-thue-xe-dai-han-gia-tot-nhat,blog/thue-xe/uu-dai-thue-xe-dai-han-gia-tot-nhat/index.html,blog/thue-xe/,,no,no-external,blog/thue-xe/; /,none,yes,MotoAI Editorial,,,0,,,
BA-1978,B40,LOCAL,PLANNED,chạy buổi sáng hồ gươm trong ngày,Địa phương / du lịch; chạy buổi sáng hồ gươm trong ngày,local-informational,Chạy Buổi Sáng hồ Gươm Trong Ngày,chay-buoi-sang-ho-guom-trong-ngay,blog/dia-phuong/chay-buoi-sang-ho-guom-trong-ngay/index.html,blog/dia-phuong/,Hà Nội (khu vực),no,no-external,blog/dia-phuong/; /,none,yes,MotoAI Editorial,,,0,,,
BA-1979,B40,RENT,PLANNED,mùa cao điểm thuê xe máy giá tốt nhất,Thuê xe máy; mùa cao điểm thuê xe máy giá tốt nhất,commercial-informational,Mùa Cao Điểm Thuê xe Máy Giá Tốt Nhất,mua-cao-diem-thue-xe-may-gia-tot-nhat,blog/thue-xe/mua-cao-diem-thue-xe-may-gia-tot-nhat/index.html,blog/thue-xe/,,no,no-external,blog/thue-xe/; /,none,yes,MotoAI Editorial,,,0,,,
BA-1980,B40,LOCAL,PLANNED,cà phê phố cổ trong ngày,Địa phương / du lịch; cà phê phố cổ trong ngày,local-informational,cà Phê Phố cổ Trong Ngày,ca-phe-pho-co-trong-ngay,blog/dia-phuong/ca-phe-pho-co-trong-ngay/index.html,blog/dia-phuong/,Phố cổ,no,no-external,blog/dia-phuong/; /,none,yes,MotoAI Editorial,,,0,,,
BA-1981,B40,RENT,PLANNED,đặt xe trước hay đến trực tiếp giá tốt nhất,Thuê xe máy; đặt xe trước hay đến trực tiếp giá tốt nhất,commercial-informational,Đặt xe Trước Hay Đến Trực Tiếp Giá Tốt Nhất,dat-xe-truoc-hay-den-truc-tiep-gia-tot-nhat,blog/thue-xe/dat-xe-truoc-hay-den-truc-tiep-gia-tot-nhat/index.html,blog/thue-xe/,,no,no-external,blog/thue-xe/; /,none,yes,MotoAI Editorial,,,0,,,
BA-1982,B40,LOCAL,PLANNED,cà phê trứng và xe máy trong ngày,Địa phương / du lịch; cà phê trứng và xe máy trong ngày,local-informational,cà Phê Trứng và xe Máy Trong Ngày,ca-phe-trung-va-xe-may-trong-ngay,blog/dia-phuong/ca-phe-trung-va-xe-may-trong-ngay/index.html,blog/dia-phuong/,Hà Nội (khu vực),no,no-external,blog/dia-phuong/; /,none,yes,MotoAI Editorial,,,0,,,
BA-1983,B40,RENT,PLANNED,liên hệ đặt xe nhanh giá tốt nhất,Thuê xe máy; liên hệ đặt xe nhanh giá tốt nhất,commercial-informational,Liên hệ Đặt xe Nhanh Giá Tốt Nhất,lien-he-dat-xe-nhanh-gia-tot-nhat,blog/thue-xe/lien-he-dat-xe-nhanh-gia-tot-nhat/index.html,blog/thue-xe/,,no,no-external,blog/thue-xe/; /,none,yes,MotoAI Editorial,,,0,,,
BA-1984,B40,LOCAL,PLANNED,bánh cuốn và hành trình trong ngày,Địa phương / du lịch; bánh cuốn và hành trình trong ngày,local-informational,Bánh Cuốn và Hành Trình Trong Ngày,banh-cuon-va-hanh-trinh-trong-ngay,blog/dia-phuong/banh-cuon-va-hanh-trinh-trong-ngay/index.html,blog/dia-phuong/,Hà Nội (khu vực),no,no-external,blog/dia-phuong/; /,none,yes,MotoAI Editorial,,,0,,,
BA-1985,B40,RENT,PLANNED,xác nhận giá trước khi đặt giá tốt nhất,Thuê xe máy; xác nhận giá trước khi đặt giá tốt nhất,commercial-informational,Xác Nhận Giá Trước Khi Đặt Giá Tốt Nhất,xac-nhan-gia-truoc-khi-dat-gia-tot-nhat,blog/thue-xe/xac-nhan-gia-truoc-khi-dat-gia-tot-nhat/index.html,blog/thue-xe/,,no,no-external,blog/thue-xe/; /,none,yes,MotoAI Editorial,,,0,,,
BA-1986,B40,LOCAL,PLANNED,phở bò và hành trình sáng trong ngày,Địa phương / du lịch; phở bò và hành trình sáng trong ngày,local-informational,Phở bò và Hành Trình Sáng Trong Ngày,pho-bo-va-hanh-trinh-sang-trong-ngay,blog/dia-phuong/pho-bo-va-hanh-trinh-sang-trong-ngay/index.html,blog/dia-phuong/,Hà Nội (khu vực),no,no-external,blog/dia-phuong/; /,none,yes,MotoAI Editorial,,,0,,,
BA-1987,B40,RENT,PLANNED,xe thuê có bảo hiểm không giá tốt nhất,Thuê xe máy; xe thuê có bảo hiểm không giá tốt nhất,commercial-informational,xe Thuê có Bảo Hiểm Không Giá Tốt Nhất,xe-thue-co-bao-hiem-khong-gia-tot-nhat,blog/thue-xe/xe-thue-co-bao-hiem-khong-gia-tot-nhat/index.html,blog/thue-xe/,,no,no-external,blog/thue-xe/; /,none,yes,MotoAI Editorial,,,0,,,
BA-1988,B40,LOCAL,PLANNED,chợ hoa quận tám trong ngày,Địa phương / du lịch; chợ hoa quận tám trong ngày,local-informational,Chợ Hoa Quận Tám Trong Ngày,cho-hoa-quan-tam-trong-ngay,blog/dia-phuong/cho-hoa-quan-tam-trong-ngay/index.html,blog/dia-phuong/,Hà Nội (khu vực),no,no-external,blog/dia-phuong/; /,none,yes,MotoAI Editorial,,,0,,,
BA-1989,B40,RENT,PLANNED,hỏng xe giữa đường khi thuê giá tốt nhất,Thuê xe máy; hỏng xe giữa đường khi thuê giá tốt nhất,commercial-informational,Hỏng xe Giữa Đường Khi Thuê Giá Tốt Nhất,hong-xe-giua-duong-khi-thue-gia-tot-nhat,blog/thue-xe/hong-xe-giua-duong-khi-thue-gia-tot-nhat/index.html,blog/thue-xe/,,no,no-external,blog/thue-xe/; /,none,yes,MotoAI Editorial,,,0,,,
BA-1990,B40,LOCAL,PLANNED,chùa một cột hà nội trong ngày,Địa phương / du lịch; chùa một cột hà nội trong ngày,local-informational,Chùa Một Cột hà Nội Trong Ngày,chua-mot-cot-ha-noi-trong-ngay,blog/dia-phuong/chua-mot-cot-ha-noi-trong-ngay/index.html,blog/dia-phuong/,hà Nội,no,no-external,blog/dia-phuong/; /,none,yes,MotoAI Editorial,,,0,,,
BA-1991,B40,RENT,PLANNED,hỗ trợ khi xe thuê gặp sự cố giá tốt nhất,Thuê xe máy; hỗ trợ khi xe thuê gặp sự cố giá tốt nhất,commercial-informational,hỗ Trợ Khi xe Thuê Gặp sự cố Giá Tốt Nhất,ho-tro-khi-xe-thue-gap-su-co-gia-tot-nhat,blog/thue-xe/ho-tro-khi-xe-thue-gap-su-co-gia-tot-nhat/index.html,blog/thue-xe/,,no,no-external,blog/thue-xe/; /,none,yes,MotoAI Editorial,,,0,,,
BA-1992,B40,LOCAL,PLANNED,cầu nhật tân hoàng hôn trong ngày,Địa phương / du lịch; cầu nhật tân hoàng hôn trong ngày,local-informational,Cầu Nhật Tân Hoàng Hôn Trong Ngày,cau-nhat-tan-hoang-hon-trong-ngay,blog/dia-phuong/cau-nhat-tan-hoang-hon-trong-ngay/index.html,blog/dia-phuong/,Hà Nội (khu vực),no,no-external,blog/dia-phuong/; /,none,yes,MotoAI Editorial,,,0,,,
BA-1993,B40,RENT,PLANNED,thuê xe giao tận nơi giá tốt nhất,Thuê xe máy; thuê xe giao tận nơi giá tốt nhất,commercial-informational,Thuê xe Giao Tận Nơi Giá Tốt Nhất,thue-xe-giao-tan-noi-gia-tot-nhat,blog/thue-xe/thue-xe-giao-tan-noi-gia-tot-nhat/index.html,blog/thue-xe/,,no,no-external,blog/thue-xe/; /,none,yes,MotoAI Editorial,,,0,,,
BA-1994,B40,LOCAL,PLANNED,đường 5 và ngoại ô trong ngày,Địa phương / du lịch; đường 5 và ngoại ô trong ngày,local-informational,Đường 5 và Ngoại ô Trong Ngày,duong-5-va-ngoai-o-trong-ngay,blog/dia-phuong/duong-5-va-ngoai-o-trong-ngay/index.html,blog/dia-phuong/,Hà Nội (khu vực),no,no-external,blog/dia-phuong/; /,none,yes,MotoAI Editorial,,,0,,,
BA-1995,B40,RENT,PLANNED,phí giao xe thuê giá tốt nhất,Thuê xe máy; phí giao xe thuê giá tốt nhất,commercial-informational,Phí Giao xe Thuê Giá Tốt Nhất,phi-giao-xe-thue-gia-tot-nhat,blog/thue-xe/phi-giao-xe-thue-gia-tot-nhat/index.html,blog/thue-xe/,,no,no-external,blog/thue-xe/; /,none,yes,MotoAI Editorial,,,0,,,
BA-1996,B40,LOCAL,PLANNED,soc son và co loa trong ngày,Địa phương / du lịch; soc son và co loa trong ngày,local-informational,Soc Son và co Loa Trong Ngày,soc-son-va-co-loa-trong-ngay,blog/dia-phuong/soc-son-va-co-loa-trong-ngay/index.html,blog/dia-phuong/,Hà Nội (khu vực),no,no-external,blog/dia-phuong/; /,none,yes,MotoAI Editorial,,,0,,,
BA-1997,B40,RENT,PLANNED,thuê xe ở ga tàu sân bay giá tốt nhất,Thuê xe máy; thuê xe ở ga tàu sân bay giá tốt nhất,commercial-informational,Thuê xe ở ga Tàu Sân Bay Giá Tốt Nhất,thue-xe-o-ga-tau-san-bay-gia-tot-nhat,blog/thue-xe/thue-xe-o-ga-tau-san-bay-gia-tot-nhat/index.html,blog/thue-xe/,,no,no-external,blog/thue-xe/; /,none,yes,MotoAI Editorial,,,0,,,
BA-1998,B40,LOCAL,PLANNED,ba vì cuối tuần trong ngày,Địa phương / du lịch; ba vì cuối tuần trong ngày,local-informational,ba vì Cuối Tuần Trong Ngày,ba-vi-cuoi-tuan-trong-ngay,blog/dia-phuong/ba-vi-cuoi-tuan-trong-ngay/index.html,blog/dia-phuong/,Hà Nội (khu vực),no,no-external,blog/dia-phuong/; /,none,yes,MotoAI Editorial,,,0,,,
BA-1999,B40,RENT,PLANNED,so sánh thuê xe máy và taxi giá tốt nhất,Thuê xe máy; so sánh thuê xe máy và taxi giá tốt nhất,commercial-informational,so Sánh Thuê xe Máy và Taxi Giá Tốt Nhất,so-sanh-thue-xe-may-va-taxi-gia-tot-nhat,blog/thue-xe/so-sanh-thue-xe-may-va-taxi-gia-tot-nhat/index.html,blog/thue-xe/,,no,no-external,blog/thue-xe/; /,none,yes,MotoAI Editorial,,,0,,,
BA-2000,B40,LOCAL,PLANNED,thạch thất và sơn tây trong ngày,Địa phương / du lịch; thạch thất và sơn tây trong ngày,local-informational,Thạch Thất và Sơn Tây Trong Ngày,thach-that-va-son-tay-trong-ngay,blog/dia-phuong/thach-that-va-son-tay-trong-ngay/index.html,blog/dia-phuong/,Hà Nội (khu vực),no,no-external,blog/dia-phuong/; /,none,yes,MotoAI Editorial,,,0,,,
